{
"type": "FeatureCollection",
"name": "lahore_locality_points",
"crs": { "type": "name", "properties": { "name": "urn:ogc:def:crs:OGC:1.3:CRS84" } },
"features": [
{ "type": "Feature", "properties": { "name": "Ada Plat", "name_all": "Ada Plat", "dup_count": 1, "source": null }, "geometry": { "type": "Point", "coordinates": [ 74.23373, 31.36216 ] } },
{ "type": "Feature", "properties": { "name": "Ahata Thanadar", "name_all": "Ahata Thanadar", "dup_count": 1, "source": null }, "geometry": { "type": "Point", "coordinates": [ 74.33333, 31.58889 ] } },
{ "type": "Feature", "properties": { "name": "Ahluwala", "name_all": "Ahluwala", "dup_count": 1, "source": null }, "geometry": { "type": "Point", "coordinates": [ 74.40541, 31.38356 ] } },
{ "type": "Feature", "properties": { "name": "Ali Razaabad", "name_all": "Ali Razaabad", "dup_count": 1, "source": null }, "geometry": { "type": "Point", "coordinates": [ 74.2335, 31.43264 ] } },
{ "type": "Feature", "properties": { "name": "Aligarh", "name_all": "Aligarh", "dup_count": 1, "source": null }, "geometry": { "type": "Point", "coordinates": [ 74.24676, 31.45061 ] } },
{ "type": "Feature", "properties": { "name": "Alipur", "name_all": "Alipur", "dup_count": 1, "source": null }, "geometry": { "type": "Point", "coordinates": [ 74.24139, 31.43889 ] } },
{ "type": "Feature", "properties": { "name": "Aminpura", "name_all": "Aminpura", "dup_count": 1, "source": null }, "geometry": { "type": "Point", "coordinates": [ 74.22537, 31.28629 ] } },
{ "type": "Feature", "properties": { "name": "Amir Kot", "name_all": "Amir Kot", "dup_count": 1, "source": null }, "geometry": { "type": "Point", "coordinates": [ 74.2232, 31.45882 ] } },
{ "type": "Feature", "properties": { "name": "Amirpura", "name_all": "Amirpura", "dup_count": 1, "source": null }, "geometry": { "type": "Point", "coordinates": [ 74.22921, 31.42524 ] } },
{ "type": "Feature", "properties": { "name": "Amirpura", "name_all": "Amirpura", "dup_count": 1, "source": null }, "geometry": { "type": "Point", "coordinates": [ 74.24762, 31.40676 ] } },
{ "type": "Feature", "properties": { "name": "Ankhpura", "name_all": "Ankhpura", "dup_count": 1, "source": null }, "geometry": { "type": "Point", "coordinates": [ 74.25194, 31.53694 ] } },
{ "type": "Feature", "properties": { "name": "Ano Bhatti", "name_all": "Ano Bhatti", "dup_count": 1, "source": null }, "geometry": { "type": "Point", "coordinates": [ 74.37791, 31.64429 ] } },
{ "type": "Feature", "properties": { "name": "Aqilpura", "name_all": "Aqilpura", "dup_count": 1, "source": null }, "geometry": { "type": "Point", "coordinates": [ 74.28417, 31.52917 ] } },
{ "type": "Feature", "properties": { "name": "Asal", "name_all": "Asal", "dup_count": 1, "source": null }, "geometry": { "type": "Point", "coordinates": [ 74.20555, 31.35652 ] } },
{ "type": "Feature", "properties": { "name": "Asal Guruke", "name_all": "Asal Guruke", "dup_count": 1, "source": null }, "geometry": { "type": "Point", "coordinates": [ 74.53671, 31.39431 ] } },
{ "type": "Feature", "properties": { "name": "Asal Sulaiman", "name_all": "Asal Sulaiman", "dup_count": 1, "source": null }, "geometry": { "type": "Point", "coordinates": [ 74.35611, 31.32024 ] } },
{ "type": "Feature", "properties": { "name": "Atto Asal", "name_all": "Atto Asal", "dup_count": 1, "source": null }, "geometry": { "type": "Point", "coordinates": [ 74.40327, 31.30839 ] } },
{ "type": "Feature", "properties": { "name": "Awan Dhaewala", "name_all": "Awan Dhaewala", "dup_count": 1, "source": null }, "geometry": { "type": "Point", "coordinates": [ 74.46246, 31.64758 ] } },
{ "type": "Feature", "properties": { "name": "Awan Town", "name_all": "Awan Town", "dup_count": 1, "source": null }, "geometry": { "type": "Point", "coordinates": [ 74.29831, 31.41513 ] } },
{ "type": "Feature", "properties": { "name": "Azimabad", "name_all": "Azimabad", "dup_count": 1, "source": null }, "geometry": { "type": "Point", "coordinates": [ 74.22778, 31.45571 ] } },
{ "type": "Feature", "properties": { "name": "Baba Shah Din", "name_all": "Baba Shah Din", "dup_count": 1, "source": null }, "geometry": { "type": "Point", "coordinates": [ 74.4167, 31.4216 ] } },
{ "type": "Feature", "properties": { "name": "Baddoki", "name_all": "Baddoki", "dup_count": 1, "source": null }, "geometry": { "type": "Point", "coordinates": [ 74.37157, 31.31785 ] } },
{ "type": "Feature", "properties": { "name": "Badduki", "name_all": "Badduki", "dup_count": 1, "source": null }, "geometry": { "type": "Point", "coordinates": [ 74.18282, 31.32411 ] } },
{ "type": "Feature", "properties": { "name": "Bagarian", "name_all": "Bagarian", "dup_count": 1, "source": null }, "geometry": { "type": "Point", "coordinates": [ 74.44248, 31.58805 ] } },
{ "type": "Feature", "properties": { "name": "Bagrian", "name_all": "Bagrian", "dup_count": 1, "source": null }, "geometry": { "type": "Point", "coordinates": [ 74.29404, 31.42251 ] } },
{ "type": "Feature", "properties": { "name": "Bagrian Dharam Chand", "name_all": "Bagrian Dharam Chand", "dup_count": 1, "source": null }, "geometry": { "type": "Point", "coordinates": [ 74.2935, 31.425 ] } },
{ "type": "Feature", "properties": { "name": "Bakhewal", "name_all": "Bakhewal", "dup_count": 1, "source": null }, "geometry": { "type": "Point", "coordinates": [ 74.20785, 31.36205 ] } },
{ "type": "Feature", "properties": { "name": "Bakhshishpura", "name_all": "Bakhshishpura", "dup_count": 1, "source": null }, "geometry": { "type": "Point", "coordinates": [ 74.41108, 31.46583 ] } },
{ "type": "Feature", "properties": { "name": "Balhar", "name_all": "Balhar", "dup_count": 1, "source": null }, "geometry": { "type": "Point", "coordinates": [ 74.39656, 31.41062 ] } },
{ "type": "Feature", "properties": { "name": "Baradari", "name_all": "Baradari", "dup_count": 1, "source": null }, "geometry": { "type": "Point", "coordinates": [ 74.57725, 31.55911 ] } },
{ "type": "Feature", "properties": { "name": "Barka Kalan", "name_all": "Barka Kalan", "dup_count": 1, "source": null }, "geometry": { "type": "Point", "coordinates": [ 74.52707, 31.46346 ] } },
{ "type": "Feature", "properties": { "name": "Barki", "name_all": "Barki", "dup_count": 1, "source": null }, "geometry": { "type": "Point", "coordinates": [ 74.51314, 31.47856 ] } },
{ "type": "Feature", "properties": { "name": "Basti Gujranwala", "name_all": "Basti Gujranwala", "dup_count": 1, "source": null }, "geometry": { "type": "Point", "coordinates": [ 74.42285, 31.64079 ] } },
{ "type": "Feature", "properties": { "name": "Basti Habibabad", "name_all": "Basti Habibabad", "dup_count": 1, "source": null }, "geometry": { "type": "Point", "coordinates": [ 74.47987, 31.5244 ] } },
{ "type": "Feature", "properties": { "name": "Basti Hayat Shah", "name_all": "Basti Hayat Shah", "dup_count": 1, "source": null }, "geometry": { "type": "Point", "coordinates": [ 74.46281, 31.66083 ] } },
{ "type": "Feature", "properties": { "name": "Basti Islamabad", "name_all": "Basti Islamabad", "dup_count": 1, "source": null }, "geometry": { "type": "Point", "coordinates": [ 74.43409, 31.62386 ] } },
{ "type": "Feature", "properties": { "name": "Basti Jaswali", "name_all": "Basti Jaswali", "dup_count": 1, "source": null }, "geometry": { "type": "Point", "coordinates": [ 74.25607, 31.58425 ] } },
{ "type": "Feature", "properties": { "name": "Basti Mewani", "name_all": "Basti Mewani", "dup_count": 1, "source": null }, "geometry": { "type": "Point", "coordinates": [ 74.48748, 31.62931 ] } },
{ "type": "Feature", "properties": { "name": "Basti Pir Mandiala", "name_all": "Basti Pir Mandiala", "dup_count": 1, "source": null }, "geometry": { "type": "Point", "coordinates": [ 74.49198, 31.65339 ] } },
{ "type": "Feature", "properties": { "name": "Basti Rajputan", "name_all": "Basti Rajputan", "dup_count": 1, "source": null }, "geometry": { "type": "Point", "coordinates": [ 74.41281, 31.37518 ] } },
{ "type": "Feature", "properties": { "name": "Basti Sain Sindhi", "name_all": "Basti Sain Sindhi", "dup_count": 1, "source": null }, "geometry": { "type": "Point", "coordinates": [ 74.18841, 31.42519 ] } },
{ "type": "Feature", "properties": { "name": "Basti Shafi", "name_all": "Basti Shafi", "dup_count": 1, "source": null }, "geometry": { "type": "Point", "coordinates": [ 74.46554, 31.48095 ] } },
{ "type": "Feature", "properties": { "name": "Bath", "name_all": "Bath", "dup_count": 1, "source": null }, "geometry": { "type": "Point", "coordinates": [ 74.08512, 31.33277 ] } },
{ "type": "Feature", "properties": { "name": "Bhadru", "name_all": "Bhadru", "dup_count": 1, "source": null }, "geometry": { "type": "Point", "coordinates": [ 74.25306, 31.545 ] } },
{ "type": "Feature", "properties": { "name": "Bhagwal Nawan", "name_all": "Bhagwal Nawan", "dup_count": 1, "source": null }, "geometry": { "type": "Point", "coordinates": [ 74.39306, 31.6 ] } },
{ "type": "Feature", "properties": { "name": "Bhagwanpura", "name_all": "Bhagwanpura", "dup_count": 1, "source": null }, "geometry": { "type": "Point", "coordinates": [ 74.46683, 31.56559 ] } },
{ "type": "Feature", "properties": { "name": "Bhai Kot", "name_all": "Bhai Kot", "dup_count": 1, "source": null }, "geometry": { "type": "Point", "coordinates": [ 74.18738, 31.29048 ] } },
{ "type": "Feature", "properties": { "name": "Bhaini Dhalwan", "name_all": "Bhaini Dhalwan", "dup_count": 1, "source": null }, "geometry": { "type": "Point", "coordinates": [ 74.47995, 31.67305 ] } },
{ "type": "Feature", "properties": { "name": "Bhaiwala", "name_all": "Bhaiwala", "dup_count": 1, "source": null }, "geometry": { "type": "Point", "coordinates": [ 74.49333, 31.48861 ] } },
{ "type": "Feature", "properties": { "name": "Bhalai Gul", "name_all": "Bhalai Gul", "dup_count": 1, "source": null }, "geometry": { "type": "Point", "coordinates": [ 74.1979, 31.37803 ] } },
{ "type": "Feature", "properties": { "name": "Bhangali", "name_all": "Bhangali", "dup_count": 1, "source": null }, "geometry": { "type": "Point", "coordinates": [ 74.47659, 31.48953 ] } },
{ "type": "Feature", "properties": { "name": "Bhano Chak", "name_all": "Bhano Chak", "dup_count": 1, "source": null }, "geometry": { "type": "Point", "coordinates": [ 74.57057, 31.59595 ] } },
{ "type": "Feature", "properties": { "name": "Bhasin", "name_all": "Bhasin", "dup_count": 1, "source": null }, "geometry": { "type": "Point", "coordinates": [ 74.5, 31.65 ] } },
{ "type": "Feature", "properties": { "name": "Bhasin", "name_all": "Bhasin", "dup_count": 1, "source": null }, "geometry": { "type": "Point", "coordinates": [ 74.50375, 31.63858 ] } },
{ "type": "Feature", "properties": { "name": "Bhatta", "name_all": "Bhatta", "dup_count": 1, "source": null }, "geometry": { "type": "Point", "coordinates": [ 74.52137, 31.58093 ] } },
{ "type": "Feature", "properties": { "name": "Bhdini Dhilwal", "name_all": "Bhdini Dhilwal", "dup_count": 1, "source": null }, "geometry": { "type": "Point", "coordinates": [ 74.48889, 31.675 ] } },
{ "type": "Feature", "properties": { "name": "Bhopattian", "name_all": "Bhopattian", "dup_count": 1, "source": null }, "geometry": { "type": "Point", "coordinates": [ 74.22703, 31.40238 ] } },
{ "type": "Feature", "properties": { "name": "Billanwala Khu", "name_all": "Billanwala Khu", "dup_count": 1, "source": null }, "geometry": { "type": "Point", "coordinates": [ 74.43331, 31.34964 ] } },
{ "type": "Feature", "properties": { "name": "Bodanpura", "name_all": "Bodanpura", "dup_count": 1, "source": null }, "geometry": { "type": "Point", "coordinates": [ 74.54761, 31.59114 ] } },
{ "type": "Feature", "properties": { "name": "Bohgan", "name_all": "Bohgan", "dup_count": 1, "source": null }, "geometry": { "type": "Point", "coordinates": [ 74.47084, 31.36774 ] } },
{ "type": "Feature", "properties": { "name": "Bokanwal", "name_all": "Bokanwal", "dup_count": 1, "source": null }, "geometry": { "type": "Point", "coordinates": [ 74.38267, 31.65632 ] } },
{ "type": "Feature", "properties": { "name": "Bolagarhi War", "name_all": "Bolagarhi War", "dup_count": 1, "source": null }, "geometry": { "type": "Point", "coordinates": [ 74.19778, 31.46806 ] } },
{ "type": "Feature", "properties": { "name": "Bole", "name_all": "Bole", "dup_count": 1, "source": null }, "geometry": { "type": "Point", "coordinates": [ 74.44648, 31.35626 ] } },
{ "type": "Feature", "properties": { "name": "Brahmanabad", "name_all": "Brahmanabad", "dup_count": 1, "source": null }, "geometry": { "type": "Point", "coordinates": [ 74.52615, 31.44643 ] } },
{ "type": "Feature", "properties": { "name": "Brahmanabad", "name_all": "Brahmanabad", "dup_count": 1, "source": null }, "geometry": { "type": "Point", "coordinates": [ 74.48079, 31.55086 ] } },
{ "type": "Feature", "properties": { "name": "Burj", "name_all": "Burj", "dup_count": 1, "source": null }, "geometry": { "type": "Point", "coordinates": [ 74.51617, 31.3895 ] } },
{ "type": "Feature", "properties": { "name": "Cantonment", "name_all": "Cantonment", "dup_count": 1, "source": null }, "geometry": { "type": "Point", "coordinates": [ 74.3764, 31.5239 ] } },
{ "type": "Feature", "properties": { "name": "Chah Hakimwala", "name_all": "Chah Hakimwala", "dup_count": 1, "source": null }, "geometry": { "type": "Point", "coordinates": [ 74.43186, 31.61375 ] } },
{ "type": "Feature", "properties": { "name": "Chahowali", "name_all": "Chahowali", "dup_count": 1, "source": null }, "geometry": { "type": "Point", "coordinates": [ 74.43528, 31.47407 ] } },
{ "type": "Feature", "properties": { "name": "Chak Buta", "name_all": "Chak Buta", "dup_count": 1, "source": null }, "geometry": { "type": "Point", "coordinates": [ 74.33181, 31.30524 ] } },
{ "type": "Feature", "properties": { "name": "Chak Dhira", "name_all": "Chak Dhira", "dup_count": 1, "source": null }, "geometry": { "type": "Point", "coordinates": [ 74.48146, 31.47526 ] } },
{ "type": "Feature", "properties": { "name": "Chak Subedar", "name_all": "Chak Subedar", "dup_count": 1, "source": null }, "geometry": { "type": "Point", "coordinates": [ 74.26751, 31.34847 ] } },
{ "type": "Feature", "properties": { "name": "Chamrupur", "name_all": "Chamrupur", "dup_count": 1, "source": null }, "geometry": { "type": "Point", "coordinates": [ 74.22944, 31.54694 ] } },
{ "type": "Feature", "properties": { "name": "Chamrupur", "name_all": "Chamrupur", "dup_count": 1, "source": null }, "geometry": { "type": "Point", "coordinates": [ 74.24444, 31.55417 ] } },
{ "type": "Feature", "properties": { "name": "Chand Khan da Dera", "name_all": "Chand Khan da Dera", "dup_count": 1, "source": null }, "geometry": { "type": "Point", "coordinates": [ 74.47146, 31.63558 ] } },
{ "type": "Feature", "properties": { "name": "Chand Rai", "name_all": "Chand Rai", "dup_count": 1, "source": null }, "geometry": { "type": "Point", "coordinates": [ 74.3331, 31.4311 ] } },
{ "type": "Feature", "properties": { "name": "Chandrai", "name_all": "Chandrai", "dup_count": 1, "source": null }, "geometry": { "type": "Point", "coordinates": [ 74.45545, 31.49396 ] } },
{ "type": "Feature", "properties": { "name": "Chanirupur", "name_all": "Chanirupur", "dup_count": 1, "source": null }, "geometry": { "type": "Point", "coordinates": [ 74.22916, 31.37522 ] } },
{ "type": "Feature", "properties": { "name": "Chauk Yadgar Asim Town", "name_all": "Chauk Yadgar Asim Town", "dup_count": 1, "source": null }, "geometry": { "type": "Point", "coordinates": [ 74.47774, 31.5911 ] } },
{ "type": "Feature", "properties": { "name": "Chetowall Haveli", "name_all": "Chetowall Haveli", "dup_count": 1, "source": null }, "geometry": { "type": "Point", "coordinates": [ 74.33377, 31.35848 ] } },
{ "type": "Feature", "properties": { "name": "Chhaner", "name_all": "Chhaner", "dup_count": 1, "source": null }, "geometry": { "type": "Point", "coordinates": [ 74.59141, 31.55608 ] } },
{ "type": "Feature", "properties": { "name": "Chhapa", "name_all": "Chhapa", "dup_count": 1, "source": null }, "geometry": { "type": "Point", "coordinates": [ 74.52845, 31.56257 ] } },
{ "type": "Feature", "properties": { "name": "Chhinkowindi", "name_all": "Chhinkowindi", "dup_count": 1, "source": null }, "geometry": { "type": "Point", "coordinates": [ 74.53876, 31.5033 ] } },
{ "type": "Feature", "properties": { "name": "Chorkot", "name_all": "Chorkot", "dup_count": 1, "source": null }, "geometry": { "type": "Point", "coordinates": [ 74.22806, 31.28583 ] } },
{ "type": "Feature", "properties": { "name": "Chung", "name_all": "Chung", "dup_count": 1, "source": null }, "geometry": { "type": "Point", "coordinates": [ 74.17373, 31.43139 ] } },
{ "type": "Feature", "properties": { "name": "Chya", "name_all": "Chya", "dup_count": 1, "source": null }, "geometry": { "type": "Point", "coordinates": [ 74.45333, 31.59611 ] } },
{ "type": "Feature", "properties": { "name": "Dagrai Khurb", "name_all": "Dagrai Khurb", "dup_count": 1, "source": null }, "geometry": { "type": "Point", "coordinates": [ 74.44578, 31.52821 ] } },
{ "type": "Feature", "properties": { "name": "Dalleke", "name_all": "Dalleke", "dup_count": 1, "source": null }, "geometry": { "type": "Point", "coordinates": [ 74.01667, 31.34694 ] } },
{ "type": "Feature", "properties": { "name": "Darbar Baba Basharat", "name_all": "Darbar Baba Basharat", "dup_count": 1, "source": null }, "geometry": { "type": "Point", "coordinates": [ 74.30151, 31.64711 ] } },
{ "type": "Feature", "properties": { "name": "Darbar Chiragh Shah", "name_all": "Darbar Chiragh Shah", "dup_count": 1, "source": null }, "geometry": { "type": "Point", "coordinates": [ 74.42845, 31.50413 ] } },
{ "type": "Feature", "properties": { "name": "Darbar Hassan Shahwali", "name_all": "Darbar Hassan Shahwali", "dup_count": 1, "source": null }, "geometry": { "type": "Point", "coordinates": [ 74.31029, 31.64521 ] } },
{ "type": "Feature", "properties": { "name": "Darswali", "name_all": "Darswali", "dup_count": 1, "source": null }, "geometry": { "type": "Point", "coordinates": [ 74.518, 31.59734 ] } },
{ "type": "Feature", "properties": { "name": "Darwaish Kot", "name_all": "Darwaish Kot", "dup_count": 1, "source": null }, "geometry": { "type": "Point", "coordinates": [ 74.16847, 31.34982 ] } },
{ "type": "Feature", "properties": { "name": "Davisabad", "name_all": "Davisabad", "dup_count": 1, "source": null }, "geometry": { "type": "Point", "coordinates": [ 74.32167, 31.50389 ] } },
{ "type": "Feature", "properties": { "name": "Deo Kalan", "name_all": "Deo Kalan", "dup_count": 1, "source": null }, "geometry": { "type": "Point", "coordinates": [ 74.41565, 31.42034 ] } },
{ "type": "Feature", "properties": { "name": "Deo Khurd", "name_all": "Deo Khurd", "dup_count": 1, "source": null }, "geometry": { "type": "Point", "coordinates": [ 74.41539, 31.40696 ] } },
{ "type": "Feature", "properties": { "name": "Deo Sani", "name_all": "Deo Sani", "dup_count": 1, "source": null }, "geometry": { "type": "Point", "coordinates": [ 74.59436, 31.47142 ] } },
{ "type": "Feature", "properties": { "name": "Dera Chahl", "name_all": "Dera Chahl", "dup_count": 1, "source": null }, "geometry": { "type": "Point", "coordinates": [ 74.47312, 31.44305 ] } },
{ "type": "Feature", "properties": { "name": "Dera Khokaran", "name_all": "Dera Khokaran", "dup_count": 1, "source": null }, "geometry": { "type": "Point", "coordinates": [ 74.09887, 31.42284 ] } },
{ "type": "Feature", "properties": { "name": "Dera Malik Din Muhammad Awan", "name_all": "Dera Malik Din Muhammad Awan", "dup_count": 1, "source": null }, "geometry": { "type": "Point", "coordinates": [ 74.49214, 31.67723 ] } },
{ "type": "Feature", "properties": { "name": "Dera Nawab Sahib", "name_all": "Dera Nawab Sahib", "dup_count": 1, "source": null }, "geometry": { "type": "Point", "coordinates": [ 74.39934, 31.6504 ] } },
{ "type": "Feature", "properties": { "name": "Dera Pathanan", "name_all": "Dera Pathanan", "dup_count": 1, "source": null }, "geometry": { "type": "Point", "coordinates": [ 74.26856, 31.34519 ] } },
{ "type": "Feature", "properties": { "name": "Devioura", "name_all": "Devioura", "dup_count": 1, "source": null }, "geometry": { "type": "Point", "coordinates": [ 74.39944, 31.59111 ] } },
{ "type": "Feature", "properties": { "name": "Dhalla", "name_all": "Dhalla", "dup_count": 1, "source": null }, "geometry": { "type": "Point", "coordinates": [ 74.44903, 31.39456 ] } },
{ "type": "Feature", "properties": { "name": "Dhalloke", "name_all": "Dhalloke", "dup_count": 1, "source": null }, "geometry": { "type": "Point", "coordinates": [ 74.42952, 31.36299 ] } },
{ "type": "Feature", "properties": { "name": "Dhauri", "name_all": "Dhauri", "dup_count": 1, "source": null }, "geometry": { "type": "Point", "coordinates": [ 74.49602, 31.54074 ] } },
{ "type": "Feature", "properties": { "name": "Dhaurwala", "name_all": "Dhaurwala", "dup_count": 1, "source": null }, "geometry": { "type": "Point", "coordinates": [ 74.48739, 31.52909 ] } },
{ "type": "Feature", "properties": { "name": "Dheri", "name_all": "Dheri", "dup_count": 1, "source": null }, "geometry": { "type": "Point", "coordinates": [ 74.32139, 31.41889 ] } },
{ "type": "Feature", "properties": { "name": "Dhilwan", "name_all": "Dhilwan", "dup_count": 1, "source": null }, "geometry": { "type": "Point", "coordinates": [ 74.56807, 31.47365 ] } },
{ "type": "Feature", "properties": { "name": "Dhirke", "name_all": "Dhirke", "dup_count": 1, "source": null }, "geometry": { "type": "Point", "coordinates": [ 74.55631, 31.48794 ] } },
{ "type": "Feature", "properties": { "name": "Dhokewali", "name_all": "Dhokewali", "dup_count": 1, "source": null }, "geometry": { "type": "Point", "coordinates": [ 74.13972, 31.33941 ] } },
{ "type": "Feature", "properties": { "name": "Dholanwa", "name_all": "Dholanwa", "dup_count": 1, "source": null }, "geometry": { "type": "Point", "coordinates": [ 74.27556, 31.52917 ] } },
{ "type": "Feature", "properties": { "name": "Dhund", "name_all": "Dhund", "dup_count": 1, "source": null }, "geometry": { "type": "Point", "coordinates": [ 74.25628, 31.28868 ] } },
{ "type": "Feature", "properties": { "name": "Dhupsari", "name_all": "Dhupsari", "dup_count": 1, "source": null }, "geometry": { "type": "Point", "coordinates": [ 74.14963, 31.33705 ] } },
{ "type": "Feature", "properties": { "name": "Dina Nath", "name_all": "Dina Nath", "dup_count": 1, "source": null }, "geometry": { "type": "Point", "coordinates": [ 74.22296, 31.46275 ] } },
{ "type": "Feature", "properties": { "name": "Doctoran da Dera", "name_all": "Doctoran da Dera", "dup_count": 1, "source": null }, "geometry": { "type": "Point", "coordinates": [ 74.39785, 31.64115 ] } },
{ "type": "Feature", "properties": { "name": "Dogaich", "name_all": "Dogaich", "dup_count": 1, "source": null }, "geometry": { "type": "Point", "coordinates": [ 74.50116, 31.62952 ] } },
{ "type": "Feature", "properties": { "name": "Dogarwala", "name_all": "Dogarwala", "dup_count": 1, "source": null }, "geometry": { "type": "Point", "coordinates": [ 74.48556, 31.55194 ] } },
{ "type": "Feature", "properties": { "name": "Dogdich", "name_all": "Dogdich", "dup_count": 1, "source": null }, "geometry": { "type": "Point", "coordinates": [ 74.50228, 31.63045 ] } },
{ "type": "Feature", "properties": { "name": "Dograi Kalan", "name_all": "Dograi Kalan", "dup_count": 1, "source": null }, "geometry": { "type": "Point", "coordinates": [ 74.49927, 31.59946 ] } },
{ "type": "Feature", "properties": { "name": "Ejaz Baig", "name_all": "Ejaz Baig", "dup_count": 1, "source": null }, "geometry": { "type": "Point", "coordinates": [ 74.23819, 31.48171 ] } },
{ "type": "Feature", "properties": { "name": "Fateh da Kot", "name_all": "Fateh da Kot", "dup_count": 1, "source": null }, "geometry": { "type": "Point", "coordinates": [ 74.20794, 31.36595 ] } },
{ "type": "Feature", "properties": { "name": "Fatehabad", "name_all": "Fatehabad", "dup_count": 1, "source": null }, "geometry": { "type": "Point", "coordinates": [ 74.22126, 31.42506 ] } },
{ "type": "Feature", "properties": { "name": "Fazalpura", "name_all": "Fazalpura", "dup_count": 1, "source": null }, "geometry": { "type": "Point", "coordinates": [ 74.20326, 31.43668 ] } },
{ "type": "Feature", "properties": { "name": "Gaga", "name_all": "Gaga", "dup_count": 1, "source": null }, "geometry": { "type": "Point", "coordinates": [ 74.5223, 31.43206 ] } },
{ "type": "Feature", "properties": { "name": "Gajju Matta", "name_all": "Gajju Matta", "dup_count": 1, "source": null }, "geometry": { "type": "Point", "coordinates": [ 74.3614, 31.39 ] } },
{ "type": "Feature", "properties": { "name": "Ganje Sandhu", "name_all": "Ganje Sandhu", "dup_count": 1, "source": null }, "geometry": { "type": "Point", "coordinates": [ 74.44779, 31.62452 ] } },
{ "type": "Feature", "properties": { "name": "Ganjewala", "name_all": "Ganjewala", "dup_count": 1, "source": null }, "geometry": { "type": "Point", "coordinates": [ 74.44586, 31.6314 ] } },
{ "type": "Feature", "properties": { "name": "Ghang Sharif", "name_all": "Ghang Sharif", "dup_count": 1, "source": null }, "geometry": { "type": "Point", "coordinates": [ 74.31923, 31.33009 ] } },
{ "type": "Feature", "properties": { "name": "Ghanika", "name_all": "Ghanika", "dup_count": 1, "source": null }, "geometry": { "type": "Point", "coordinates": [ 74.60813, 31.46274 ] } },
{ "type": "Feature", "properties": { "name": "Ghausia", "name_all": "Ghausia", "dup_count": 1, "source": null }, "geometry": { "type": "Point", "coordinates": [ 74.3971, 31.4119 ] } },
{ "type": "Feature", "properties": { "name": "Ghawandi Khushhal Singh", "name_all": "Ghawandi Khushhal Singh", "dup_count": 1, "source": null }, "geometry": { "type": "Point", "coordinates": [ 74.49615, 31.50225 ] } },
{ "type": "Feature", "properties": { "name": "Ghawind", "name_all": "Ghawind", "dup_count": 1, "source": null }, "geometry": { "type": "Point", "coordinates": [ 74.57164, 31.39049 ] } },
{ "type": "Feature", "properties": { "name": "Ghawindi", "name_all": "Ghawindi", "dup_count": 1, "source": null }, "geometry": { "type": "Point", "coordinates": [ 74.49806, 31.50639 ] } },
{ "type": "Feature", "properties": { "name": "Ghowindi", "name_all": "Ghowindi", "dup_count": 1, "source": null }, "geometry": { "type": "Point", "coordinates": [ 74.58335, 31.41313 ] } },
{ "type": "Feature", "properties": { "name": "Ghurki", "name_all": "Ghurki", "dup_count": 1, "source": null }, "geometry": { "type": "Point", "coordinates": [ 74.60037, 31.49179 ] } },
{ "type": "Feature", "properties": { "name": "Gobinpura", "name_all": "Gobinpura", "dup_count": 1, "source": null }, "geometry": { "type": "Point", "coordinates": [ 74.49333, 31.47944 ] } },
{ "type": "Feature", "properties": { "name": "Gopalpura", "name_all": "Gopalpura", "dup_count": 1, "source": null }, "geometry": { "type": "Point", "coordinates": [ 74.46322, 31.59434 ] } },
{ "type": "Feature", "properties": { "name": "Gopera", "name_all": "Gopera", "dup_count": 1, "source": null }, "geometry": { "type": "Point", "coordinates": [ 74.22358, 31.4722 ] } },
{ "type": "Feature", "properties": { "name": "Gosal Dial", "name_all": "Gosal Dial", "dup_count": 1, "source": null }, "geometry": { "type": "Point", "coordinates": [ 74.533, 31.60224 ] } },
{ "type": "Feature", "properties": { "name": "Gujar Colony", "name_all": "Gujar Colony", "dup_count": 1, "source": null }, "geometry": { "type": "Point", "coordinates": [ 74.32845, 31.41606 ] } },
{ "type": "Feature", "properties": { "name": "Gujarpura", "name_all": "Gujarpura", "dup_count": 1, "source": null }, "geometry": { "type": "Point", "coordinates": [ 74.36503, 31.60273 ] } },
{ "type": "Feature", "properties": { "name": "Gujran da Dera", "name_all": "Gujran da Dera", "dup_count": 1, "source": null }, "geometry": { "type": "Point", "coordinates": [ 74.40959, 31.64073 ] } },
{ "type": "Feature", "properties": { "name": "Gujran di Haveli", "name_all": "Gujran di Haveli", "dup_count": 1, "source": null }, "geometry": { "type": "Point", "coordinates": [ 74.08809, 31.32446 ] } },
{ "type": "Feature", "properties": { "name": "Gulberg", "name_all": "Gulberg", "dup_count": 1, "source": null }, "geometry": { "type": "Point", "coordinates": [ 74.3495, 31.5317 ] } },
{ "type": "Feature", "properties": { "name": "Gulu Kot", "name_all": "Gulu Kot", "dup_count": 1, "source": null }, "geometry": { "type": "Point", "coordinates": [ 74.3754, 31.4172 ] } },
{ "type": "Feature", "properties": { "name": "Guru Mangat", "name_all": "Guru Mangat", "dup_count": 1, "source": null }, "geometry": { "type": "Point", "coordinates": [ 74.41122, 31.39216 ] } },
{ "type": "Feature", "properties": { "name": "Haidarabad", "name_all": "Haidarabad", "dup_count": 1, "source": null }, "geometry": { "type": "Point", "coordinates": [ 74.207, 31.41737 ] } },
{ "type": "Feature", "properties": { "name": "Halloki", "name_all": "Halloki", "dup_count": 1, "source": null }, "geometry": { "type": "Point", "coordinates": [ 74.2842, 31.37258 ] } },
{ "type": "Feature", "properties": { "name": "Hando Gujran", "name_all": "Hando Gujran", "dup_count": 1, "source": null }, "geometry": { "type": "Point", "coordinates": [ 74.4386, 31.60777 ] } },
{ "type": "Feature", "properties": { "name": "Hardo Jabbu", "name_all": "Hardo Jabbu", "dup_count": 1, "source": null }, "geometry": { "type": "Point", "coordinates": [ 74.35246, 31.63497 ] } },
{ "type": "Feature", "properties": { "name": "Harpalke", "name_all": "Harpalke", "dup_count": 1, "source": null }, "geometry": { "type": "Point", "coordinates": [ 74.42321, 31.43647 ] } },
{ "type": "Feature", "properties": { "name": "Haveli", "name_all": "Haveli", "dup_count": 1, "source": null }, "geometry": { "type": "Point", "coordinates": [ 74.54891, 31.37769 ] } },
{ "type": "Feature", "properties": { "name": "Haveli Komharanwali", "name_all": "Haveli Komharanwali", "dup_count": 1, "source": null }, "geometry": { "type": "Point", "coordinates": [ 74.3989, 31.36588 ] } },
{ "type": "Feature", "properties": { "name": "Haveli Tarkana", "name_all": "Haveli Tarkana", "dup_count": 1, "source": null }, "geometry": { "type": "Point", "coordinates": [ 74.39471, 31.3424 ] } },
{ "type": "Feature", "properties": { "name": "Hidayatabad", "name_all": "Hidayatabad", "dup_count": 1, "source": null }, "geometry": { "type": "Point", "coordinates": [ 74.2134, 31.42224 ] } },
{ "type": "Feature", "properties": { "name": "Hair", "name_all": "Hair", "dup_count": 1, "source": null }, "geometry": { "type": "Point", "coordinates": [ 74.48805, 31.40716 ] } },
{ "type": "Feature", "properties": { "name": "Hudiara", "name_all": "Hudiara", "dup_count": 1, "source": null }, "geometry": { "type": "Point", "coordinates": [ 74.56801, 31.44436 ] } },
{ "type": "Feature", "properties": { "name": "Hussainabad", "name_all": "Hussainabad", "dup_count": 1, "source": null }, "geometry": { "type": "Point", "coordinates": [ 74.22152, 31.43379 ] } },
{ "type": "Feature", "properties": { "name": "Ichagil Khurd", "name_all": "Ichagil Khurd", "dup_count": 1, "source": null }, "geometry": { "type": "Point", "coordinates": [ 74.50053, 31.69026 ] } },
{ "type": "Feature", "properties": { "name": "Ichogil Kalan", "name_all": "Ichogil Kalan", "dup_count": 1, "source": null }, "geometry": { "type": "Point", "coordinates": [ 74.50265, 31.68033 ] } },
{ "type": "Feature", "properties": { "name": "Islamnagar", "name_all": "Islamnagar", "dup_count": 1, "source": null }, "geometry": { "type": "Point", "coordinates": [ 74.14552, 31.35987 ] } },
{ "type": "Feature", "properties": { "name": "Islampura", "name_all": "Islampura", "dup_count": 1, "source": null }, "geometry": { "type": "Point", "coordinates": [ 74.42839, 31.48269 ] } },
{ "type": "Feature", "properties": { "name": "Islampura", "name_all": "Islampura", "dup_count": 1, "source": null }, "geometry": { "type": "Point", "coordinates": [ 74.33383, 31.37731 ] } },
{ "type": "Feature", "properties": { "name": "Jafar Town", "name_all": "Jafar Town", "dup_count": 1, "source": null }, "geometry": { "type": "Point", "coordinates": [ 74.2488, 31.4501 ] } },
{ "type": "Feature", "properties": { "name": "Jahman", "name_all": "Jahman", "dup_count": 1, "source": null }, "geometry": { "type": "Point", "coordinates": [ 74.51667, 31.36667 ] } },
{ "type": "Feature", "properties": { "name": "Jahman", "name_all": "Jahman", "dup_count": 1, "source": null }, "geometry": { "type": "Point", "coordinates": [ 74.52842, 31.35711 ] } },
{ "type": "Feature", "properties": { "name": "Jalalabad", "name_all": "Jalalabad", "dup_count": 1, "source": null }, "geometry": { "type": "Point", "coordinates": [ 74.4694, 31.47096 ] } },
{ "type": "Feature", "properties": { "name": "Jallo Mor", "name_all": "Jallo Mor", "dup_count": 1, "source": null }, "geometry": { "type": "Point", "coordinates": [ 74.50014, 31.59584 ] } },
{ "type": "Feature", "properties": { "name": "Jalloana", "name_all": "Jalloana", "dup_count": 1, "source": null }, "geometry": { "type": "Point", "coordinates": [ 74.48637, 31.57726 ] } },
{ "type": "Feature", "properties": { "name": "Jamalpura", "name_all": "Jamalpura", "dup_count": 1, "source": null }, "geometry": { "type": "Point", "coordinates": [ 74.23107, 31.27987 ] } },
{ "type": "Feature", "properties": { "name": "Janda", "name_all": "Janda", "dup_count": 1, "source": null }, "geometry": { "type": "Point", "coordinates": [ 74.3897, 31.6139 ] } },
{ "type": "Feature", "properties": { "name": "Jandiala", "name_all": "Jandiala", "dup_count": 1, "source": null }, "geometry": { "type": "Point", "coordinates": [ 74.47561, 31.64597 ] } },
{ "type": "Feature", "properties": { "name": "Janjate", "name_all": "Janjate", "dup_count": 1, "source": null }, "geometry": { "type": "Point", "coordinates": [ 74.24332, 31.36078 ] } },
{ "type": "Feature", "properties": { "name": "Jathol", "name_all": "Jathol", "dup_count": 1, "source": null }, "geometry": { "type": "Point", "coordinates": [ 74.40191, 31.43894 ] } },
{ "type": "Feature", "properties": { "name": "Jattan da Dera", "name_all": "Jattan da Dera", "dup_count": 1, "source": null }, "geometry": { "type": "Point", "coordinates": [ 74.47547, 31.62352 ] } },
{ "type": "Feature", "properties": { "name": "Jhabitanwala", "name_all": "Jhabitanwala", "dup_count": 1, "source": null }, "geometry": { "type": "Point", "coordinates": [ 74.29389, 31.55778 ] } },
{ "type": "Feature", "properties": { "name": "Jhalar", "name_all": "Jhalar", "dup_count": 1, "source": null }, "geometry": { "type": "Point", "coordinates": [ 74.26, 31.46667 ] } },
{ "type": "Feature", "properties": { "name": "Jhallian", "name_all": "Jhallian", "dup_count": 1, "source": null }, "geometry": { "type": "Point", "coordinates": [ 74.56526, 31.475 ] } },
{ "type": "Feature", "properties": { "name": "Jhander", "name_all": "Jhander", "dup_count": 1, "source": null }, "geometry": { "type": "Point", "coordinates": [ 74.6, 31.55 ] } },
{ "type": "Feature", "properties": { "name": "Jhedu", "name_all": "Jhedu", "dup_count": 1, "source": null }, "geometry": { "type": "Point", "coordinates": [ 74.31449, 31.34611 ] } },
{ "type": "Feature", "properties": { "name": "Jhindri", "name_all": "Jhindri", "dup_count": 1, "source": null }, "geometry": { "type": "Point", "coordinates": [ 74.45615, 31.50525 ] } },
{ "type": "Feature", "properties": { "name": "Jholke", "name_all": "Jholke", "dup_count": 1, "source": null }, "geometry": { "type": "Point", "coordinates": [ 74.39203, 31.32955 ] } },
{ "type": "Feature", "properties": { "name": "Jhuggian", "name_all": "Jhuggian", "dup_count": 1, "source": null }, "geometry": { "type": "Point", "coordinates": [ 74.36439, 31.65213 ] } },
{ "type": "Feature", "properties": { "name": "Jhuggian", "name_all": "Jhuggian", "dup_count": 1, "source": null }, "geometry": { "type": "Point", "coordinates": [ 74.38409, 31.63284 ] } },
{ "type": "Feature", "properties": { "name": "Jhuggian Baja Singh", "name_all": "Jhuggian Baja Singh", "dup_count": 1, "source": null }, "geometry": { "type": "Point", "coordinates": [ 74.15438, 31.38429 ] } },
{ "type": "Feature", "properties": { "name": "Jhuggian Balu", "name_all": "Jhuggian Balu", "dup_count": 1, "source": null }, "geometry": { "type": "Point", "coordinates": [ 74.06055, 31.34946 ] } },
{ "type": "Feature", "properties": { "name": "Jhuggian Gihna Singh", "name_all": "Jhuggian Gihna Singh", "dup_count": 1, "source": null }, "geometry": { "type": "Point", "coordinates": [ 74.13028, 31.40833 ] } },
{ "type": "Feature", "properties": { "name": "Jhuggian Jodha", "name_all": "Jhuggian Jodha", "dup_count": 1, "source": null }, "geometry": { "type": "Point", "coordinates": [ 74.34543, 31.61764 ] } },
{ "type": "Feature", "properties": { "name": "Jhuggian Ladha Singh", "name_all": "Jhuggian Ladha Singh", "dup_count": 1, "source": null }, "geometry": { "type": "Point", "coordinates": [ 74.14389, 31.38389 ] } },
{ "type": "Feature", "properties": { "name": "Jhuggian Mahatma", "name_all": "Jhuggian Mahatma", "dup_count": 1, "source": null }, "geometry": { "type": "Point", "coordinates": [ 74.04664, 31.33614 ] } },
{ "type": "Feature", "properties": { "name": "Jhuggian Muhammad Bakhsh", "name_all": "Jhuggian Muhammad Bakhsh", "dup_count": 1, "source": null }, "geometry": { "type": "Point", "coordinates": [ 74.5077, 31.58518 ] } },
{ "type": "Feature", "properties": { "name": "Jhuggian Naulan", "name_all": "Jhuggian Naulan", "dup_count": 1, "source": null }, "geometry": { "type": "Point", "coordinates": [ 74.09193, 31.42602 ] } },
{ "type": "Feature", "properties": { "name": "Jhuggian Nurpur", "name_all": "Jhuggian Nurpur", "dup_count": 1, "source": null }, "geometry": { "type": "Point", "coordinates": [ 74.53739, 31.42877 ] } },
{ "type": "Feature", "properties": { "name": "Jhuggian Shaban", "name_all": "Jhuggian Shaban", "dup_count": 1, "source": null }, "geometry": { "type": "Point", "coordinates": [ 74.05561, 31.33504 ] } },
{ "type": "Feature", "properties": { "name": "Jhugian Alfa", "name_all": "Jhugian Alfa", "dup_count": 1, "source": null }, "geometry": { "type": "Point", "coordinates": [ 74.4395, 31.50399 ] } },
{ "type": "Feature", "properties": { "name": "Jhugian Nagra", "name_all": "Jhugian Nagra", "dup_count": 1, "source": null }, "geometry": { "type": "Point", "coordinates": [ 74.2693, 31.5267 ] } },
{ "type": "Feature", "properties": { "name": "Jia Bagga", "name_all": "Jia Bagga", "dup_count": 1, "source": null }, "geometry": { "type": "Point", "coordinates": [ 74.29247, 31.32851 ] } },
{ "type": "Feature", "properties": { "name": "Jiaka Tibba", "name_all": "Jiaka Tibba", "dup_count": 1, "source": null }, "geometry": { "type": "Point", "coordinates": [ 74.10685, 31.29537 ] } },
{ "type": "Feature", "properties": { "name": "Jindra Sarkari", "name_all": "Jindra Sarkari", "dup_count": 1, "source": null }, "geometry": { "type": "Point", "coordinates": [ 74.45972, 31.49944 ] } },
{ "type": "Feature", "properties": { "name": "Jivanuna", "name_all": "Jivanuna", "dup_count": 1, "source": null }, "geometry": { "type": "Point", "coordinates": [ 74.3217, 31.5037 ] } },
{ "type": "Feature", "properties": { "name": "Jodhu Dhir", "name_all": "Jodhu Dhir", "dup_count": 1, "source": null }, "geometry": { "type": "Point", "coordinates": [ 74.24604, 31.27058 ] } },
{ "type": "Feature", "properties": { "name": "K C Colony", "name_all": "K C Colony", "dup_count": 1, "source": null }, "geometry": { "type": "Point", "coordinates": [ 74.44853, 31.59257 ] } },
{ "type": "Feature", "properties": { "name": "Kachha", "name_all": "Kachha", "dup_count": 1, "source": null }, "geometry": { "type": "Point", "coordinates": [ 74.32321, 31.38755 ] } },
{ "type": "Feature", "properties": { "name": "Kahna", "name_all": "Kahna", "dup_count": 1, "source": null }, "geometry": { "type": "Point", "coordinates": [ 74.370555, 31.373661 ] } },
{ "type": "Feature", "properties": { "name": "Kakkezar", "name_all": "Kakkezar", "dup_count": 1, "source": null }, "geometry": { "type": "Point", "coordinates": [ 74.26639, 31.5025 ] } },
{ "type": "Feature", "properties": { "name": "Kalas Mari", "name_all": "Kalas Mari", "dup_count": 1, "source": null }, "geometry": { "type": "Point", "coordinates": [ 74.46193, 31.5217 ] } },
{ "type": "Feature", "properties": { "name": "Kamahan", "name_all": "Kamahan", "dup_count": 1, "source": null }, "geometry": { "type": "Point", "coordinates": [ 74.38947, 31.44592 ] } },
{ "type": "Feature", "properties": { "name": "Kamas", "name_all": "Kamas", "dup_count": 1, "source": null }, "geometry": { "type": "Point", "coordinates": [ 74.13651, 31.29872 ] } },
{ "type": "Feature", "properties": { "name": "Kanhakar", "name_all": "Kanhakar", "dup_count": 1, "source": null }, "geometry": { "type": "Point", "coordinates": [ 74.39146, 31.39596 ] } },
{ "type": "Feature", "properties": { "name": "Kanjra", "name_all": "Kanjra", "dup_count": 1, "source": null }, "geometry": { "type": "Point", "coordinates": [ 74.19611, 31.46278 ] } },
{ "type": "Feature", "properties": { "name": "Karbath", "name_all": "Karbath", "dup_count": 1, "source": null }, "geometry": { "type": "Point", "coordinates": [ 74.49659, 31.43863 ] } },
{ "type": "Feature", "properties": { "name": "Karanke", "name_all": "Karanke", "dup_count": 1, "source": null }, "geometry": { "type": "Point", "coordinates": [ 74.56237, 31.50346 ] } },
{ "type": "Feature", "properties": { "name": "Karol", "name_all": "Karol", "dup_count": 1, "source": null }, "geometry": { "type": "Point", "coordinates": [ 74.36905, 31.639 ] } },
{ "type": "Feature", "properties": { "name": "Karyal", "name_all": "Karyal", "dup_count": 1, "source": null }, "geometry": { "type": "Point", "coordinates": [ 74.26074, 31.31202 ] } },
{ "type": "Feature", "properties": { "name": "Katarband", "name_all": "Katarband", "dup_count": 1, "source": null }, "geometry": { "type": "Point", "coordinates": [ 74.17861, 31.46194 ] } },
{ "type": "Feature", "properties": { "name": "Katarband Urar", "name_all": "Katarband Urar", "dup_count": 1, "source": null }, "geometry": { "type": "Point", "coordinates": [ 74.17222, 31.4575 ] } },
{ "type": "Feature", "properties": { "name": "Kerampura", "name_all": "Kerampura", "dup_count": 1, "source": null }, "geometry": { "type": "Point", "coordinates": [ 74.57839, 31.3978 ] } },
{ "type": "Feature", "properties": { "name": "Khaliqabad", "name_all": "Khaliqabad", "dup_count": 1, "source": null }, "geometry": { "type": "Point", "coordinates": [ 74.21677, 31.43836 ] } },
{ "type": "Feature", "properties": { "name": "Khana Haveli", "name_all": "Khana Haveli", "dup_count": 1, "source": null }, "geometry": { "type": "Point", "coordinates": [ 74.42636, 31.30619 ] } },
{ "type": "Feature", "properties": { "name": "Khana Nipal", "name_all": "Khana Nipal", "dup_count": 1, "source": null }, "geometry": { "type": "Point", "coordinates": [ 74.2526, 31.33621 ] } },
{ "type": "Feature", "properties": { "name": "Khand", "name_all": "Khand", "dup_count": 1, "source": null }, "geometry": { "type": "Point", "coordinates": [ 74.34926, 31.30713 ] } },
{ "type": "Feature", "properties": { "name": "Khano Harni", "name_all": "Khano Harni", "dup_count": 1, "source": null }, "geometry": { "type": "Point", "coordinates": [ 74.41278, 31.31815 ] } },
{ "type": "Feature", "properties": { "name": "Khara Khu", "name_all": "Khara Khu", "dup_count": 1, "source": null }, "geometry": { "type": "Point", "coordinates": [ 74.52047, 31.63852 ] } },
{ "type": "Feature", "properties": { "name": "Khera", "name_all": "Khera", "dup_count": 1, "source": null }, "geometry": { "type": "Point", "coordinates": [ 74.498, 31.58446 ] } },
{ "type": "Feature", "properties": { "name": "Khoja Faiq", "name_all": "Khoja Faiq", "dup_count": 1, "source": null }, "geometry": { "type": "Point", "coordinates": [ 74.54766, 31.56675 ] } },
{ "type": "Feature", "properties": { "name": "Khudpur", "name_all": "Khudpur", "dup_count": 1, "source": null }, "geometry": { "type": "Point", "coordinates": [ 74.09812, 31.38937 ] } },
{ "type": "Feature", "properties": { "name": "Khul Meran", "name_all": "Khul Meran", "dup_count": 1, "source": null }, "geometry": { "type": "Point", "coordinates": [ 74.34972, 31.58861 ] } },
{ "type": "Feature", "properties": { "name": "Killa Zulfiqar", "name_all": "Killa Zulfiqar", "dup_count": 1, "source": null }, "geometry": { "type": "Point", "coordinates": [ 74.2468, 31.41845 ] } },
{ "type": "Feature", "properties": { "name": "Kingra", "name_all": "Kingra", "dup_count": 1, "source": null }, "geometry": { "type": "Point", "coordinates": [ 74.26776, 31.3086 ] } },
{ "type": "Feature", "properties": { "name": "Kir Kalan", "name_all": "Kir Kalan", "dup_count": 1, "source": null }, "geometry": { "type": "Point", "coordinates": [ 74.31423, 31.44015 ] } },
{ "type": "Feature", "properties": { "name": "Kir Khur", "name_all": "Kir Khur", "dup_count": 1, "source": null }, "geometry": { "type": "Point", "coordinates": [ 74.40563, 31.49317 ] } },
{ "type": "Feature", "properties": { "name": "Kohrian", "name_all": "Kohrian", "dup_count": 1, "source": null }, "geometry": { "type": "Point", "coordinates": [ 74.52405, 31.49323 ] } },
{ "type": "Feature", "properties": { "name": "Kot", "name_all": "Kot", "dup_count": 1, "source": null }, "geometry": { "type": "Point", "coordinates": [ 74.22827, 31.38382 ] } },
{ "type": "Feature", "properties": { "name": "Kot Alam Din", "name_all": "Kot Alam Din", "dup_count": 1, "source": null }, "geometry": { "type": "Point", "coordinates": [ 74.39902, 31.30284 ] } },
{ "type": "Feature", "properties": { "name": "Kot Alam Shah", "name_all": "Kot Alam Shah", "dup_count": 1, "source": null }, "geometry": { "type": "Point", "coordinates": [ 74.20944, 31.37306 ] } },
{ "type": "Feature", "properties": { "name": "Kot Channan Din", "name_all": "Kot Channan Din", "dup_count": 1, "source": null }, "geometry": { "type": "Point", "coordinates": [ 74.24583, 31.36389 ] } },
{ "type": "Feature", "properties": { "name": "Kot Dhuni Chand", "name_all": "Kot Dhuni Chand", "dup_count": 1, "source": null }, "geometry": { "type": "Point", "coordinates": [ 74.44813, 31.58768 ] } },
{ "type": "Feature", "properties": { "name": "Kot Kamba", "name_all": "Kot Kamba", "dup_count": 1, "source": null }, "geometry": { "type": "Point", "coordinates": [ 74.27167, 31.53861 ] } },
{ "type": "Feature", "properties": { "name": "Kot Mahlibbo", "name_all": "Kot Mahlibbo", "dup_count": 1, "source": null }, "geometry": { "type": "Point", "coordinates": [ 74.28083, 31.62 ] } },
{ "type": "Feature", "properties": { "name": "Kot Nur Muhammad", "name_all": "Kot Nur Muhammad", "dup_count": 1, "source": null }, "geometry": { "type": "Point", "coordinates": [ 74.24146, 31.34765 ] } },
{ "type": "Feature", "properties": { "name": "Kot Nur Muhammad", "name_all": "Kot Nur Muhammad", "dup_count": 1, "source": null }, "geometry": { "type": "Point", "coordinates": [ 74.48793, 31.63301 ] } },
{ "type": "Feature", "properties": { "name": "Kot Qamardin", "name_all": "Kot Qamardin", "dup_count": 1, "source": null }, "geometry": { "type": "Point", "coordinates": [ 74.21291, 31.29065 ] } },
{ "type": "Feature", "properties": { "name": "Kot Shah", "name_all": "Kot Shah", "dup_count": 1, "source": null }, "geometry": { "type": "Point", "coordinates": [ 74.46556, 31.36167 ] } },
{ "type": "Feature", "properties": { "name": "Kot Shahab Din", "name_all": "Kot Shahab Din", "dup_count": 1, "source": null }, "geometry": { "type": "Point", "coordinates": [ 74.25827, 31.5926 ] } },
{ "type": "Feature", "properties": { "name": "Kot Wadhawa Singh", "name_all": "Kot Wadhawa Singh", "dup_count": 1, "source": null }, "geometry": { "type": "Point", "coordinates": [ 74.42083, 31.44889 ] } },
{ "type": "Feature", "properties": { "name": "Labanwala", "name_all": "Labanwala", "dup_count": 1, "source": null }, "geometry": { "type": "Point", "coordinates": [ 74.55338, 31.6064 ] } },
{ "type": "Feature", "properties": { "name": "Ladheke Bhuler", "name_all": "Ladheke Bhuler", "dup_count": 1, "source": null }, "geometry": { "type": "Point", "coordinates": [ 74.37919, 31.29149 ] } },
{ "type": "Feature", "properties": { "name": "Lahdar Hethar", "name_all": "Lahdar Hethar", "dup_count": 1, "source": null }, "geometry": { "type": "Point", "coordinates": [ 74.09002, 31.34587 ] } },
{ "type": "Feature", "properties": { "name": "Lahore", "name_all": "Lahore", "dup_count": 1, "source": null }, "geometry": { "type": "Point", "coordinates": [ 74.338865, 31.517766 ] } },
{ "type": "Feature", "properties": { "name": "Lahore Cantt", "name_all": "Lahore Cantt", "dup_count": 1, "source": null }, "geometry": { "type": "Point", "coordinates": [ 74.37727, 31.52942 ] } },
{ "type": "Feature", "properties": { "name": "Lail", "name_all": "Lail", "dup_count": 1, "source": null }, "geometry": { "type": "Point", "coordinates": [ 74.4139, 31.45236 ] } },
{ "type": "Feature", "properties": { "name": "Lakhan Sharif", "name_all": "Lakhan Sharif", "dup_count": 1, "source": null }, "geometry": { "type": "Point", "coordinates": [ 74.51302, 31.607 ] } },
{ "type": "Feature", "properties": { "name": "Lakhowal", "name_all": "Lakhowal", "dup_count": 1, "source": null }, "geometry": { "type": "Point", "coordinates": [ 74.20694, 31.36194 ] } },
{ "type": "Feature", "properties": { "name": "Laliu", "name_all": "Laliu", "dup_count": 1, "source": null }, "geometry": { "type": "Point", "coordinates": [ 74.58253, 31.49319 ] } },
{ "type": "Feature", "properties": { "name": "Laluwal", "name_all": "Laluwal", "dup_count": 1, "source": null }, "geometry": { "type": "Point", "coordinates": [ 74.26389, 31.44444 ] } },
{ "type": "Feature", "properties": { "name": "Laswari", "name_all": "Laswari", "dup_count": 1, "source": null }, "geometry": { "type": "Point", "coordinates": [ 74.3875, 31.55833 ] } },
{ "type": "Feature", "properties": { "name": "Lehna Singhwala", "name_all": "Lehna Singhwala", "dup_count": 1, "source": null }, "geometry": { "type": "Point", "coordinates": [ 74.46097, 31.46327 ] } },
{ "type": "Feature", "properties": { "name": "Lidhar", "name_all": "Lidhar", "dup_count": 1, "source": null }, "geometry": { "type": "Point", "coordinates": [ 74.44134, 31.45952 ] } },
{ "type": "Feature", "properties": { "name": "Lubana Pul", "name_all": "Lubana Pul", "dup_count": 1, "source": null }, "geometry": { "type": "Point", "coordinates": [ 74.21027, 31.45645 ] } },
{ "type": "Feature", "properties": { "name": "Made Shah", "name_all": "Made Shah", "dup_count": 1, "source": null }, "geometry": { "type": "Point", "coordinates": [ 74.36694, 31.32909 ] } },
{ "type": "Feature", "properties": { "name": "Mal", "name_all": "Mal", "dup_count": 1, "source": null }, "geometry": { "type": "Point", "coordinates": [ 74.15948, 31.31067 ] } },
{ "type": "Feature", "properties": { "name": "Malakpur", "name_all": "Malakpur", "dup_count": 1, "source": null }, "geometry": { "type": "Point", "coordinates": [ 74.47405, 31.67414 ] } },
{ "type": "Feature", "properties": { "name": "Malakpura", "name_all": "Malakpura", "dup_count": 1, "source": null }, "geometry": { "type": "Point", "coordinates": [ 74.43193, 31.51638 ] } },
{ "type": "Feature", "properties": { "name": "Malianwala", "name_all": "Malianwala", "dup_count": 1, "source": null }, "geometry": { "type": "Point", "coordinates": [ 74.263, 31.5855 ] } },
{ "type": "Feature", "properties": { "name": "Malkan di Haveli", "name_all": "Malkan di Haveli", "dup_count": 1, "source": null }, "geometry": { "type": "Point", "coordinates": [ 74.16963, 31.38462 ] } },
{ "type": "Feature", "properties": { "name": "Mallian Kalan", "name_all": "Mallian Kalan", "dup_count": 1, "source": null }, "geometry": { "type": "Point", "coordinates": [ 74.46414, 31.38876 ] } },
{ "type": "Feature", "properties": { "name": "Mallian Khurd", "name_all": "Mallian Khurd", "dup_count": 1, "source": null }, "geometry": { "type": "Point", "coordinates": [ 74.46993, 31.38614 ] } },
{ "type": "Feature", "properties": { "name": "Manak", "name_all": "Manak", "dup_count": 1, "source": null }, "geometry": { "type": "Point", "coordinates": [ 74.19764, 31.30324 ] } },
{ "type": "Feature", "properties": { "name": "Manawala", "name_all": "Manawala", "dup_count": 1, "source": null }, "geometry": { "type": "Point", "coordinates": [ 74.41914, 31.47257 ] } },
{ "type": "Feature", "properties": { "name": "Manhia Kalan", "name_all": "Manhia Kalan", "dup_count": 1, "source": null }, "geometry": { "type": "Point", "coordinates": [ 74.54435, 31.52868 ] } },
{ "type": "Feature", "properties": { "name": "Manihala", "name_all": "Manihala", "dup_count": 1, "source": null }, "geometry": { "type": "Point", "coordinates": [ 74.55, 31.53333 ] } },
{ "type": "Feature", "properties": { "name": "Mano", "name_all": "Mano", "dup_count": 1, "source": null }, "geometry": { "type": "Point", "coordinates": [ 74.52906, 31.6096 ] } },
{ "type": "Feature", "properties": { "name": "Manowal", "name_all": "Manowal", "dup_count": 1, "source": null }, "geometry": { "type": "Point", "coordinates": [ 74.17806, 31.44028 ] } },
{ "type": "Feature", "properties": { "name": "Maral War", "name_all": "Maral War", "dup_count": 1, "source": null }, "geometry": { "type": "Point", "coordinates": [ 74.44833, 31.64028 ] } },
{ "type": "Feature", "properties": { "name": "Mari", "name_all": "Mari", "dup_count": 1, "source": null }, "geometry": { "type": "Point", "coordinates": [ 74.26679, 31.37231 ] } },
{ "type": "Feature", "properties": { "name": "Mari", "name_all": "Mari", "dup_count": 1, "source": null }, "geometry": { "type": "Point", "coordinates": [ 74.44715, 31.64 ] } },
{ "type": "Feature", "properties": { "name": "Mehdipur", "name_all": "Mehdipur", "dup_count": 1, "source": null }, "geometry": { "type": "Point", "coordinates": [ 74.19647, 31.43652 ] } },
{ "type": "Feature", "properties": { "name": "Model Town", "name_all": "Model Town", "dup_count": 1, "source": null }, "geometry": { "type": "Point", "coordinates": [ 74.3244, 31.4844 ] } },
{ "type": "Feature", "properties": { "name": "Molanwala Kalan", "name_all": "Molanwala Kalan", "dup_count": 1, "source": null }, "geometry": { "type": "Point", "coordinates": [ 74.13997, 31.40824 ] } },
{ "type": "Feature", "properties": { "name": "Mosle", "name_all": "Mosle", "dup_count": 1, "source": null }, "geometry": { "type": "Point", "coordinates": [ 74.20655, 31.40072 ] } },
{ "type": "Feature", "properties": { "name": "Mosle", "name_all": "Mosle", "dup_count": 1, "source": null }, "geometry": { "type": "Point", "coordinates": [ 74.19373, 31.41418 ] } },
{ "type": "Feature", "properties": { "name": "Mota Singhwala", "name_all": "Mota Singhwala", "dup_count": 1, "source": null }, "geometry": { "type": "Point", "coordinates": [ 74.45267, 31.44101 ] } },
{ "type": "Feature", "properties": { "name": "Mraka", "name_all": "Mraka", "dup_count": 1, "source": null }, "geometry": { "type": "Point", "coordinates": [ 74.1533, 31.39401 ] } },
{ "type": "Feature", "properties": { "name": "Muhammadpura", "name_all": "Muhammadpura", "dup_count": 1, "source": null }, "geometry": { "type": "Point", "coordinates": [ 74.2511, 31.4459 ] } },
{ "type": "Feature", "properties": { "name": "Mukhtar da Kot", "name_all": "Mukhtar da Kot", "dup_count": 1, "source": null }, "geometry": { "type": "Point", "coordinates": [ 74.20347, 31.38314 ] } },
{ "type": "Feature", "properties": { "name": "Muridwala", "name_all": "Muridwala", "dup_count": 1, "source": null }, "geometry": { "type": "Point", "coordinates": [ 74.22692, 31.49605 ] } },
{ "type": "Feature", "properties": { "name": "Mushtaqabad", "name_all": "Mushtaqabad", "dup_count": 1, "source": null }, "geometry": { "type": "Point", "coordinates": [ 74.22222, 31.41111 ] } },
{ "type": "Feature", "properties": { "name": "Nabi Bakhsh di Haveli", "name_all": "Nabi Bakhsh di Haveli", "dup_count": 1, "source": null }, "geometry": { "type": "Point", "coordinates": [ 74.50615, 31.3739 ] } },
{ "type": "Feature", "properties": { "name": "Nai Abadi", "name_all": "Nai Abadi", "dup_count": 1, "source": null }, "geometry": { "type": "Point", "coordinates": [ 74.46285, 31.52005 ] } },
{ "type": "Feature", "properties": { "name": "Nangar", "name_all": "Nangar", "dup_count": 1, "source": null }, "geometry": { "type": "Point", "coordinates": [ 74.30323, 31.40047 ] } },
{ "type": "Feature", "properties": { "name": "Nanu Dogar", "name_all": "Nanu Dogar", "dup_count": 1, "source": null }, "geometry": { "type": "Point", "coordinates": [ 74.06314, 31.35851 ] } },
{ "type": "Feature", "properties": { "name": "Narianwala", "name_all": "Narianwala", "dup_count": 1, "source": null }, "geometry": { "type": "Point", "coordinates": [ 74.31389, 31.52333 ] } },
{ "type": "Feature", "properties": { "name": "Narwar", "name_all": "Narwar", "dup_count": 1, "source": null }, "geometry": { "type": "Point", "coordinates": [ 74.56898, 31.56423 ] } },
{ "type": "Feature", "properties": { "name": "Nasir Ganj", "name_all": "Nasir Ganj", "dup_count": 1, "source": null }, "geometry": { "type": "Point", "coordinates": [ 74.20055, 31.4252 ] } },
{ "type": "Feature", "properties": { "name": "Nat", "name_all": "Nat", "dup_count": 1, "source": null }, "geometry": { "type": "Point", "coordinates": [ 74.46246, 31.61711 ] } },
{ "type": "Feature", "properties": { "name": "Natha Singhwala", "name_all": "Natha Singhwala", "dup_count": 1, "source": null }, "geometry": { "type": "Point", "coordinates": [ 74.47678, 31.4733 ] } },
{ "type": "Feature", "properties": { "name": "Natha Singhwala", "name_all": "Natha Singhwala", "dup_count": 1, "source": null }, "geometry": { "type": "Point", "coordinates": [ 74.43093, 31.45787 ] } },
{ "type": "Feature", "properties": { "name": "Nathoki", "name_all": "Nathoki", "dup_count": 1, "source": null }, "geometry": { "type": "Point", "coordinates": [ 74.52233, 31.54818 ] } },
{ "type": "Feature", "properties": { "name": "Nau Narian", "name_all": "Nau Narian", "dup_count": 1, "source": null }, "geometry": { "type": "Point", "coordinates": [ 74.26611, 31.55556 ] } },
{ "type": "Feature", "properties": { "name": "Naulan da Pind", "name_all": "Naulan da Pind", "dup_count": 1, "source": null }, "geometry": { "type": "Point", "coordinates": [ 74.04096, 31.35256 ] } },
{ "type": "Feature", "properties": { "name": "Nawab Town", "name_all": "Nawab Town", "dup_count": 1, "source": null }, "geometry": { "type": "Point", "coordinates": [ 74.2484, 31.4528 ] } },
{ "type": "Feature", "properties": { "name": "Nawan Pind", "name_all": "Nawan Pind", "dup_count": 1, "source": null }, "geometry": { "type": "Point", "coordinates": [ 74.34722, 31.29373 ] } },
{ "type": "Feature", "properties": { "name": "Nawan Pind Beldaran", "name_all": "Nawan Pind Beldaran", "dup_count": 1, "source": null }, "geometry": { "type": "Point", "coordinates": [ 74.53182, 31.59018 ] } },
{ "type": "Feature", "properties": { "name": "Nawan Pind Gujran", "name_all": "Nawan Pind Gujran", "dup_count": 1, "source": null }, "geometry": { "type": "Point", "coordinates": [ 74.52219, 31.53121 ] } },
{ "type": "Feature", "properties": { "name": "Nawazishabad", "name_all": "Nawazishabad", "dup_count": 1, "source": null }, "geometry": { "type": "Point", "coordinates": [ 74.2078, 31.43323 ] } },
{ "type": "Feature", "properties": { "name": "Nepal", "name_all": "Nepal", "dup_count": 1, "source": null }, "geometry": { "type": "Point", "coordinates": [ 74.47165, 31.37156 ] } },
{ "type": "Feature", "properties": { "name": "Niaz Beg", "name_all": "Niaz Beg", "dup_count": 1, "source": null }, "geometry": { "type": "Point", "coordinates": [ 74.23611, 31.48944 ] } },
{ "type": "Feature", "properties": { "name": "Niaz Beg Thokar", "name_all": "Niaz Beg Thokar", "dup_count": 1, "source": null }, "geometry": { "type": "Point", "coordinates": [ 74.261398, 31.496797 ] } },
{ "type": "Feature", "properties": { "name": "Nilapur", "name_all": "Nilapur", "dup_count": 1, "source": null }, "geometry": { "type": "Point", "coordinates": [ 74.56186, 31.57443 ] } },
{ "type": "Feature", "properties": { "name": "Nishampura", "name_all": "Nishampura", "dup_count": 1, "source": null }, "geometry": { "type": "Point", "coordinates": [ 74.25694, 31.43972 ] } },
{ "type": "Feature", "properties": { "name": "Nurpur", "name_all": "Nurpur", "dup_count": 1, "source": null }, "geometry": { "type": "Point", "coordinates": [ 74.54482, 31.43973 ] } },
{ "type": "Feature", "properties": { "name": "Padde", "name_all": "Padde", "dup_count": 1, "source": null }, "geometry": { "type": "Point", "coordinates": [ 74.57081, 31.54331 ] } },
{ "type": "Feature", "properties": { "name": "Padhana", "name_all": "Padhana", "dup_count": 1, "source": null }, "geometry": { "type": "Point", "coordinates": [ 74.6246, 31.47177 ] } },
{ "type": "Feature", "properties": { "name": "Padri", "name_all": "Padri", "dup_count": 1, "source": null }, "geometry": { "type": "Point", "coordinates": [ 74.50133, 31.51391 ] } },
{ "type": "Feature", "properties": { "name": "Pakistan Council of Scientific and Industrial Research Colony", "name_all": "Pakistan Council of Scientific and Industrial Research Colony", "dup_count": 1, "source": null }, "geometry": { "type": "Point", "coordinates": [ 74.27443, 31.48093 ] } },
{ "type": "Feature", "properties": { "name": "Panju", "name_all": "Panju", "dup_count": 1, "source": null }, "geometry": { "type": "Point", "coordinates": [ 74.35025, 31.36744 ] } },
{ "type": "Feature", "properties": { "name": "Paracha Colony", "name_all": "Paracha Colony", "dup_count": 1, "source": null }, "geometry": { "type": "Point", "coordinates": [ 74.31119, 31.63112 ] } },
{ "type": "Feature", "properties": { "name": "Pathanke", "name_all": "Pathanke", "dup_count": 1, "source": null }, "geometry": { "type": "Point", "coordinates": [ 74.62311, 31.43602 ] } },
{ "type": "Feature", "properties": { "name": "Pathanwala", "name_all": "Pathanwala", "dup_count": 1, "source": null }, "geometry": { "type": "Point", "coordinates": [ 74.49497, 31.49396 ] } },
{ "type": "Feature", "properties": { "name": "Pathanwala", "name_all": "Pathanwala", "dup_count": 1, "source": null }, "geometry": { "type": "Point", "coordinates": [ 74.52043, 31.61607 ] } },
{ "type": "Feature", "properties": { "name": "Pathanwala", "name_all": "Pathanwala", "dup_count": 1, "source": null }, "geometry": { "type": "Point", "coordinates": [ 74.43667, 31.43694 ] } },
{ "type": "Feature", "properties": { "name": "Phullarwan", "name_all": "Phullarwan", "dup_count": 1, "source": null }, "geometry": { "type": "Point", "coordinates": [ 74.4603, 31.53468 ] } },
{ "type": "Feature", "properties": { "name": "Phulwana", "name_all": "Phulwana", "dup_count": 1, "source": null }, "geometry": { "type": "Point", "coordinates": [ 74.50811, 31.58023 ] } },
{ "type": "Feature", "properties": { "name": "Pidri Village", "name_all": "Pidri Village", "dup_count": 1, "source": null }, "geometry": { "type": "Point", "coordinates": [ 74.48329, 31.51341 ] } },
{ "type": "Feature", "properties": { "name": "Pir Bakhshwala", "name_all": "Pir Bakhshwala", "dup_count": 1, "source": null }, "geometry": { "type": "Point", "coordinates": [ 74.457, 31.48902 ] } },
{ "type": "Feature", "properties": { "name": "Progiapur", "name_all": "Progiapur", "dup_count": 1, "source": null }, "geometry": { "type": "Point", "coordinates": [ 74.291, 31.4698 ] } },
{ "type": "Feature", "properties": { "name": "Purana Kahna", "name_all": "Purana Kahna", "dup_count": 1, "source": null }, "geometry": { "type": "Point", "coordinates": [ 74.36831, 31.34889 ] } },
{ "type": "Feature", "properties": { "name": "Purani Bhaini", "name_all": "Purani Bhaini", "dup_count": 1, "source": null }, "geometry": { "type": "Point", "coordinates": [ 74.58549, 31.52702 ] } },
{ "type": "Feature", "properties": { "name": "Qadarpura", "name_all": "Qadarpura", "dup_count": 1, "source": null }, "geometry": { "type": "Point", "coordinates": [ 74.27861, 31.53667 ] } },
{ "type": "Feature", "properties": { "name": "Qila Hakiman", "name_all": "Qila Hakiman", "dup_count": 1, "source": null }, "geometry": { "type": "Point", "coordinates": [ 74.28556, 31.56278 ] } },
{ "type": "Feature", "properties": { "name": "Qila Jiwan Singh", "name_all": "Qila Jiwan Singh", "dup_count": 1, "source": null }, "geometry": { "type": "Point", "coordinates": [ 74.59888, 31.5377 ] } },
{ "type": "Feature", "properties": { "name": "Race Course Town", "name_all": "Race Course Town", "dup_count": 1, "source": null }, "geometry": { "type": "Point", "coordinates": [ 74.338, 31.4226 ] } },
{ "type": "Feature", "properties": { "name": "Raja Bole", "name_all": "Raja Bole", "dup_count": 1, "source": null }, "geometry": { "type": "Point", "coordinates": [ 74.40901, 31.40013 ] } },
{ "type": "Feature", "properties": { "name": "Raja Sharifullah Khan", "name_all": "Raja Sharifullah Khan", "dup_count": 1, "source": null }, "geometry": { "type": "Point", "coordinates": [ 74.06864, 31.31706 ] } },
{ "type": "Feature", "properties": { "name": "Rajabad", "name_all": "Rajabad", "dup_count": 1, "source": null }, "geometry": { "type": "Point", "coordinates": [ 74.2592, 31.4397 ] } },
{ "type": "Feature", "properties": { "name": "Rajan Pangowali", "name_all": "Rajan Pangowali", "dup_count": 1, "source": null }, "geometry": { "type": "Point", "coordinates": [ 74.18667, 31.49806 ] } },
{ "type": "Feature", "properties": { "name": "Rakh Bekunte", "name_all": "Rakh Bekunte", "dup_count": 1, "source": null }, "geometry": { "type": "Point", "coordinates": [ 74.5232, 31.38536 ] } },
{ "type": "Feature", "properties": { "name": "Rakh Bhangali", "name_all": "Rakh Bhangali", "dup_count": 1, "source": null }, "geometry": { "type": "Point", "coordinates": [ 74.45028, 31.50028 ] } },
{ "type": "Feature", "properties": { "name": "Rakh Harvat Singh", "name_all": "Rakh Harvat Singh", "dup_count": 1, "source": null }, "geometry": { "type": "Point", "coordinates": [ 74.61655, 31.42836 ] } },
{ "type": "Feature", "properties": { "name": "Rakh Jodhu Dhir", "name_all": "Rakh Jodhu Dhir", "dup_count": 1, "source": null }, "geometry": { "type": "Point", "coordinates": [ 74.23573, 31.26553 ] } },
{ "type": "Feature", "properties": { "name": "Rakhpura", "name_all": "Rakhpura", "dup_count": 1, "source": null }, "geometry": { "type": "Point", "coordinates": [ 74.19821, 31.41221 ] } },
{ "type": "Feature", "properties": { "name": "Ram Ka Khu", "name_all": "Ram Ka Khu", "dup_count": 1, "source": null }, "geometry": { "type": "Point", "coordinates": [ 74.17347, 31.33571 ] } },
{ "type": "Feature", "properties": { "name": "Ram Kot", "name_all": "Ram Kot", "dup_count": 1, "source": null }, "geometry": { "type": "Point", "coordinates": [ 74.1875, 31.35023 ] } },
{ "type": "Feature", "properties": { "name": "Rampur Kalan", "name_all": "Rampur Kalan", "dup_count": 1, "source": null }, "geometry": { "type": "Point", "coordinates": [ 74.60144, 31.4332 ] } },
{ "type": "Feature", "properties": { "name": "Rampur Khurd", "name_all": "Rampur Khurd", "dup_count": 1, "source": null }, "geometry": { "type": "Point", "coordinates": [ 74.60541, 31.43463 ] } },
{ "type": "Feature", "properties": { "name": "Rampura", "name_all": "Rampura", "dup_count": 1, "source": null }, "geometry": { "type": "Point", "coordinates": [ 74.48556, 31.595 ] } },
{ "type": "Feature", "properties": { "name": "Rangilpur", "name_all": "Rangilpur", "dup_count": 1, "source": null }, "geometry": { "type": "Point", "coordinates": [ 74.10348, 31.36423 ] } },
{ "type": "Feature", "properties": { "name": "Rasulpur", "name_all": "Rasulpur", "dup_count": 1, "source": null }, "geometry": { "type": "Point", "coordinates": [ 74.25484, 31.46226 ] } },
{ "type": "Feature", "properties": { "name": "Rasulpur", "name_all": "Rasulpur", "dup_count": 1, "source": null }, "geometry": { "type": "Point", "coordinates": [ 74.28484, 31.35764 ] } },
{ "type": "Feature", "properties": { "name": "Rawari", "name_all": "Rawari", "dup_count": 1, "source": null }, "geometry": { "type": "Point", "coordinates": [ 74.31389, 31.52361 ] } },
{ "type": "Feature", "properties": { "name": "Rehimabad", "name_all": "Rehimabad", "dup_count": 1, "source": null }, "geometry": { "type": "Point", "coordinates": [ 74.24429, 31.44259 ] } },
{ "type": "Feature", "properties": { "name": "Rehmat Colony", "name_all": "Rehmat Colony", "dup_count": 1, "source": null }, "geometry": { "type": "Point", "coordinates": [ 74.3742, 31.4492 ] } },
{ "type": "Feature", "properties": { "name": "Rehmat Town", "name_all": "Rehmat Town", "dup_count": 1, "source": null }, "geometry": { "type": "Point", "coordinates": [ 74.46422, 31.59776 ] } },
{ "type": "Feature", "properties": { "name": "Robiwala", "name_all": "Robiwala", "dup_count": 1, "source": null }, "geometry": { "type": "Point", "coordinates": [ 74.47778, 31.6 ] } },
{ "type": "Feature", "properties": { "name": "Rora", "name_all": "Rora", "dup_count": 1, "source": null }, "geometry": { "type": "Point", "coordinates": [ 74.4447, 31.38517 ] } },
{ "type": "Feature", "properties": { "name": "Rori", "name_all": "Rori", "dup_count": 1, "source": null }, "geometry": { "type": "Point", "coordinates": [ 74.19045, 31.3893 ] } },
{ "type": "Feature", "properties": { "name": "Rukanabad", "name_all": "Rukanabad", "dup_count": 1, "source": null }, "geometry": { "type": "Point", "coordinates": [ 74.23222, 31.43556 ] } },
{ "type": "Feature", "properties": { "name": "Sadawali", "name_all": "Sadawali", "dup_count": 1, "source": null }, "geometry": { "type": "Point", "coordinates": [ 74.51738, 31.61899 ] } },
{ "type": "Feature", "properties": { "name": "Sadhanwali", "name_all": "Sadhanwali", "dup_count": 1, "source": null }, "geometry": { "type": "Point", "coordinates": [ 74.57817, 31.56202 ] } },
{ "type": "Feature", "properties": { "name": "Sadhoki", "name_all": "Sadhoki", "dup_count": 1, "source": null }, "geometry": { "type": "Point", "coordinates": [ 74.27711, 31.39233 ] } },
{ "type": "Feature", "properties": { "name": "Sadhu Singh", "name_all": "Sadhu Singh", "dup_count": 1, "source": null }, "geometry": { "type": "Point", "coordinates": [ 74.4989, 31.50645 ] } },
{ "type": "Feature", "properties": { "name": "Saggian", "name_all": "Saggian", "dup_count": 1, "source": null }, "geometry": { "type": "Point", "coordinates": [ 74.26231, 31.58044 ] } },
{ "type": "Feature", "properties": { "name": "Saggian Khudayar", "name_all": "Saggian Khudayar", "dup_count": 1, "source": null }, "geometry": { "type": "Point", "coordinates": [ 74.2635, 31.5812 ] } },
{ "type": "Feature", "properties": { "name": "Sahd", "name_all": "Sahd", "dup_count": 1, "source": null }, "geometry": { "type": "Point", "coordinates": [ 74.20778, 31.52194 ] } },
{ "type": "Feature", "properties": { "name": "Sangatpura", "name_all": "Sangatpura", "dup_count": 1, "source": null }, "geometry": { "type": "Point", "coordinates": [ 74.49185, 31.46389 ] } },
{ "type": "Feature", "properties": { "name": "Sanke", "name_all": "Sanke", "dup_count": 1, "source": null }, "geometry": { "type": "Point", "coordinates": [ 74.58625, 31.57167 ] } },
{ "type": "Feature", "properties": { "name": "Saura", "name_all": "Saura", "dup_count": 1, "source": null }, "geometry": { "type": "Point", "coordinates": [ 74.43681, 31.41285 ] } },
{ "type": "Feature", "properties": { "name": "Sedhar", "name_all": "Sedhar", "dup_count": 1, "source": null }, "geometry": { "type": "Point", "coordinates": [ 74.32145, 31.38332 ] } },
{ "type": "Feature", "properties": { "name": "Shabhir Wakil di Haveli", "name_all": "Shabhir Wakil di Haveli", "dup_count": 1, "source": null }, "geometry": { "type": "Point", "coordinates": [ 74.52838, 31.37064 ] } },
{ "type": "Feature", "properties": { "name": "Shadiwal", "name_all": "Shadiwal", "dup_count": 1, "source": null }, "geometry": { "type": "Point", "coordinates": [ 74.2025, 31.51556 ] } },
{ "type": "Feature", "properties": { "name": "Shadiwal Mahatman", "name_all": "Shadiwal Mahatman", "dup_count": 1, "source": null }, "geometry": { "type": "Point", "coordinates": [ 74.24167, 31.51389 ] } },
{ "type": "Feature", "properties": { "name": "Shah di Khui", "name_all": "Shah di Khui", "dup_count": 1, "source": null }, "geometry": { "type": "Point", "coordinates": [ 74.29496, 31.49308 ] } },
{ "type": "Feature", "properties": { "name": "Shahdara Town", "name_all": "Shahdara Town", "dup_count": 1, "source": null }, "geometry": { "type": "Point", "coordinates": [ 74.2832, 31.62039 ] } },
{ "type": "Feature", "properties": { "name": "Shahdara Bagh", "name_all": "Shahdara Bagh", "dup_count": 1, "source": null }, "geometry": { "type": "Point", "coordinates": [ 74.301223, 31.607194 ] } },
{ "type": "Feature", "properties": { "name": "Shahodi Garhi", "name_all": "Shahodi Garhi", "dup_count": 1, "source": null }, "geometry": { "type": "Point", "coordinates": [ 74.35028, 31.56361 ] } },
{ "type": "Feature", "properties": { "name": "Shahpur Kanjra", "name_all": "Shahpur Kanjra", "dup_count": 1, "source": null }, "geometry": { "type": "Point", "coordinates": [ 74.20161, 31.46462 ] } },
{ "type": "Feature", "properties": { "name": "Shahzada", "name_all": "Shahzada", "dup_count": 1, "source": null }, "geometry": { "type": "Point", "coordinates": [ 74.39523, 31.35647 ] } },
{ "type": "Feature", "properties": { "name": "Shamke Bhattian", "name_all": "Shamke Bhattian", "dup_count": 1, "source": null }, "geometry": { "type": "Point", "coordinates": [ 74.10396, 31.33116 ] } },
{ "type": "Feature", "properties": { "name": "Sohian Kalan", "name_all": "Sohian Kalan", "dup_count": 1, "source": null }, "geometry": { "type": "Point", "coordinates": [ 74.55566, 31.5033 ] } },
{ "type": "Feature", "properties": { "name": "Sohian Khurd", "name_all": "Sohian Khurd", "dup_count": 1, "source": null }, "geometry": { "type": "Point", "coordinates": [ 74.56104, 31.50582 ] } },
{ "type": "Feature", "properties": { "name": "Solehrian da Dera", "name_all": "Solehrian da Dera", "dup_count": 1, "source": null }, "geometry": { "type": "Point", "coordinates": [ 74.46433, 31.53605 ] } },
{ "type": "Feature", "properties": { "name": "Sufiabad", "name_all": "Sufiabad", "dup_count": 1, "source": null }, "geometry": { "type": "Point", "coordinates": [ 74.36111, 31.42778 ] } },
{ "type": "Feature", "properties": { "name": "Sugian Wasuopura", "name_all": "Sugian Wasuopura", "dup_count": 1, "source": null }, "geometry": { "type": "Point", "coordinates": [ 74.38713, 31.6403 ] } },
{ "type": "Feature", "properties": { "name": "Sultanabad", "name_all": "Sultanabad", "dup_count": 1, "source": null }, "geometry": { "type": "Point", "coordinates": [ 74.23973, 31.44053 ] } },
{ "type": "Feature", "properties": { "name": "Sultanke", "name_all": "Sultanke", "dup_count": 1, "source": null }, "geometry": { "type": "Point", "coordinates": [ 74.14919, 31.32235 ] } },
{ "type": "Feature", "properties": { "name": "Sundar", "name_all": "Sundar", "dup_count": 1, "source": null }, "geometry": { "type": "Point", "coordinates": [ 74.13136, 31.34968 ] } },
{ "type": "Feature", "properties": { "name": "Sundarwala", "name_all": "Sundarwala", "dup_count": 1, "source": null }, "geometry": { "type": "Point", "coordinates": [ 74.35667, 31.61583 ] } },
{ "type": "Feature", "properties": { "name": "Tahat", "name_all": "Tahat", "dup_count": 1, "source": null }, "geometry": { "type": "Point", "coordinates": [ 74.3234, 31.4296 ] } },
{ "type": "Feature", "properties": { "name": "Taij Gharh", "name_all": "Taij Gharh", "dup_count": 1, "source": null }, "geometry": { "type": "Point", "coordinates": [ 74.45391, 31.60325 ] } },
{ "type": "Feature", "properties": { "name": "Talib Ganj", "name_all": "Talib Ganj", "dup_count": 1, "source": null }, "geometry": { "type": "Point", "coordinates": [ 74.22212, 31.41618 ] } },
{ "type": "Feature", "properties": { "name": "Talwara", "name_all": "Talwara", "dup_count": 1, "source": null }, "geometry": { "type": "Point", "coordinates": [ 74.46495, 31.67169 ] } },
{ "type": "Feature", "properties": { "name": "Talwara Camp", "name_all": "Talwara Camp", "dup_count": 1, "source": null }, "geometry": { "type": "Point", "coordinates": [ 74.46783, 31.67513 ] } },
{ "type": "Feature", "properties": { "name": "Taqipur", "name_all": "Taqipur", "dup_count": 1, "source": null }, "geometry": { "type": "Point", "coordinates": [ 74.53161, 31.58944 ] } },
{ "type": "Feature", "properties": { "name": "Targarh", "name_all": "Targarh", "dup_count": 1, "source": null }, "geometry": { "type": "Point", "coordinates": [ 74.28083, 31.61222 ] } },
{ "type": "Feature", "properties": { "name": "Tarqabad", "name_all": "Tarqabad", "dup_count": 1, "source": null }, "geometry": { "type": "Point", "coordinates": [ 74.2892, 31.63425 ] } },
{ "type": "Feature", "properties": { "name": "Tendanwala", "name_all": "Tendanwala", "dup_count": 1, "source": null }, "geometry": { "type": "Point", "coordinates": [ 74.15278, 31.41694 ] } },
{ "type": "Feature", "properties": { "name": "Tera", "name_all": "Tera", "dup_count": 1, "source": null }, "geometry": { "type": "Point", "coordinates": [ 74.44927, 31.55733 ] } },
{ "type": "Feature", "properties": { "name": "Thairi", "name_all": "Thairi", "dup_count": 1, "source": null }, "geometry": { "type": "Point", "coordinates": [ 74.47834, 31.61895 ] } },
{ "type": "Feature", "properties": { "name": "Thatta", "name_all": "Thatta", "dup_count": 1, "source": null }, "geometry": { "type": "Point", "coordinates": [ 74.42522, 31.40883 ] } },
{ "type": "Feature", "properties": { "name": "Thatta Dhilwan", "name_all": "Thatta Dhilwan", "dup_count": 1, "source": null }, "geometry": { "type": "Point", "coordinates": [ 74.52203, 31.66879 ] } },
{ "type": "Feature", "properties": { "name": "Thatta Talaran", "name_all": "Thatta Talaran", "dup_count": 1, "source": null }, "geometry": { "type": "Point", "coordinates": [ 74.54257, 31.62618 ] } },
{ "type": "Feature", "properties": { "name": "Thatti Kishan Kot", "name_all": "Thatti Kishan Kot", "dup_count": 1, "source": null }, "geometry": { "type": "Point", "coordinates": [ 74.54074, 31.63728 ] } },
{ "type": "Feature", "properties": { "name": "Theh Dhalla", "name_all": "Theh Dhalla", "dup_count": 1, "source": null }, "geometry": { "type": "Point", "coordinates": [ 74.45302, 31.39249 ] } },
{ "type": "Feature", "properties": { "name": "Thethar", "name_all": "Thethar", "dup_count": 1, "source": null }, "geometry": { "type": "Point", "coordinates": [ 74.45943, 31.42104 ] } },
{ "type": "Feature", "properties": { "name": "Thokar Niaz Baig", "name_all": "Thokar Niaz Baig", "dup_count": 1, "source": null }, "geometry": { "type": "Point", "coordinates": [ 74.24113, 31.47102 ] } },
{ "type": "Feature", "properties": { "name": "Tibba", "name_all": "Tibba", "dup_count": 1, "source": null }, "geometry": { "type": "Point", "coordinates": [ 74.19326, 31.39233 ] } },
{ "type": "Feature", "properties": { "name": "Tibba", "name_all": "Tibba", "dup_count": 1, "source": null }, "geometry": { "type": "Point", "coordinates": [ 74.43217, 31.49553 ] } },
{ "type": "Feature", "properties": { "name": "Tibba", "name_all": "Tibba", "dup_count": 1, "source": null }, "geometry": { "type": "Point", "coordinates": [ 74.32737, 31.39535 ] } },
{ "type": "Feature", "properties": { "name": "Tibba Samada", "name_all": "Tibba Samada", "dup_count": 1, "source": null }, "geometry": { "type": "Point", "coordinates": [ 74.07778, 31.31059 ] } },
{ "type": "Feature", "properties": { "name": "Tibba Surain Singh", "name_all": "Tibba Surain Singh", "dup_count": 1, "source": null }, "geometry": { "type": "Point", "coordinates": [ 74.22782, 31.30963 ] } },
{ "type": "Feature", "properties": { "name": "Tibbewalli", "name_all": "Tibbewalli", "dup_count": 1, "source": null }, "geometry": { "type": "Point", "coordinates": [ 74.19809, 31.39019 ] } },
{ "type": "Feature", "properties": { "name": "Tikki Mohallah", "name_all": "Tikki Mohallah", "dup_count": 1, "source": null }, "geometry": { "type": "Point", "coordinates": [ 74.49171, 31.60121 ] } },
{ "type": "Feature", "properties": { "name": "Timboliwala", "name_all": "Timboliwala", "dup_count": 1, "source": null }, "geometry": { "type": "Point", "coordinates": [ 74.10417, 31.30944 ] } },
{ "type": "Feature", "properties": { "name": "Tota Pind", "name_all": "Tota Pind", "dup_count": 1, "source": null }, "geometry": { "type": "Point", "coordinates": [ 74.50943, 31.49375 ] } },
{ "type": "Feature", "properties": { "name": "Tulspura", "name_all": "Tulspura", "dup_count": 1, "source": null }, "geometry": { "type": "Point", "coordinates": [ 74.46056, 31.5825 ] } },
{ "type": "Feature", "properties": { "name": "Tur", "name_all": "Tur", "dup_count": 1, "source": null }, "geometry": { "type": "Point", "coordinates": [ 74.30688, 31.36191 ] } },
{ "type": "Feature", "properties": { "name": "Uppal", "name_all": "Uppal", "dup_count": 1, "source": null }, "geometry": { "type": "Point", "coordinates": [ 74.60519, 31.4526 ] } },
{ "type": "Feature", "properties": { "name": "Vismian", "name_all": "Vismian", "dup_count": 1, "source": null }, "geometry": { "type": "Point", "coordinates": [ 74.52602, 31.65619 ] } },
{ "type": "Feature", "properties": { "name": "Wahga", "name_all": "Wahga", "dup_count": 1, "source": null }, "geometry": { "type": "Point", "coordinates": [ 74.55628, 31.595 ] } },
{ "type": "Feature", "properties": { "name": "Wara", "name_all": "Wara", "dup_count": 1, "source": null }, "geometry": { "type": "Point", "coordinates": [ 74.25315, 31.37712 ] } },
{ "type": "Feature", "properties": { "name": "Wara Allahdad", "name_all": "Wara Allahdad", "dup_count": 1, "source": null }, "geometry": { "type": "Point", "coordinates": [ 74.50824, 31.56681 ] } },
{ "type": "Feature", "properties": { "name": "Wara Hudiarian", "name_all": "Wara Hudiarian", "dup_count": 1, "source": null }, "geometry": { "type": "Point", "coordinates": [ 74.51144, 31.40996 ] } },
{ "type": "Feature", "properties": { "name": "Wara Meharana", "name_all": "Wara Meharana", "dup_count": 1, "source": null }, "geometry": { "type": "Point", "coordinates": [ 74.17315, 31.28937 ] } },
{ "type": "Feature", "properties": { "name": "Wara Mole Wasian", "name_all": "Wara Mole Wasian", "dup_count": 1, "source": null }, "geometry": { "type": "Point", "coordinates": [ 74.50398, 31.57356 ] } },
{ "type": "Feature", "properties": { "name": "Wara Shadi", "name_all": "Wara Shadi", "dup_count": 1, "source": null }, "geometry": { "type": "Point", "coordinates": [ 74.50711, 31.41648 ] } },
{ "type": "Feature", "properties": { "name": "Ziarat Jandiala", "name_all": "Ziarat Jandiala", "dup_count": 1, "source": null }, "geometry": { "type": "Point", "coordinates": [ 74.47671, 31.65544 ] } },
{ "type": "Feature", "properties": { "name": "Walled City", "name_all": "Walled City", "dup_count": 1, "source": "manually_added_2024" }, "geometry": { "type": "Point", "coordinates": [ 74.3248, 31.5793 ] } },
{ "type": "Feature", "properties": { "name": "Bhati Gate", "name_all": "Bhati Gate", "dup_count": 1, "source": "manually_added_2024" }, "geometry": { "type": "Point", "coordinates": [ 74.317, 31.58 ] } },
{ "type": "Feature", "properties": { "name": "Delhi Gate", "name_all": "Delhi Gate", "dup_count": 1, "source": "manually_added_2024" }, "geometry": { "type": "Point", "coordinates": [ 74.333, 31.5753 ] } },
{ "type": "Feature", "properties": { "name": "Lohari Gate", "name_all": "Lohari Gate", "dup_count": 1, "source": "manually_added_2024" }, "geometry": { "type": "Point", "coordinates": [ 74.3235, 31.5753 ] } },
{ "type": "Feature", "properties": { "name": "Mochi Gate", "name_all": "Mochi Gate", "dup_count": 1, "source": "manually_added_2024" }, "geometry": { "type": "Point", "coordinates": [ 74.3298, 31.5823 ] } },
{ "type": "Feature", "properties": { "name": "Shah Alam Market", "name_all": "Shah Alam Market", "dup_count": 1, "source": "manually_added_2024" }, "geometry": { "type": "Point", "coordinates": [ 74.3283, 31.5755 ] } },
{ "type": "Feature", "properties": { "name": "Data Darbar", "name_all": "Data Darbar", "dup_count": 1, "source": "manually_added_2024" }, "geometry": { "type": "Point", "coordinates": [ 74.3094, 31.5796 ] } },
{ "type": "Feature", "properties": { "name": "Naulakha", "name_all": "Naulakha", "dup_count": 1, "source": "manually_added_2024" }, "geometry": { "type": "Point", "coordinates": [ 74.3378, 31.563 ] } },
{ "type": "Feature", "properties": { "name": "Garhi Shahu", "name_all": "Garhi Shahu", "dup_count": 1, "source": "manually_added_2024" }, "geometry": { "type": "Point", "coordinates": [ 74.3553, 31.5617 ] } },
{ "type": "Feature", "properties": { "name": "Mughalpura", "name_all": "Mughalpura", "dup_count": 1, "source": "manually_added_2024" }, "geometry": { "type": "Point", "coordinates": [ 74.3817, 31.5693 ] } },
{ "type": "Feature", "properties": { "name": "Baghbanpura", "name_all": "Baghbanpura", "dup_count": 1, "source": "manually_added_2024" }, "geometry": { "type": "Point", "coordinates": [ 74.3381, 31.5718 ] } },
{ "type": "Feature", "properties": { "name": "Gulshan-e-Ravi", "name_all": "Gulshan-e-Ravi", "dup_count": 1, "source": "manually_added_2024" }, "geometry": { "type": "Point", "coordinates": [ 74.3275, 31.558 ] } },
{ "type": "Feature", "properties": { "name": "Harbanspura", "name_all": "Harbanspura", "dup_count": 1, "source": "manually_added_2024" }, "geometry": { "type": "Point", "coordinates": [ 74.3313, 31.5527 ] } },
{ "type": "Feature", "properties": { "name": "Shadbagh", "name_all": "Shadbagh", "dup_count": 1, "source": "manually_added_2024" }, "geometry": { "type": "Point", "coordinates": [ 74.3357, 31.5735 ] } },
{ "type": "Feature", "properties": { "name": "Ichra", "name_all": "Ichra", "dup_count": 1, "source": "manually_added_2024" }, "geometry": { "type": "Point", "coordinates": [ 74.3257, 31.5162 ] } },
{ "type": "Feature", "properties": { "name": "Shadman", "name_all": "Shadman", "dup_count": 1, "source": "manually_added_2024" }, "geometry": { "type": "Point", "coordinates": [ 74.3374, 31.5303 ] } },
{ "type": "Feature", "properties": { "name": "Shah Jamal", "name_all": "Shah Jamal", "dup_count": 1, "source": "manually_added_2024" }, "geometry": { "type": "Point", "coordinates": [ 74.3404, 31.5415 ] } },
{ "type": "Feature", "properties": { "name": "Garden Town", "name_all": "Garden Town", "dup_count": 1, "source": "manually_added_2024" }, "geometry": { "type": "Point", "coordinates": [ 74.3298, 31.5102 ] } },
{ "type": "Feature", "properties": { "name": "Samanabad", "name_all": "Samanabad", "dup_count": 1, "source": "manually_added_2024" }, "geometry": { "type": "Point", "coordinates": [ 74.3081, 31.5225 ] } },
{ "type": "Feature", "properties": { "name": "Cavalry Ground", "name_all": "Cavalry Ground", "dup_count": 1, "source": "manually_added_2024" }, "geometry": { "type": "Point", "coordinates": [ 74.3813, 31.5424 ] } },
{ "type": "Feature", "properties": { "name": "Walton", "name_all": "Walton", "dup_count": 1, "source": "manually_added_2024" }, "geometry": { "type": "Point", "coordinates": [ 74.366, 31.5021 ] } },
{ "type": "Feature", "properties": { "name": "Askari", "name_all": "Askari", "dup_count": 1, "source": "manually_added_2024" }, "geometry": { "type": "Point", "coordinates": [ 74.3912, 31.533 ] } },
{ "type": "Feature", "properties": { "name": "Faisal Town", "name_all": "Faisal Town", "dup_count": 1, "source": "manually_added_2024" }, "geometry": { "type": "Point", "coordinates": [ 74.3227, 31.459 ] } },
{ "type": "Feature", "properties": { "name": "Green Town", "name_all": "Green Town", "dup_count": 1, "source": "manually_added_2024" }, "geometry": { "type": "Point", "coordinates": [ 74.3017, 31.4525 ] } },
{ "type": "Feature", "properties": { "name": "Johar Town", "name_all": "Johar Town", "dup_count": 1, "source": "manually_added_2024" }, "geometry": { "type": "Point", "coordinates": [ 74.2893, 31.456 ] } },
{ "type": "Feature", "properties": { "name": "Township", "name_all": "Township", "dup_count": 1, "source": "manually_added_2024" }, "geometry": { "type": "Point", "coordinates": [ 74.2723, 31.4413 ] } },
{ "type": "Feature", "properties": { "name": "Allama Iqbal Town", "name_all": "Allama Iqbal Town", "dup_count": 1, "source": "manually_added_2024" }, "geometry": { "type": "Point", "coordinates": [ 74.2978, 31.4897 ] } },
{ "type": "Feature", "properties": { "name": "Valencia Town", "name_all": "Valencia Town", "dup_count": 1, "source": "manually_added_2024" }, "geometry": { "type": "Point", "coordinates": [ 74.3361, 31.5658 ] } },
{ "type": "Feature", "properties": { "name": "DHA Phase 1", "name_all": "DHA Phase 1", "dup_count": 1, "source": "manually_added_2024" }, "geometry": { "type": "Point", "coordinates": [ 74.383, 31.4671 ] } },
{ "type": "Feature", "properties": { "name": "DHA Phase 5", "name_all": "DHA Phase 5", "dup_count": 1, "source": "manually_added_2024" }, "geometry": { "type": "Point", "coordinates": [ 74.4079, 31.4658 ] } },
{ "type": "Feature", "properties": { "name": "DHA Phase 6", "name_all": "DHA Phase 6", "dup_count": 1, "source": "manually_added_2024" }, "geometry": { "type": "Point", "coordinates": [ 74.4222, 31.4533 ] } },
{ "type": "Feature", "properties": { "name": "Bahria Town", "name_all": "Bahria Town", "dup_count": 1, "source": "manually_added_2024" }, "geometry": { "type": "Point", "coordinates": [ 74.1748, 31.3556 ] } },
{ "type": "Feature", "properties": { "name": "Sundar Industrial Estate", "name_all": "Sundar Industrial Estate", "dup_count": 1, "source": "manually_added_2024" }, "geometry": { "type": "Point", "coordinates": [ 74.2792, 31.3548 ] } },
{ "type": "Feature", "properties": { "name": "Shahdara", "name_all": "Shahdara", "dup_count": 1, "source": "manually_added_2024" }, "geometry": { "type": "Point", "coordinates": [ 74.3141, 31.6062 ] } },
{ "type": "Feature", "properties": { "name": "Sukh Chain Society", "name_all": "Sukh Chain Society", "dup_count": 1, "source": "user_verified_list_2024" }, "geometry": { "type": "Point", "coordinates": [ 74.3148, 31.4048 ] } },
{ "type": "Feature", "properties": { "name": "Sarshar Town", "name_all": "Sarshar Town", "dup_count": 1, "source": "user_verified_list_2024" }, "geometry": { "type": "Point", "coordinates": [ 74.2902, 31.395 ] } },
{ "type": "Feature", "properties": { "name": "Raiwind Road", "name_all": "Raiwind Road", "dup_count": 1, "source": "user_verified_list_2024" }, "geometry": { "type": "Point", "coordinates": [ 74.286, 31.4002 ] } },
{ "type": "Feature", "properties": { "name": "Lake City", "name_all": "Lake City", "dup_count": 1, "source": "user_verified_list_2024" }, "geometry": { "type": "Point", "coordinates": [ 74.2842, 31.384 ] } },
{ "type": "Feature", "properties": { "name": "NFC Town", "name_all": "NFC Town", "dup_count": 1, "source": "user_verified_list_2024" }, "geometry": { "type": "Point", "coordinates": [ 74.3002, 31.4298 ] } },
{ "type": "Feature", "properties": { "name": "Tariq Garden", "name_all": "Tariq Garden", "dup_count": 1, "source": "user_verified_list_2024" }, "geometry": { "type": "Point", "coordinates": [ 74.3098, 31.432 ] } },
{ "type": "Feature", "properties": { "name": "Alfalah Town", "name_all": "Alfalah Town", "dup_count": 1, "source": "user_verified_list_2024" }, "geometry": { "type": "Point", "coordinates": [ 74.2988, 31.4302 ] } },
{ "type": "Feature", "properties": { "name": "Multan Road", "name_all": "Multan Road", "dup_count": 1, "source": "user_verified_list_2024" }, "geometry": { "type": "Point", "coordinates": [ 74.3082, 31.4162 ] } },
{ "type": "Feature", "properties": { "name": "LDA Avenue", "name_all": "LDA Avenue", "dup_count": 1, "source": "user_verified_list_2024" }, "geometry": { "type": "Point", "coordinates": [ 74.3028, 31.4368 ] } },
{ "type": "Feature", "properties": { "name": "LDA Colony", "name_all": "LDA Colony", "dup_count": 1, "source": "user_verified_list_2024" }, "geometry": { "type": "Point", "coordinates": [ 74.303, 31.453 ] } },
{ "type": "Feature", "properties": { "name": "PASCO Housing Society", "name_all": "PASCO Housing Society", "dup_count": 1, "source": "user_verified_list_2024" }, "geometry": { "type": "Point", "coordinates": [ 74.2538, 31.4252 ] } },
{ "type": "Feature", "properties": { "name": "Kot Lakhpat", "name_all": "Kot Lakhpat", "dup_count": 1, "source": "user_verified_list_2024" }, "geometry": { "type": "Point", "coordinates": [ 74.263, 31.46 ] } },
{ "type": "Feature", "properties": { "name": "Quaid e Azam Industrial Estate", "name_all": "Quaid e Azam Industrial Estate", "dup_count": 1, "source": "user_verified_list_2024" }, "geometry": { "type": "Point", "coordinates": [ 74.2702, 31.4598 ] } },
{ "type": "Feature", "properties": { "name": "Chararrd Village", "name_all": "Chararrd Village", "dup_count": 1, "source": "user_verified_list_2024" }, "geometry": { "type": "Point", "coordinates": [ 74.27, 31.4402 ] } },
{ "type": "Feature", "properties": { "name": "Bostan Colony", "name_all": "Bostan Colony", "dup_count": 1, "source": "user_verified_list_2024" }, "geometry": { "type": "Point", "coordinates": [ 74.2698, 31.4448 ] } },
{ "type": "Feature", "properties": { "name": "Baba Farid Colony", "name_all": "Baba Farid Colony", "dup_count": 1, "source": "user_verified_list_2024" }, "geometry": { "type": "Point", "coordinates": [ 74.2758, 31.448 ] } },
{ "type": "Feature", "properties": { "name": "Nasheman Iqbal Housing Scheme", "name_all": "Nasheman Iqbal Housing Scheme", "dup_count": 1, "source": "user_verified_list_2024" }, "geometry": { "type": "Point", "coordinates": [ 74.2748, 31.4278 ] } },
{ "type": "Feature", "properties": { "name": "Opf Colony", "name_all": "Opf Colony", "dup_count": 1, "source": "user_verified_list_2024" }, "geometry": { "type": "Point", "coordinates": [ 74.28, 31.4298 ] } },
{ "type": "Feature", "properties": { "name": "Opf Housing Scheme", "name_all": "Opf Housing Scheme", "dup_count": 1, "source": "user_verified_list_2024" }, "geometry": { "type": "Point", "coordinates": [ 74.2782, 31.4268 ] } },
{ "type": "Feature", "properties": { "name": "Tricon Valley", "name_all": "Tricon Valley", "dup_count": 1, "source": "user_verified_list_2024" }, "geometry": { "type": "Point", "coordinates": [ 74.2598, 31.4628 ] } },
{ "type": "Feature", "properties": { "name": "Canal Garden", "name_all": "Canal Garden", "dup_count": 1, "source": "user_verified_list_2024" }, "geometry": { "type": "Point", "coordinates": [ 74.2678, 31.4758 ] } },
{ "type": "Feature", "properties": { "name": "Eden Canal Villas", "name_all": "Eden Canal Villas", "dup_count": 1, "source": "user_verified_list_2024" }, "geometry": { "type": "Point", "coordinates": [ 74.2448, 31.4698 ] } },
{ "type": "Feature", "properties": { "name": "Eden Homes", "name_all": "Eden Homes", "dup_count": 1, "source": "user_verified_list_2024" }, "geometry": { "type": "Point", "coordinates": [ 74.2478, 31.472 ] } },
{ "type": "Feature", "properties": { "name": "Eden Avenue", "name_all": "Eden Avenue", "dup_count": 1, "source": "user_verified_list_2024" }, "geometry": { "type": "Point", "coordinates": [ 74.2438, 31.4758 ] } },
{ "type": "Feature", "properties": { "name": "Eden View", "name_all": "Eden View", "dup_count": 1, "source": "user_verified_list_2024" }, "geometry": { "type": "Point", "coordinates": [ 74.2468, 31.473 ] } },
{ "type": "Feature", "properties": { "name": "Canal Breeze", "name_all": "Canal Breeze", "dup_count": 1, "source": "user_verified_list_2024" }, "geometry": { "type": "Point", "coordinates": [ 74.2648, 31.4718 ] } },
{ "type": "Feature", "properties": { "name": "Canal Bank", "name_all": "Canal Bank", "dup_count": 1, "source": "user_verified_list_2024" }, "geometry": { "type": "Point", "coordinates": [ 74.2898, 31.4788 ] } },
{ "type": "Feature", "properties": { "name": "Canal Park Society", "name_all": "Canal Park Society", "dup_count": 1, "source": "user_verified_list_2024" }, "geometry": { "type": "Point", "coordinates": [ 74.2948, 31.4818 ] } },
{ "type": "Feature", "properties": { "name": "Jubli Town", "name_all": "Jubli Town", "dup_count": 1, "source": "user_verified_list_2024" }, "geometry": { "type": "Point", "coordinates": [ 74.2748, 31.4548 ] } },
{ "type": "Feature", "properties": { "name": "Izmir Town", "name_all": "Izmir Town", "dup_count": 1, "source": "user_verified_list_2024" }, "geometry": { "type": "Point", "coordinates": [ 74.2828, 31.4428 ] } },
{ "type": "Feature", "properties": { "name": "Khyaban E Amin", "name_all": "Khyaban E Amin", "dup_count": 1, "source": "user_verified_list_2024" }, "geometry": { "type": "Point", "coordinates": [ 74.2958, 31.4378 ] } },
{ "type": "Feature", "properties": { "name": "Nespak Society", "name_all": "Nespak Society", "dup_count": 1, "source": "user_verified_list_2024" }, "geometry": { "type": "Point", "coordinates": [ 74.3028, 31.4338 ] } },
{ "type": "Feature", "properties": { "name": "Wapda Town", "name_all": "Wapda Town", "dup_count": 1, "source": "user_verified_list_2024" }, "geometry": { "type": "Point", "coordinates": [ 74.2858, 31.4488 ] } },
{ "type": "Feature", "properties": { "name": "Peco Road", "name_all": "Peco Road", "dup_count": 1, "source": "user_verified_list_2024" }, "geometry": { "type": "Point", "coordinates": [ 74.2918, 31.4488 ] } },
{ "type": "Feature", "properties": { "name": "Hamdard Chowk", "name_all": "Hamdard Chowk", "dup_count": 1, "source": "user_verified_list_2024" }, "geometry": { "type": "Point", "coordinates": [ 74.2898, 31.4588 ] } },
{ "type": "Feature", "properties": { "name": "Muhafiz Town", "name_all": "Muhafiz Town", "dup_count": 1, "source": "user_verified_list_2024" }, "geometry": { "type": "Point", "coordinates": [ 74.3078, 31.4618 ] } },
{ "type": "Feature", "properties": { "name": "Fransisi Town", "name_all": "Fransisi Town", "dup_count": 1, "source": "user_verified_list_2024" }, "geometry": { "type": "Point", "coordinates": [ 74.2978, 31.4518 ] } },
{ "type": "Feature", "properties": { "name": "Iqbal Avenue", "name_all": "Iqbal Avenue", "dup_count": 1, "source": "user_verified_list_2024" }, "geometry": { "type": "Point", "coordinates": [ 74.3118, 31.4648 ] } },
{ "type": "Feature", "properties": { "name": "Iqbal Ave Housing Society", "name_all": "Iqbal Ave Housing Society", "dup_count": 1, "source": "user_verified_list_2024" }, "geometry": { "type": "Point", "coordinates": [ 74.312, 31.465 ] } },
{ "type": "Feature", "properties": { "name": "PCSIR Housing Scheme", "name_all": "PCSIR Housing Scheme", "dup_count": 1, "source": "user_verified_list_2024" }, "geometry": { "type": "Point", "coordinates": [ 74.3108, 31.5038 ] } },
{ "type": "Feature", "properties": { "name": "PCSIR Housing Society", "name_all": "PCSIR Housing Society", "dup_count": 1, "source": "user_verified_list_2024" }, "geometry": { "type": "Point", "coordinates": [ 74.3128, 31.5058 ] } },
{ "type": "Feature", "properties": { "name": "PCSIR Society", "name_all": "PCSIR Society", "dup_count": 1, "source": "user_verified_list_2024" }, "geometry": { "type": "Point", "coordinates": [ 74.3092, 31.502 ] } },
{ "type": "Feature", "properties": { "name": "Alpha Co Operative", "name_all": "Alpha Co Operative", "dup_count": 1, "source": "user_verified_list_2024" }, "geometry": { "type": "Point", "coordinates": [ 74.3168, 31.5018 ] } },
{ "type": "Feature", "properties": { "name": "Airline Society", "name_all": "Airline Society", "dup_count": 1, "source": "user_verified_list_2024" }, "geometry": { "type": "Point", "coordinates": [ 74.2918, 31.4578 ] } },
{ "type": "Feature", "properties": { "name": "Revenue Society", "name_all": "Revenue Society", "dup_count": 1, "source": "user_verified_list_2024" }, "geometry": { "type": "Point", "coordinates": [ 74.2978, 31.4578 ] } },
{ "type": "Feature", "properties": { "name": "PIA Society", "name_all": "PIA Society", "dup_count": 1, "source": "user_verified_list_2024" }, "geometry": { "type": "Point", "coordinates": [ 74.2938, 31.4618 ] } },
{ "type": "Feature", "properties": { "name": "Shama Colony", "name_all": "Shama Colony", "dup_count": 1, "source": "user_verified_list_2024" }, "geometry": { "type": "Point", "coordinates": [ 74.3018, 31.4668 ] } },
{ "type": "Feature", "properties": { "name": "New Mustafa Colony", "name_all": "New Mustafa Colony", "dup_count": 1, "source": "user_verified_list_2024" }, "geometry": { "type": "Point", "coordinates": [ 74.3098, 31.4458 ] } },
{ "type": "Feature", "properties": { "name": "Wafaqi Colony", "name_all": "Wafaqi Colony", "dup_count": 1, "source": "user_verified_list_2024" }, "geometry": { "type": "Point", "coordinates": [ 74.3148, 31.4488 ] } },
{ "type": "Feature", "properties": { "name": "Youhana Abad", "name_all": "Youhana Abad", "dup_count": 1, "source": "user_verified_list_2024" }, "geometry": { "type": "Point", "coordinates": [ 74.2768, 31.5048 ] } },
{ "type": "Feature", "properties": { "name": "Nishtar Colony", "name_all": "Nishtar Colony", "dup_count": 1, "source": "user_verified_list_2024" }, "geometry": { "type": "Point", "coordinates": [ 74.2958, 31.4838 ] } },
{ "type": "Feature", "properties": { "name": "Punjab University", "name_all": "Punjab University", "dup_count": 1, "source": "user_verified_list_2024" }, "geometry": { "type": "Point", "coordinates": [ 74.3258, 31.4758 ] } },
{ "type": "Feature", "properties": { "name": "Punjab University Hostel", "name_all": "Punjab University Hostel", "dup_count": 1, "source": "user_verified_list_2024" }, "geometry": { "type": "Point", "coordinates": [ 74.3278, 31.479 ] } },
{ "type": "Feature", "properties": { "name": "Allama Iqbal Medical College", "name_all": "Allama Iqbal Medical College", "dup_count": 1, "source": "user_verified_list_2024" }, "geometry": { "type": "Point", "coordinates": [ 74.2968, 31.4868 ] } },
{ "type": "Feature", "properties": { "name": "Shaikh Zayed Hospital", "name_all": "Shaikh Zayed Hospital", "dup_count": 1, "source": "user_verified_list_2024" }, "geometry": { "type": "Point", "coordinates": [ 74.3208, 31.4778 ] } },
{ "type": "Feature", "properties": { "name": "UCP", "name_all": "UCP", "dup_count": 1, "source": "user_verified_list_2024" }, "geometry": { "type": "Point", "coordinates": [ 74.2998, 31.4728 ] } },
{ "type": "Feature", "properties": { "name": "Doctors Society", "name_all": "Doctors Society", "dup_count": 1, "source": "user_verified_list_2024" }, "geometry": { "type": "Point", "coordinates": [ 74.3298, 31.4848 ] } },
{ "type": "Feature", "properties": { "name": "Muslim Town", "name_all": "Muslim Town", "dup_count": 1, "source": "user_verified_list_2024" }, "geometry": { "type": "Point", "coordinates": [ 74.3248, 31.4838 ] } },
{ "type": "Feature", "properties": { "name": "Nizam Block", "name_all": "Nizam Block", "dup_count": 1, "source": "user_verified_list_2024" }, "geometry": { "type": "Point", "coordinates": [ 74.3148, 31.4898 ] } },
{ "type": "Feature", "properties": { "name": "Gulshan Block", "name_all": "Gulshan Block", "dup_count": 1, "source": "user_verified_list_2024" }, "geometry": { "type": "Point", "coordinates": [ 74.3178, 31.4878 ] } },
{ "type": "Feature", "properties": { "name": "Asif Block", "name_all": "Asif Block", "dup_count": 1, "source": "user_verified_list_2024" }, "geometry": { "type": "Point", "coordinates": [ 74.3098, 31.4918 ] } },
{ "type": "Feature", "properties": { "name": "Awan Market", "name_all": "Awan Market", "dup_count": 1, "source": "user_verified_list_2024" }, "geometry": { "type": "Point", "coordinates": [ 74.3028, 31.4928 ] } },
{ "type": "Feature", "properties": { "name": "New Garden Town", "name_all": "New Garden Town", "dup_count": 1, "source": "user_verified_list_2024" }, "geometry": { "type": "Point", "coordinates": [ 74.3328, 31.5118 ] } },
{ "type": "Feature", "properties": { "name": "Jinnah Hospital", "name_all": "Jinnah Hospital", "dup_count": 1, "source": "user_verified_list_2024" }, "geometry": { "type": "Point", "coordinates": [ 74.3288, 31.5188 ] } },
{ "type": "Feature", "properties": { "name": "Band Road", "name_all": "Band Road", "dup_count": 1, "source": "user_verified_list_2024" }, "geometry": { "type": "Point", "coordinates": [ 74.3138, 31.4898 ] } },
{ "type": "Feature", "properties": { "name": "Shaukat Khanum Hospital", "name_all": "Shaukat Khanum Hospital", "dup_count": 1, "source": "user_verified_list_2024" }, "geometry": { "type": "Point", "coordinates": [ 74.3608, 31.4898 ] } },
{ "type": "Feature", "properties": { "name": "Architects Engineers Society", "name_all": "Architects Engineers Society", "dup_count": 1, "source": "user_verified_list_2024" }, "geometry": { "type": "Point", "coordinates": [ 74.3618, 31.4718 ] } },
{ "type": "Feature", "properties": { "name": "Punjab Govt Employs Coparative Society", "name_all": "Punjab Govt Employs Coparative Society", "dup_count": 1, "source": "user_verified_list_2024" }, "geometry": { "type": "Point", "coordinates": [ 74.3398, 31.4688 ] } },
{ "type": "Feature", "properties": { "name": "Fc College", "name_all": "Fc College", "dup_count": 1, "source": "user_verified_list_2024" }, "geometry": { "type": "Point", "coordinates": [ 74.3498, 31.5238 ] } },
{ "type": "Feature", "properties": { "name": "Gulberg 1", "name_all": "Gulberg 1", "dup_count": 1, "source": "user_verified_list_2024" }, "geometry": { "type": "Point", "coordinates": [ 74.3438, 31.5318 ] } },
{ "type": "Feature", "properties": { "name": "Gulberg 2", "name_all": "Gulberg 2", "dup_count": 1, "source": "user_verified_list_2024" }, "geometry": { "type": "Point", "coordinates": [ 74.3488, 31.5278 ] } },
{ "type": "Feature", "properties": { "name": "Gulberg 3", "name_all": "Gulberg 3", "dup_count": 1, "source": "user_verified_list_2024" }, "geometry": { "type": "Point", "coordinates": [ 74.3528, 31.5238 ] } },
{ "type": "Feature", "properties": { "name": "Gulberg 4", "name_all": "Gulberg 4", "dup_count": 1, "source": "user_verified_list_2024" }, "geometry": { "type": "Point", "coordinates": [ 74.3578, 31.5198 ] } },
{ "type": "Feature", "properties": { "name": "Gulberg 5", "name_all": "Gulberg 5", "dup_count": 1, "source": "user_verified_list_2024" }, "geometry": { "type": "Point", "coordinates": [ 74.3618, 31.5158 ] } },
{ "type": "Feature", "properties": { "name": "Gor", "name_all": "Gor", "dup_count": 1, "source": "user_verified_list_2024" }, "geometry": { "type": "Point", "coordinates": [ 74.3558, 31.5268 ] } },
{ "type": "Feature", "properties": { "name": "Gor I", "name_all": "Gor I", "dup_count": 1, "source": "user_verified_list_2024" }, "geometry": { "type": "Point", "coordinates": [ 74.3538, 31.5298 ] } },
{ "type": "Feature", "properties": { "name": "Gor II", "name_all": "Gor II", "dup_count": 1, "source": "user_verified_list_2024" }, "geometry": { "type": "Point", "coordinates": [ 74.3578, 31.5268 ] } },
{ "type": "Feature", "properties": { "name": "Gor III", "name_all": "Gor III", "dup_count": 1, "source": "user_verified_list_2024" }, "geometry": { "type": "Point", "coordinates": [ 74.3618, 31.5238 ] } },
{ "type": "Feature", "properties": { "name": "Gor IV", "name_all": "Gor IV", "dup_count": 1, "source": "user_verified_list_2024" }, "geometry": { "type": "Point", "coordinates": [ 74.3648, 31.5208 ] } },
{ "type": "Feature", "properties": { "name": "Gor V", "name_all": "Gor V", "dup_count": 1, "source": "user_verified_list_2024" }, "geometry": { "type": "Point", "coordinates": [ 74.3678, 31.5178 ] } },
{ "type": "Feature", "properties": { "name": "Main Gulberg Boulevard", "name_all": "Main Gulberg Boulevard", "dup_count": 1, "source": "user_verified_list_2024" }, "geometry": { "type": "Point", "coordinates": [ 74.3528, 31.5218 ] } },
{ "type": "Feature", "properties": { "name": "M M Alam Road", "name_all": "M M Alam Road", "dup_count": 1, "source": "user_verified_list_2024" }, "geometry": { "type": "Point", "coordinates": [ 74.3498, 31.5198 ] } },
{ "type": "Feature", "properties": { "name": "Moon Market", "name_all": "Moon Market", "dup_count": 1, "source": "user_verified_list_2024" }, "geometry": { "type": "Point", "coordinates": [ 74.3478, 31.5328 ] } },
{ "type": "Feature", "properties": { "name": "Main Mir Colony", "name_all": "Main Mir Colony", "dup_count": 1, "source": "user_verified_list_2024" }, "geometry": { "type": "Point", "coordinates": [ 74.3448, 31.5348 ] } },
{ "type": "Feature", "properties": { "name": "Lalzar Colony", "name_all": "Lalzar Colony", "dup_count": 1, "source": "user_verified_list_2024" }, "geometry": { "type": "Point", "coordinates": [ 74.3438, 31.5398 ] } },
{ "type": "Feature", "properties": { "name": "Shabir Town", "name_all": "Shabir Town", "dup_count": 1, "source": "user_verified_list_2024" }, "geometry": { "type": "Point", "coordinates": [ 74.3518, 31.5388 ] } },
{ "type": "Feature", "properties": { "name": "CMA Colony", "name_all": "CMA Colony", "dup_count": 1, "source": "user_verified_list_2024" }, "geometry": { "type": "Point", "coordinates": [ 74.3648, 31.5378 ] } },
{ "type": "Feature", "properties": { "name": "Makkah Colony", "name_all": "Makkah Colony", "dup_count": 1, "source": "user_verified_list_2024" }, "geometry": { "type": "Point", "coordinates": [ 74.3198, 31.5398 ] } },
{ "type": "Feature", "properties": { "name": "Khuda Buksh Colony", "name_all": "Khuda Buksh Colony", "dup_count": 1, "source": "user_verified_list_2024" }, "geometry": { "type": "Point", "coordinates": [ 74.3248, 31.5418 ] } },
{ "type": "Feature", "properties": { "name": "Fort Villas", "name_all": "Fort Villas", "dup_count": 1, "source": "user_verified_list_2024" }, "geometry": { "type": "Point", "coordinates": [ 74.3298, 31.5458 ] } },
{ "type": "Feature", "properties": { "name": "Bridge Colony", "name_all": "Bridge Colony", "dup_count": 1, "source": "user_verified_list_2024" }, "geometry": { "type": "Point", "coordinates": [ 74.3318, 31.5478 ] } },
{ "type": "Feature", "properties": { "name": "Aitchison Society", "name_all": "Aitchison Society", "dup_count": 1, "source": "user_verified_list_2024" }, "geometry": { "type": "Point", "coordinates": [ 74.3398, 31.5308 ] } },
{ "type": "Feature", "properties": { "name": "Gulbahar Colony", "name_all": "Gulbahar Colony", "dup_count": 1, "source": "user_verified_list_2024" }, "geometry": { "type": "Point", "coordinates": [ 74.3098, 31.5298 ] } },
{ "type": "Feature", "properties": { "name": "Madina Colony", "name_all": "Madina Colony", "dup_count": 1, "source": "user_verified_list_2024" }, "geometry": { "type": "Point", "coordinates": [ 74.3148, 31.5328 ] } },
{ "type": "Feature", "properties": { "name": "Taj Bagh", "name_all": "Taj Bagh", "dup_count": 1, "source": "user_verified_list_2024" }, "geometry": { "type": "Point", "coordinates": [ 74.3648, 31.5458 ] } },
{ "type": "Feature", "properties": { "name": "Taj Pura", "name_all": "Taj Pura", "dup_count": 1, "source": "user_verified_list_2024" }, "geometry": { "type": "Point", "coordinates": [ 74.3678, 31.5428 ] } },
{ "type": "Feature", "properties": { "name": "Sarwar Road", "name_all": "Sarwar Road", "dup_count": 1, "source": "user_verified_list_2024" }, "geometry": { "type": "Point", "coordinates": [ 74.3718, 31.5428 ] } },
{ "type": "Feature", "properties": { "name": "Kainchi", "name_all": "Kainchi", "dup_count": 1, "source": "user_verified_list_2024" }, "geometry": { "type": "Point", "coordinates": [ 74.3718, 31.5068 ] } },
{ "type": "Feature", "properties": { "name": "K B Society", "name_all": "K B Society", "dup_count": 1, "source": "user_verified_list_2024" }, "geometry": { "type": "Point", "coordinates": [ 74.3798, 31.5018 ] } },
{ "type": "Feature", "properties": { "name": "Salamatpura", "name_all": "Salamatpura", "dup_count": 1, "source": "user_verified_list_2024" }, "geometry": { "type": "Point", "coordinates": [ 74.3848, 31.4958 ] } },
{ "type": "Feature", "properties": { "name": "Rehman Garden", "name_all": "Rehman Garden", "dup_count": 1, "source": "user_verified_list_2024" }, "geometry": { "type": "Point", "coordinates": [ 74.3498, 31.5098 ] } },
{ "type": "Feature", "properties": { "name": "Super Town", "name_all": "Super Town", "dup_count": 1, "source": "user_verified_list_2024" }, "geometry": { "type": "Point", "coordinates": [ 74.3618, 31.5118 ] } },
{ "type": "Feature", "properties": { "name": "West Wood Colony", "name_all": "West Wood Colony", "dup_count": 1, "source": "user_verified_list_2024" }, "geometry": { "type": "Point", "coordinates": [ 74.3598, 31.5018 ] } },
{ "type": "Feature", "properties": { "name": "Walton Road", "name_all": "Walton Road", "dup_count": 1, "source": "user_verified_list_2024" }, "geometry": { "type": "Point", "coordinates": [ 74.3648, 31.5 ] } },
{ "type": "Feature", "properties": { "name": "Ghazi Road", "name_all": "Ghazi Road", "dup_count": 1, "source": "user_verified_list_2024" }, "geometry": { "type": "Point", "coordinates": [ 74.3778, 31.5028 ] } },
{ "type": "Feature", "properties": { "name": "Main Khayaban Road", "name_all": "Main Khayaban Road", "dup_count": 1, "source": "user_verified_list_2024" }, "geometry": { "type": "Point", "coordinates": [ 74.3878, 31.5078 ] } },
{ "type": "Feature", "properties": { "name": "Chungi Amar Sidhu", "name_all": "Chungi Amar Sidhu", "dup_count": 1, "source": "user_verified_list_2024" }, "geometry": { "type": "Point", "coordinates": [ 74.4098, 31.4978 ] } },
{ "type": "Feature", "properties": { "name": "Gohawa", "name_all": "Gohawa", "dup_count": 1, "source": "user_verified_list_2024" }, "geometry": { "type": "Point", "coordinates": [ 74.4098, 31.5098 ] } },
{ "type": "Feature", "properties": { "name": "Abdalian Housing Society", "name_all": "Abdalian Housing Society", "dup_count": 1, "source": "user_verified_list_2024" }, "geometry": { "type": "Point", "coordinates": [ 74.3808, 31.5098 ] } },
{ "type": "Feature", "properties": { "name": "Falcon Complex", "name_all": "Falcon Complex", "dup_count": 1, "source": "user_verified_list_2024" }, "geometry": { "type": "Point", "coordinates": [ 74.3958, 31.5218 ] } },
{ "type": "Feature", "properties": { "name": "Airport Road", "name_all": "Airport Road", "dup_count": 1, "source": "user_verified_list_2024" }, "geometry": { "type": "Point", "coordinates": [ 74.3978, 31.5198 ] } },
{ "type": "Feature", "properties": { "name": "Mall Road", "name_all": "Mall Road", "dup_count": 1, "source": "user_verified_list_2024" }, "geometry": { "type": "Point", "coordinates": [ 74.3378, 31.5478 ] } },
{ "type": "Feature", "properties": { "name": "Davis Road", "name_all": "Davis Road", "dup_count": 1, "source": "user_verified_list_2024" }, "geometry": { "type": "Point", "coordinates": [ 74.3368, 31.5438 ] } },
{ "type": "Feature", "properties": { "name": "Upper Mall Scheme", "name_all": "Upper Mall Scheme", "dup_count": 1, "source": "user_verified_list_2024" }, "geometry": { "type": "Point", "coordinates": [ 74.3348, 31.5478 ] } },
{ "type": "Feature", "properties": { "name": "Lawrence Road", "name_all": "Lawrence Road", "dup_count": 1, "source": "user_verified_list_2024" }, "geometry": { "type": "Point", "coordinates": [ 74.3378, 31.5458 ] } },
{ "type": "Feature", "properties": { "name": "Jail Road", "name_all": "Jail Road", "dup_count": 1, "source": "user_verified_list_2024" }, "geometry": { "type": "Point", "coordinates": [ 74.3298, 31.5348 ] } },
{ "type": "Feature", "properties": { "name": "Lahore Gym Khana", "name_all": "Lahore Gym Khana", "dup_count": 1, "source": "user_verified_list_2024" }, "geometry": { "type": "Point", "coordinates": [ 74.3398, 31.5468 ] } },
{ "type": "Feature", "properties": { "name": "Infantry Road", "name_all": "Infantry Road", "dup_count": 1, "source": "user_verified_list_2024" }, "geometry": { "type": "Point", "coordinates": [ 74.3378, 31.5498 ] } },
{ "type": "Feature", "properties": { "name": "Khursheed Alam Road", "name_all": "Khursheed Alam Road", "dup_count": 1, "source": "user_verified_list_2024" }, "geometry": { "type": "Point", "coordinates": [ 74.3428, 31.5518 ] } },
{ "type": "Feature", "properties": { "name": "Nisar Colony", "name_all": "Nisar Colony", "dup_count": 1, "source": "user_verified_list_2024" }, "geometry": { "type": "Point", "coordinates": [ 74.3458, 31.5478 ] } },
{ "type": "Feature", "properties": { "name": "Tufail Road", "name_all": "Tufail Road", "dup_count": 1, "source": "user_verified_list_2024" }, "geometry": { "type": "Point", "coordinates": [ 74.3408, 31.5528 ] } },
{ "type": "Feature", "properties": { "name": "Nasheman Colony", "name_all": "Nasheman Colony", "dup_count": 1, "source": "user_verified_list_2024" }, "geometry": { "type": "Point", "coordinates": [ 74.3498, 31.5518 ] } },
{ "type": "Feature", "properties": { "name": "Munir Road", "name_all": "Munir Road", "dup_count": 1, "source": "user_verified_list_2024" }, "geometry": { "type": "Point", "coordinates": [ 74.3428, 31.5478 ] } },
{ "type": "Feature", "properties": { "name": "R A Bazaar", "name_all": "R A Bazaar", "dup_count": 1, "source": "user_verified_list_2024" }, "geometry": { "type": "Point", "coordinates": [ 74.3458, 31.5528 ] } },
{ "type": "Feature", "properties": { "name": "Shahtaj Colony", "name_all": "Shahtaj Colony", "dup_count": 1, "source": "user_verified_list_2024" }, "geometry": { "type": "Point", "coordinates": [ 74.3488, 31.5518 ] } },
{ "type": "Feature", "properties": { "name": "Zaman Colony", "name_all": "Zaman Colony", "dup_count": 1, "source": "user_verified_list_2024" }, "geometry": { "type": "Point", "coordinates": [ 74.3528, 31.5518 ] } },
{ "type": "Feature", "properties": { "name": "Saint John Park", "name_all": "Saint John Park", "dup_count": 1, "source": "user_verified_list_2024" }, "geometry": { "type": "Point", "coordinates": [ 74.3378, 31.5578 ] } },
{ "type": "Feature", "properties": { "name": "Saddar", "name_all": "Saddar", "dup_count": 1, "source": "user_verified_list_2024" }, "geometry": { "type": "Point", "coordinates": [ 74.3398, 31.5598 ] } },
{ "type": "Feature", "properties": { "name": "Temple Road", "name_all": "Temple Road", "dup_count": 1, "source": "user_verified_list_2024" }, "geometry": { "type": "Point", "coordinates": [ 74.3378, 31.5628 ] } },
{ "type": "Feature", "properties": { "name": "Civic Center", "name_all": "Civic Center", "dup_count": 1, "source": "user_verified_list_2024" }, "geometry": { "type": "Point", "coordinates": [ 74.3368, 31.5678 ] } },
{ "type": "Feature", "properties": { "name": "Wapda House", "name_all": "Wapda House", "dup_count": 1, "source": "user_verified_list_2024" }, "geometry": { "type": "Point", "coordinates": [ 74.3368, 31.5648 ] } },
{ "type": "Feature", "properties": { "name": "Mozang", "name_all": "Mozang", "dup_count": 1, "source": "user_verified_list_2024" }, "geometry": { "type": "Point", "coordinates": [ 74.3428, 31.5578 ] } },
{ "type": "Feature", "properties": { "name": "Ganga Ram Hospital", "name_all": "Ganga Ram Hospital", "dup_count": 1, "source": "user_verified_list_2024" }, "geometry": { "type": "Point", "coordinates": [ 74.3378, 31.5598 ] } },
{ "type": "Feature", "properties": { "name": "Mayo Hospital", "name_all": "Mayo Hospital", "dup_count": 1, "source": "user_verified_list_2024" }, "geometry": { "type": "Point", "coordinates": [ 74.3338, 31.5608 ] } },
{ "type": "Feature", "properties": { "name": "Race Course Park Surrounding Area", "name_all": "Race Course Park Surrounding Area", "dup_count": 1, "source": "user_verified_list_2024" }, "geometry": { "type": "Point", "coordinates": [ 74.3538, 31.5388 ] } },
{ "type": "Feature", "properties": { "name": "Anar Kali", "name_all": "Anar Kali", "dup_count": 1, "source": "user_verified_list_2024" }, "geometry": { "type": "Point", "coordinates": [ 74.3328, 31.5708 ] } },
{ "type": "Feature", "properties": { "name": "Canal Road", "name_all": "Canal Road", "dup_count": 1, "source": "user_verified_list_2024" }, "geometry": { "type": "Point", "coordinates": [ 74.3498, 31.4968 ] } },
{ "type": "Feature", "properties": { "name": "Canal View Colony", "name_all": "Canal View Colony", "dup_count": 1, "source": "user_verified_list_2024" }, "geometry": { "type": "Point", "coordinates": [ 74.3518, 31.4988 ] } },
{ "type": "Feature", "properties": { "name": "Suparco Colony", "name_all": "Suparco Colony", "dup_count": 1, "source": "user_verified_list_2024" }, "geometry": { "type": "Point", "coordinates": [ 74.3398, 31.4998 ] } },
{ "type": "Feature", "properties": { "name": "Engineer Cooperative Society", "name_all": "Engineer Cooperative Society", "dup_count": 1, "source": "user_verified_list_2024" }, "geometry": { "type": "Point", "coordinates": [ 74.3448, 31.4978 ] } },
{ "type": "Feature", "properties": { "name": "Tech Society", "name_all": "Tech Society", "dup_count": 1, "source": "user_verified_list_2024" }, "geometry": { "type": "Point", "coordinates": [ 74.3478, 31.4948 ] } },
{ "type": "Feature", "properties": { "name": "Punjab Society Near Dha", "name_all": "Punjab Society Near Dha", "dup_count": 1, "source": "user_verified_list_2024" }, "geometry": { "type": "Point", "coordinates": [ 74.3928, 31.4758 ] } },
{ "type": "Feature", "properties": { "name": "Sui Gas Society", "name_all": "Sui Gas Society", "dup_count": 1, "source": "user_verified_list_2024" }, "geometry": { "type": "Point", "coordinates": [ 74.3958, 31.4708 ] } },
{ "type": "Feature", "properties": { "name": "State Life Society", "name_all": "State Life Society", "dup_count": 1, "source": "user_verified_list_2024" }, "geometry": { "type": "Point", "coordinates": [ 74.3988, 31.4658 ] } },
{ "type": "Feature", "properties": { "name": "LUMS", "name_all": "LUMS", "dup_count": 1, "source": "user_verified_list_2024" }, "geometry": { "type": "Point", "coordinates": [ 74.4068, 31.4768 ] } },
{ "type": "Feature", "properties": { "name": "Sabzazar", "name_all": "Sabzazar", "dup_count": 1, "source": "user_verified_list_2024" }, "geometry": { "type": "Point", "coordinates": [ 74.2878, 31.5118 ] } },
{ "type": "Feature", "properties": { "name": "Wahdat Colony", "name_all": "Wahdat Colony", "dup_count": 1, "source": "user_verified_list_2024" }, "geometry": { "type": "Point", "coordinates": [ 74.3018, 31.5148 ] } },
{ "type": "Feature", "properties": { "name": "Saidpur", "name_all": "Saidpur", "dup_count": 1, "source": "user_verified_list_2024" }, "geometry": { "type": "Point", "coordinates": [ 74.3048, 31.5248 ] } },
{ "type": "Feature", "properties": { "name": "Badar Block", "name_all": "Badar Block", "dup_count": 1, "source": "user_verified_list_2024" }, "geometry": { "type": "Point", "coordinates": [ 74.2778, 31.5148 ] } },
{ "type": "Feature", "properties": { "name": "Chenab Block", "name_all": "Chenab Block", "dup_count": 1, "source": "user_verified_list_2024" }, "geometry": { "type": "Point", "coordinates": [ 74.2808, 31.5118 ] } },
{ "type": "Feature", "properties": { "name": "College Block", "name_all": "College Block", "dup_count": 1, "source": "user_verified_list_2024" }, "geometry": { "type": "Point", "coordinates": [ 74.2838, 31.5088 ] } },
{ "type": "Feature", "properties": { "name": "Education Town", "name_all": "Education Town", "dup_count": 1, "source": "user_verified_list_2024" }, "geometry": { "type": "Point", "coordinates": [ 74.2868, 31.5058 ] } },
{ "type": "Feature", "properties": { "name": "Huma Block", "name_all": "Huma Block", "dup_count": 1, "source": "user_verified_list_2024" }, "geometry": { "type": "Point", "coordinates": [ 74.2898, 31.5028 ] } },
{ "type": "Feature", "properties": { "name": "Hunza Block", "name_all": "Hunza Block", "dup_count": 1, "source": "user_verified_list_2024" }, "geometry": { "type": "Point", "coordinates": [ 74.2928, 31.5 ] } },
{ "type": "Feature", "properties": { "name": "Jahanzaib Block", "name_all": "Jahanzaib Block", "dup_count": 1, "source": "user_verified_list_2024" }, "geometry": { "type": "Point", "coordinates": [ 74.2958, 31.5028 ] } },
{ "type": "Feature", "properties": { "name": "Kamran Block", "name_all": "Kamran Block", "dup_count": 1, "source": "user_verified_list_2024" }, "geometry": { "type": "Point", "coordinates": [ 74.2988, 31.5058 ] } },
{ "type": "Feature", "properties": { "name": "Kareem Block", "name_all": "Kareem Block", "dup_count": 1, "source": "user_verified_list_2024" }, "geometry": { "type": "Point", "coordinates": [ 74.3018, 31.5088 ] } },
{ "type": "Feature", "properties": { "name": "Khyber Block", "name_all": "Khyber Block", "dup_count": 1, "source": "user_verified_list_2024" }, "geometry": { "type": "Point", "coordinates": [ 74.3048, 31.5118 ] } },
{ "type": "Feature", "properties": { "name": "Mamdoot Block", "name_all": "Mamdoot Block", "dup_count": 1, "source": "user_verified_list_2024" }, "geometry": { "type": "Point", "coordinates": [ 74.3078, 31.5148 ] } },
{ "type": "Feature", "properties": { "name": "Marghazar Colony", "name_all": "Marghazar Colony", "dup_count": 1, "source": "user_verified_list_2024" }, "geometry": { "type": "Point", "coordinates": [ 74.2848, 31.5178 ] } },
{ "type": "Feature", "properties": { "name": "Mehran Block", "name_all": "Mehran Block", "dup_count": 1, "source": "user_verified_list_2024" }, "geometry": { "type": "Point", "coordinates": [ 74.2878, 31.5148 ] } },
{ "type": "Feature", "properties": { "name": "Mustafa Town", "name_all": "Mustafa Town", "dup_count": 1, "source": "user_verified_list_2024" }, "geometry": { "type": "Point", "coordinates": [ 74.2908, 31.5178 ] } },
{ "type": "Feature", "properties": { "name": "Nargis Block", "name_all": "Nargis Block", "dup_count": 1, "source": "user_verified_list_2024" }, "geometry": { "type": "Point", "coordinates": [ 74.2938, 31.5148 ] } },
{ "type": "Feature", "properties": { "name": "Neelam Block", "name_all": "Neelam Block", "dup_count": 1, "source": "user_verified_list_2024" }, "geometry": { "type": "Point", "coordinates": [ 74.2968, 31.5178 ] } },
{ "type": "Feature", "properties": { "name": "Nishtar Block", "name_all": "Nishtar Block", "dup_count": 1, "source": "user_verified_list_2024" }, "geometry": { "type": "Point", "coordinates": [ 74.2998, 31.5148 ] } },
{ "type": "Feature", "properties": { "name": "Pak Block", "name_all": "Pak Block", "dup_count": 1, "source": "user_verified_list_2024" }, "geometry": { "type": "Point", "coordinates": [ 74.3028, 31.5118 ] } },
{ "type": "Feature", "properties": { "name": "Ravi Block", "name_all": "Ravi Block", "dup_count": 1, "source": "user_verified_list_2024" }, "geometry": { "type": "Point", "coordinates": [ 74.3058, 31.5088 ] } },
{ "type": "Feature", "properties": { "name": "Rachna Block", "name_all": "Rachna Block", "dup_count": 1, "source": "user_verified_list_2024" }, "geometry": { "type": "Point", "coordinates": [ 74.3088, 31.5058 ] } },
{ "type": "Feature", "properties": { "name": "Raza Block", "name_all": "Raza Block", "dup_count": 1, "source": "user_verified_list_2024" }, "geometry": { "type": "Point", "coordinates": [ 74.3118, 31.5088 ] } },
{ "type": "Feature", "properties": { "name": "Sutlej Block", "name_all": "Sutlej Block", "dup_count": 1, "source": "user_verified_list_2024" }, "geometry": { "type": "Point", "coordinates": [ 74.3148, 31.5118 ] } },
{ "type": "Feature", "properties": { "name": "Sikandar Block", "name_all": "Sikandar Block", "dup_count": 1, "source": "user_verified_list_2024" }, "geometry": { "type": "Point", "coordinates": [ 74.2798, 31.5208 ] } },
{ "type": "Feature", "properties": { "name": "Umer Block", "name_all": "Umer Block", "dup_count": 1, "source": "user_verified_list_2024" }, "geometry": { "type": "Point", "coordinates": [ 74.2828, 31.5178 ] } },
{ "type": "Feature", "properties": { "name": "Zeenat Block", "name_all": "Zeenat Block", "dup_count": 1, "source": "user_verified_list_2024" }, "geometry": { "type": "Point", "coordinates": [ 74.2858, 31.5208 ] } },
{ "type": "Feature", "properties": { "name": "Tariq Block", "name_all": "Tariq Block", "dup_count": 1, "source": "user_verified_list_2024" }, "geometry": { "type": "Point", "coordinates": [ 74.2838, 31.4948 ] } },
{ "type": "Feature", "properties": { "name": "Aurangzeb Block", "name_all": "Aurangzeb Block", "dup_count": 1, "source": "user_verified_list_2024" }, "geometry": { "type": "Point", "coordinates": [ 74.2868, 31.4918 ] } },
{ "type": "Feature", "properties": { "name": "Aibak Block", "name_all": "Aibak Block", "dup_count": 1, "source": "user_verified_list_2024" }, "geometry": { "type": "Point", "coordinates": [ 74.2898, 31.4888 ] } },
{ "type": "Feature", "properties": { "name": "Babar Block", "name_all": "Babar Block", "dup_count": 1, "source": "user_verified_list_2024" }, "geometry": { "type": "Point", "coordinates": [ 74.2928, 31.4858 ] } },
{ "type": "Feature", "properties": { "name": "Tipu Block", "name_all": "Tipu Block", "dup_count": 1, "source": "user_verified_list_2024" }, "geometry": { "type": "Point", "coordinates": [ 74.2958, 31.4828 ] } },
{ "type": "Feature", "properties": { "name": "Shersha Block", "name_all": "Shersha Block", "dup_count": 1, "source": "user_verified_list_2024" }, "geometry": { "type": "Point", "coordinates": [ 74.2988, 31.4798 ] } },
{ "type": "Feature", "properties": { "name": "Atta Turk Block", "name_all": "Atta Turk Block", "dup_count": 1, "source": "user_verified_list_2024" }, "geometry": { "type": "Point", "coordinates": [ 74.3018, 31.4828 ] } },
{ "type": "Feature", "properties": { "name": "Usman Block", "name_all": "Usman Block", "dup_count": 1, "source": "user_verified_list_2024" }, "geometry": { "type": "Point", "coordinates": [ 74.3048, 31.4858 ] } },
{ "type": "Feature", "properties": { "name": "Ali Block", "name_all": "Ali Block", "dup_count": 1, "source": "user_verified_list_2024" }, "geometry": { "type": "Point", "coordinates": [ 74.3078, 31.4888 ] } },
{ "type": "Feature", "properties": { "name": "Garden Block", "name_all": "Garden Block", "dup_count": 1, "source": "user_verified_list_2024" }, "geometry": { "type": "Point", "coordinates": [ 74.3108, 31.4918 ] } },
{ "type": "Feature", "properties": { "name": "Abu Bakar Block", "name_all": "Abu Bakar Block", "dup_count": 1, "source": "user_verified_list_2024" }, "geometry": { "type": "Point", "coordinates": [ 74.2898, 31.4948 ] } },
{ "type": "Feature", "properties": { "name": "Ahmed Block", "name_all": "Ahmed Block", "dup_count": 1, "source": "user_verified_list_2024" }, "geometry": { "type": "Point", "coordinates": [ 74.2928, 31.4978 ] } },
{ "type": "Feature", "properties": { "name": "Rewaz Garden", "name_all": "Rewaz Garden", "dup_count": 1, "source": "user_verified_list_2024" }, "geometry": { "type": "Point", "coordinates": [ 74.3148, 31.5548 ] } },
{ "type": "Feature", "properties": { "name": "Sanda Khurd", "name_all": "Sanda Khurd", "dup_count": 1, "source": "user_verified_list_2024" }, "geometry": { "type": "Point", "coordinates": [ 74.3158, 31.5738 ] } },
{ "type": "Feature", "properties": { "name": "Sanda Kalan", "name_all": "Sanda Kalan", "dup_count": 1, "source": "user_verified_list_2024" }, "geometry": { "type": "Point", "coordinates": [ 74.3188, 31.5768 ] } },
{ "type": "Feature", "properties": { "name": "Islam Pura", "name_all": "Islam Pura", "dup_count": 1, "source": "user_verified_list_2024" }, "geometry": { "type": "Point", "coordinates": [ 74.3278, 31.5678 ] } },
{ "type": "Feature", "properties": { "name": "Sant Nagar", "name_all": "Sant Nagar", "dup_count": 1, "source": "user_verified_list_2024" }, "geometry": { "type": "Point", "coordinates": [ 74.2998, 31.5578 ] } },
{ "type": "Feature", "properties": { "name": "Bilal Gang", "name_all": "Bilal Gang", "dup_count": 1, "source": "user_verified_list_2024" }, "geometry": { "type": "Point", "coordinates": [ 74.3218, 31.5658 ] } },
{ "type": "Feature", "properties": { "name": "Amin Park", "name_all": "Amin Park", "dup_count": 1, "source": "user_verified_list_2024" }, "geometry": { "type": "Point", "coordinates": [ 74.3178, 31.5608 ] } },
{ "type": "Feature", "properties": { "name": "Karim Park", "name_all": "Karim Park", "dup_count": 1, "source": "user_verified_list_2024" }, "geometry": { "type": "Point", "coordinates": [ 74.3148, 31.5578 ] } },
{ "type": "Feature", "properties": { "name": "Ravi Road", "name_all": "Ravi Road", "dup_count": 1, "source": "user_verified_list_2024" }, "geometry": { "type": "Point", "coordinates": [ 74.3148, 31.5698 ] } },
{ "type": "Feature", "properties": { "name": "Data Nagar", "name_all": "Data Nagar", "dup_count": 1, "source": "user_verified_list_2024" }, "geometry": { "type": "Point", "coordinates": [ 74.3098, 31.5818 ] } },
{ "type": "Feature", "properties": { "name": "Usman Ganj", "name_all": "Usman Ganj", "dup_count": 1, "source": "user_verified_list_2024" }, "geometry": { "type": "Point", "coordinates": [ 74.3218, 31.5748 ] } },
{ "type": "Feature", "properties": { "name": "Misri Shah", "name_all": "Misri Shah", "dup_count": 1, "source": "user_verified_list_2024" }, "geometry": { "type": "Point", "coordinates": [ 74.3318, 31.5758 ] } },
{ "type": "Feature", "properties": { "name": "Farooq Gunj", "name_all": "Farooq Gunj", "dup_count": 1, "source": "user_verified_list_2024" }, "geometry": { "type": "Point", "coordinates": [ 74.3258, 31.5808 ] } },
{ "type": "Feature", "properties": { "name": "Badami Bagh", "name_all": "Badami Bagh", "dup_count": 1, "source": "user_verified_list_2024" }, "geometry": { "type": "Point", "coordinates": [ 74.3198, 31.5808 ] } },
{ "type": "Feature", "properties": { "name": "Rang Mahal", "name_all": "Rang Mahal", "dup_count": 1, "source": "user_verified_list_2024" }, "geometry": { "type": "Point", "coordinates": [ 74.3298, 31.5808 ] } },
{ "type": "Feature", "properties": { "name": "Qila Gujjar Singh", "name_all": "Qila Gujjar Singh", "dup_count": 1, "source": "user_verified_list_2024" }, "geometry": { "type": "Point", "coordinates": [ 74.3278, 31.5808 ] } },
{ "type": "Feature", "properties": { "name": "Gawal Mandi", "name_all": "Gawal Mandi", "dup_count": 1, "source": "user_verified_list_2024" }, "geometry": { "type": "Point", "coordinates": [ 74.3218, 31.5758 ] } },
{ "type": "Feature", "properties": { "name": "Lakshmi Chowk", "name_all": "Lakshmi Chowk", "dup_count": 1, "source": "user_verified_list_2024" }, "geometry": { "type": "Point", "coordinates": [ 74.3298, 31.5728 ] } },
{ "type": "Feature", "properties": { "name": "Punjab University Old Campus", "name_all": "Punjab University Old Campus", "dup_count": 1, "source": "user_verified_list_2024" }, "geometry": { "type": "Point", "coordinates": [ 74.3378, 31.5688 ] } },
{ "type": "Feature", "properties": { "name": "Railway Housing Society", "name_all": "Railway Housing Society", "dup_count": 1, "source": "user_verified_list_2024" }, "geometry": { "type": "Point", "coordinates": [ 74.3398, 31.5558 ] } },
{ "type": "Feature", "properties": { "name": "Wapda Colony", "name_all": "Wapda Colony", "dup_count": 1, "source": "user_verified_list_2024" }, "geometry": { "type": "Point", "coordinates": [ 74.3488, 31.5678 ] } },
{ "type": "Feature", "properties": { "name": "Dharampura", "name_all": "Dharampura", "dup_count": 1, "source": "user_verified_list_2024" }, "geometry": { "type": "Point", "coordinates": [ 74.3498, 31.5688 ] } },
{ "type": "Feature", "properties": { "name": "Darbar Gurreh Shah", "name_all": "Darbar Gurreh Shah", "dup_count": 1, "source": "user_verified_list_2024" }, "geometry": { "type": "Point", "coordinates": [ 74.3408, 31.5818 ] } },
{ "type": "Feature", "properties": { "name": "Star Town", "name_all": "Star Town", "dup_count": 1, "source": "user_verified_list_2024" }, "geometry": { "type": "Point", "coordinates": [ 74.3448, 31.5718 ] } },
{ "type": "Feature", "properties": { "name": "Shalimar Town", "name_all": "Shalimar Town", "dup_count": 1, "source": "user_verified_list_2024" }, "geometry": { "type": "Point", "coordinates": [ 74.3518, 31.5778 ] } },
{ "type": "Feature", "properties": { "name": "Khudad Town", "name_all": "Khudad Town", "dup_count": 1, "source": "user_verified_list_2024" }, "geometry": { "type": "Point", "coordinates": [ 74.3548, 31.5558 ] } },
{ "type": "Feature", "properties": { "name": "Mahmood Booty Ring Road", "name_all": "Mahmood Booty Ring Road", "dup_count": 1, "source": "user_verified_list_2024" }, "geometry": { "type": "Point", "coordinates": [ 74.3898, 31.5818 ] } },
{ "type": "Feature", "properties": { "name": "Shalimar Link Road", "name_all": "Shalimar Link Road", "dup_count": 1, "source": "user_verified_list_2024" }, "geometry": { "type": "Point", "coordinates": [ 74.3568, 31.5738 ] } },
{ "type": "Feature", "properties": { "name": "Ghousia Colony", "name_all": "Ghousia Colony", "dup_count": 1, "source": "user_verified_list_2024" }, "geometry": { "type": "Point", "coordinates": [ 74.3608, 31.5688 ] } },
{ "type": "Feature", "properties": { "name": "Ram Garh", "name_all": "Ram Garh", "dup_count": 1, "source": "user_verified_list_2024" }, "geometry": { "type": "Point", "coordinates": [ 74.3698, 31.5768 ] } },
{ "type": "Feature", "properties": { "name": "Nabi Pura", "name_all": "Nabi Pura", "dup_count": 1, "source": "user_verified_list_2024" }, "geometry": { "type": "Point", "coordinates": [ 74.3758, 31.5668 ] } },
{ "type": "Feature", "properties": { "name": "Ittehad Colony", "name_all": "Ittehad Colony", "dup_count": 1, "source": "user_verified_list_2024" }, "geometry": { "type": "Point", "coordinates": [ 74.3648, 31.5578 ] } },
{ "type": "Feature", "properties": { "name": "Samia Town", "name_all": "Samia Town", "dup_count": 1, "source": "user_verified_list_2024" }, "geometry": { "type": "Point", "coordinates": [ 74.3698, 31.5628 ] } },
{ "type": "Feature", "properties": { "name": "Muslim Abad", "name_all": "Muslim Abad", "dup_count": 1, "source": "user_verified_list_2024" }, "geometry": { "type": "Point", "coordinates": [ 74.3798, 31.5658 ] } },
{ "type": "Feature", "properties": { "name": "Ali Park", "name_all": "Ali Park", "dup_count": 1, "source": "user_verified_list_2024" }, "geometry": { "type": "Point", "coordinates": [ 74.3738, 31.5688 ] } },
{ "type": "Feature", "properties": { "name": "Guldasht Colony", "name_all": "Guldasht Colony", "dup_count": 1, "source": "user_verified_list_2024" }, "geometry": { "type": "Point", "coordinates": [ 74.3858, 31.5728 ] } },
{ "type": "Feature", "properties": { "name": "New PAF Colony", "name_all": "New PAF Colony", "dup_count": 1, "source": "user_verified_list_2024" }, "geometry": { "type": "Point", "coordinates": [ 74.3998, 31.5758 ] } },
{ "type": "Feature", "properties": { "name": "Officers Colony", "name_all": "Officers Colony", "dup_count": 1, "source": "user_verified_list_2024" }, "geometry": { "type": "Point", "coordinates": [ 74.3928, 31.5708 ] } },
{ "type": "Feature", "properties": { "name": "Mustafa Abad", "name_all": "Mustafa Abad", "dup_count": 1, "source": "user_verified_list_2024" }, "geometry": { "type": "Point", "coordinates": [ 74.3848, 31.5648 ] } },
{ "type": "Feature", "properties": { "name": "Burj Colony", "name_all": "Burj Colony", "dup_count": 1, "source": "user_verified_list_2024" }, "geometry": { "type": "Point", "coordinates": [ 74.3958, 31.5578 ] } },
{ "type": "Feature", "properties": { "name": "Fortress Stadium", "name_all": "Fortress Stadium", "dup_count": 1, "source": "user_verified_list_2024" }, "geometry": { "type": "Point", "coordinates": [ 74.3898, 31.5408 ] } },
{ "type": "Feature", "properties": { "name": "Askari Colony", "name_all": "Askari Colony", "dup_count": 1, "source": "user_verified_list_2024" }, "geometry": { "type": "Point", "coordinates": [ 74.3918, 31.5338 ] } },
{ "type": "Feature", "properties": { "name": "Army Housing Society", "name_all": "Army Housing Society", "dup_count": 1, "source": "user_verified_list_2024" }, "geometry": { "type": "Point", "coordinates": [ 74.4198, 31.5398 ] } },
{ "type": "Feature", "properties": { "name": "University of Lahore", "name_all": "University of Lahore", "dup_count": 1, "source": "user_verified_list_2024" }, "geometry": { "type": "Point", "coordinates": [ 74.3898, 31.5458 ] } },
{ "type": "Feature", "properties": { "name": "DHA 2", "name_all": "DHA 2", "dup_count": 1, "source": "user_verified_list_2024" }, "geometry": { "type": "Point", "coordinates": [ 74.3928, 31.4598 ] } },
{ "type": "Feature", "properties": { "name": "DHA 3", "name_all": "DHA 3", "dup_count": 1, "source": "user_verified_list_2024" }, "geometry": { "type": "Point", "coordinates": [ 74.4058, 31.4538 ] } },
{ "type": "Feature", "properties": { "name": "DHA 4", "name_all": "DHA 4", "dup_count": 1, "source": "user_verified_list_2024" }, "geometry": { "type": "Point", "coordinates": [ 74.4158, 31.4468 ] } },
{ "type": "Feature", "properties": { "name": "DHA 7", "name_all": "DHA 7", "dup_count": 1, "source": "user_verified_list_2024" }, "geometry": { "type": "Point", "coordinates": [ 74.4328, 31.4398 ] } },
{ "type": "Feature", "properties": { "name": "DHA 8", "name_all": "DHA 8", "dup_count": 1, "source": "user_verified_list_2024" }, "geometry": { "type": "Point", "coordinates": [ 74.4478, 31.4318 ] } },
{ "type": "Feature", "properties": { "name": "EME DHA Society", "name_all": "EME DHA Society", "dup_count": 1, "source": "user_verified_list_2024" }, "geometry": { "type": "Point", "coordinates": [ 74.4448, 31.4378 ] } },
{ "type": "Feature", "properties": { "name": "Paragon City", "name_all": "Paragon City", "dup_count": 1, "source": "user_verified_list_2024" }, "geometry": { "type": "Point", "coordinates": [ 74.4178, 31.4348 ] } },
{ "type": "Feature", "properties": { "name": "Askrai Villa 1", "name_all": "Askrai Villa 1", "dup_count": 1, "source": "user_verified_list_2024" }, "geometry": { "type": "Point", "coordinates": [ 74.3858, 31.5328 ] } },
{ "type": "Feature", "properties": { "name": "Askrai Villa 2", "name_all": "Askrai Villa 2", "dup_count": 1, "source": "user_verified_list_2024" }, "geometry": { "type": "Point", "coordinates": [ 74.3898, 31.5278 ] } },
{ "type": "Feature", "properties": { "name": "Askrai Villa 3", "name_all": "Askrai Villa 3", "dup_count": 1, "source": "user_verified_list_2024" }, "geometry": { "type": "Point", "coordinates": [ 74.3938, 31.5228 ] } },
{ "type": "Feature", "properties": { "name": "Askrai Villa 4", "name_all": "Askrai Villa 4", "dup_count": 1, "source": "user_verified_list_2024" }, "geometry": { "type": "Point", "coordinates": [ 74.3978, 31.5178 ] } },
{ "type": "Feature", "properties": { "name": "Askrai Villa 5", "name_all": "Askrai Villa 5", "dup_count": 1, "source": "user_verified_list_2024" }, "geometry": { "type": "Point", "coordinates": [ 74.4018, 31.5138 ] } },
{ "type": "Feature", "properties": { "name": "Askrai Villa 6", "name_all": "Askrai Villa 6", "dup_count": 1, "source": "user_verified_list_2024" }, "geometry": { "type": "Point", "coordinates": [ 74.4058, 31.5098 ] } },
{ "type": "Feature", "properties": { "name": "Askrai Villa 7", "name_all": "Askrai Villa 7", "dup_count": 1, "source": "user_verified_list_2024" }, "geometry": { "type": "Point", "coordinates": [ 74.4098, 31.5148 ] } },
{ "type": "Feature", "properties": { "name": "Askrai Villa 8", "name_all": "Askrai Villa 8", "dup_count": 1, "source": "user_verified_list_2024" }, "geometry": { "type": "Point", "coordinates": [ 74.4148, 31.5078 ] } },
{ "type": "Feature", "properties": { "name": "Askrai Villa 9", "name_all": "Askrai Villa 9", "dup_count": 1, "source": "user_verified_list_2024" }, "geometry": { "type": "Point", "coordinates": [ 74.2818, 31.4348 ] } },
{ "type": "Feature", "properties": { "name": "Askrai Villa 10", "name_all": "Askrai Villa 10", "dup_count": 1, "source": "user_verified_list_2024" }, "geometry": { "type": "Point", "coordinates": [ 74.2848, 31.4398 ] } },
{ "type": "Feature", "properties": { "name": "Askrai Villa", "name_all": "Askrai Villa", "dup_count": 1, "source": "user_verified_list_2024" }, "geometry": { "type": "Point", "coordinates": [ 74.3878, 31.5308 ] } },
{ "type": "Feature", "properties": { "name": "Bedian Road", "name_all": "Bedian Road", "dup_count": 1, "source": "user_verified_list_2024" }, "geometry": { "type": "Point", "coordinates": [ 74.4598, 31.4898 ] } },
{ "type": "Feature", "properties": { "name": "Barki Road", "name_all": "Barki Road", "dup_count": 1, "source": "user_verified_list_2024" }, "geometry": { "type": "Point", "coordinates": [ 74.4948, 31.4748 ] } },
{ "type": "Feature", "properties": { "name": "Chachowali", "name_all": "Chachowali", "dup_count": 1, "source": "user_verified_list_2024" }, "geometry": { "type": "Point", "coordinates": [ 74.4382, 31.4791 ] } },
{ "type": "Feature", "properties": { "name": "Valencia Town Block A1", "name_all": "Valencia Town Block A1", "dup_count": 1, "source": "user_verified_list_2024" }, "geometry": { "type": "Point", "coordinates": [ 74.3248, 31.5738 ] } },
{ "type": "Feature", "properties": { "name": "Valencia Town Block A2", "name_all": "Valencia Town Block A2", "dup_count": 1, "source": "user_verified_list_2024" }, "geometry": { "type": "Point", "coordinates": [ 74.3278, 31.5718 ] } },
{ "type": "Feature", "properties": { "name": "Valencia Town Block A3", "name_all": "Valencia Town Block A3", "dup_count": 1, "source": "user_verified_list_2024" }, "geometry": { "type": "Point", "coordinates": [ 74.3298, 31.5698 ] } },
{ "type": "Feature", "properties": { "name": "Valencia Town Block C", "name_all": "Valencia Town Block C", "dup_count": 1, "source": "user_verified_list_2024" }, "geometry": { "type": "Point", "coordinates": [ 74.3318, 31.5678 ] } },
{ "type": "Feature", "properties": { "name": "Valencia Town Block F", "name_all": "Valencia Town Block F", "dup_count": 1, "source": "user_verified_list_2024" }, "geometry": { "type": "Point", "coordinates": [ 74.3338, 31.5658 ] } },
{ "type": "Feature", "properties": { "name": "Valencia Town Block G", "name_all": "Valencia Town Block G", "dup_count": 1, "source": "user_verified_list_2024" }, "geometry": { "type": "Point", "coordinates": [ 74.3358, 31.5638 ] } },
{ "type": "Feature", "properties": { "name": "Valencia Town Block H", "name_all": "Valencia Town Block H", "dup_count": 1, "source": "user_verified_list_2024" }, "geometry": { "type": "Point", "coordinates": [ 74.3378, 31.5618 ] } },
{ "type": "Feature", "properties": { "name": "Valencia Town Block H1", "name_all": "Valencia Town Block H1", "dup_count": 1, "source": "user_verified_list_2024" }, "geometry": { "type": "Point", "coordinates": [ 74.3398, 31.5598 ] } },
{ "type": "Feature", "properties": { "name": "Valencia Town Block J", "name_all": "Valencia Town Block J", "dup_count": 1, "source": "user_verified_list_2024" }, "geometry": { "type": "Point", "coordinates": [ 74.3418, 31.5578 ] } },
{ "type": "Feature", "properties": { "name": "Valencia Town Block K1", "name_all": "Valencia Town Block K1", "dup_count": 1, "source": "user_verified_list_2024" }, "geometry": { "type": "Point", "coordinates": [ 74.3438, 31.5558 ] } },
{ "type": "Feature", "properties": { "name": "Valencia Town Block L", "name_all": "Valencia Town Block L", "dup_count": 1, "source": "user_verified_list_2024" }, "geometry": { "type": "Point", "coordinates": [ 74.3458, 31.5538 ] } },
{ "type": "Feature", "properties": { "name": "Valencia Town Block P1", "name_all": "Valencia Town Block P1", "dup_count": 1, "source": "user_verified_list_2024" }, "geometry": { "type": "Point", "coordinates": [ 74.3478, 31.5518 ] } },
{ "type": "Feature", "properties": { "name": "Firozpur Road", "name_all": "Firozpur Road", "dup_count": 1, "source": "user_verified_list_2024" }, "geometry": { "type": "Point", "coordinates": [ 74.3198, 31.5018 ] } },
{ "type": "Feature", "properties": { "name": "Ferozpur Road", "name_all": "Ferozpur Road", "dup_count": 1, "source": "user_verified_list_2024" }, "geometry": { "type": "Point", "coordinates": [ 74.3218, 31.5038 ] } },
{ "type": "Feature", "properties": { "name": "Sheikhupura Road", "name_all": "Sheikhupura Road", "dup_count": 1, "source": "official_uc_pdf" }, "geometry": { "type": "Point", "coordinates": [ 74.305, 31.638 ] } },
{ "type": "Feature", "properties": { "name": "Begum Kot", "name_all": "Begum Kot", "dup_count": 1, "source": "official_uc_pdf" }, "geometry": { "type": "Point", "coordinates": [ 74.2965, 31.5755 ] } },
{ "type": "Feature", "properties": { "name": "Qila Sattar Shah", "name_all": "Qila Sattar Shah", "dup_count": 1, "source": "official_uc_pdf" }, "geometry": { "type": "Point", "coordinates": [ 74.3058, 31.5678 ] } },
{ "type": "Feature", "properties": { "name": "Shahi Qila", "name_all": "Shahi Qila", "dup_count": 1, "source": "official_uc_pdf" }, "geometry": { "type": "Point", "coordinates": [ 74.3108, 31.5882 ] } },
{ "type": "Feature", "properties": { "name": "Sootar Mandi", "name_all": "Sootar Mandi", "dup_count": 1, "source": "official_uc_pdf" }, "geometry": { "type": "Point", "coordinates": [ 74.3195, 31.5792 ] } },
{ "type": "Feature", "properties": { "name": "Sultan Pura", "name_all": "Sultan Pura", "dup_count": 1, "source": "official_uc_pdf" }, "geometry": { "type": "Point", "coordinates": [ 74.3155, 31.5748 ] } },
{ "type": "Feature", "properties": { "name": "Chah Miran", "name_all": "Chah Miran", "dup_count": 1, "source": "official_uc_pdf" }, "geometry": { "type": "Point", "coordinates": [ 74.3245, 31.5712 ] } },
{ "type": "Feature", "properties": { "name": "Kachho Pura", "name_all": "Kachho Pura", "dup_count": 1, "source": "official_uc_pdf" }, "geometry": { "type": "Point", "coordinates": [ 74.3312, 31.5695 ] } },
{ "type": "Feature", "properties": { "name": "Rang Mahal Chowk", "name_all": "Rang Mahal Chowk", "dup_count": 1, "source": "official_uc_pdf" }, "geometry": { "type": "Point", "coordinates": [ 74.3175, 31.5815 ] } },
{ "type": "Feature", "properties": { "name": "Tibbi", "name_all": "Tibbi", "dup_count": 1, "source": "official_uc_pdf" }, "geometry": { "type": "Point", "coordinates": [ 74.3228, 31.5768 ] } },
{ "type": "Feature", "properties": { "name": "Kashmiri Bazaar", "name_all": "Kashmiri Bazaar", "dup_count": 1, "source": "official_uc_pdf" }, "geometry": { "type": "Point", "coordinates": [ 74.3162, 31.5858 ] } },
{ "type": "Feature", "properties": { "name": "Mochi Gate Area", "name_all": "Mochi Gate Area", "dup_count": 1, "source": "official_uc_pdf" }, "geometry": { "type": "Point", "coordinates": [ 74.3278, 31.5835 ] } },
{ "type": "Feature", "properties": { "name": "Gumti Bazaar", "name_all": "Gumti Bazaar", "dup_count": 1, "source": "official_uc_pdf" }, "geometry": { "type": "Point", "coordinates": [ 74.3198, 31.5845 ] } },
{ "type": "Feature", "properties": { "name": "Akbari Mandi", "name_all": "Akbari Mandi", "dup_count": 1, "source": "official_uc_pdf" }, "geometry": { "type": "Point", "coordinates": [ 74.3142, 31.5798 ] } },
{ "type": "Feature", "properties": { "name": "Hakim Chowk", "name_all": "Hakim Chowk", "dup_count": 1, "source": "official_uc_pdf" }, "geometry": { "type": "Point", "coordinates": [ 74.3088, 31.5778 ] } },
{ "type": "Feature", "properties": { "name": "Wachowali", "name_all": "Wachowali", "dup_count": 1, "source": "official_uc_pdf" }, "geometry": { "type": "Point", "coordinates": [ 74.3265, 31.5752 ] } },
{ "type": "Feature", "properties": { "name": "Maullian", "name_all": "Maullian", "dup_count": 1, "source": "official_uc_pdf" }, "geometry": { "type": "Point", "coordinates": [ 74.3325, 31.5762 ] } },
{ "type": "Feature", "properties": { "name": "Samanabad Block A", "name_all": "Samanabad Block A", "dup_count": 1, "source": "official_uc_pdf" }, "geometry": { "type": "Point", "coordinates": [ 74.3125, 31.5358 ] } },
{ "type": "Feature", "properties": { "name": "Samanabad Block B", "name_all": "Samanabad Block B", "dup_count": 1, "source": "official_uc_pdf" }, "geometry": { "type": "Point", "coordinates": [ 74.3165, 31.5338 ] } },
{ "type": "Feature", "properties": { "name": "Samanabad Block C", "name_all": "Samanabad Block C", "dup_count": 1, "source": "official_uc_pdf" }, "geometry": { "type": "Point", "coordinates": [ 74.3195, 31.5318 ] } },
{ "type": "Feature", "properties": { "name": "Samanabad Block D", "name_all": "Samanabad Block D", "dup_count": 1, "source": "official_uc_pdf" }, "geometry": { "type": "Point", "coordinates": [ 74.3225, 31.5298 ] } },
{ "type": "Feature", "properties": { "name": "Samanabad Block E", "name_all": "Samanabad Block E", "dup_count": 1, "source": "official_uc_pdf" }, "geometry": { "type": "Point", "coordinates": [ 74.3145, 31.5278 ] } },
{ "type": "Feature", "properties": { "name": "Samanabad Block F", "name_all": "Samanabad Block F", "dup_count": 1, "source": "official_uc_pdf" }, "geometry": { "type": "Point", "coordinates": [ 74.3175, 31.5258 ] } },
{ "type": "Feature", "properties": { "name": "Samanabad Block G", "name_all": "Samanabad Block G", "dup_count": 1, "source": "official_uc_pdf" }, "geometry": { "type": "Point", "coordinates": [ 74.3205, 31.5238 ] } },
{ "type": "Feature", "properties": { "name": "Model Town Extension", "name_all": "Model Town Extension", "dup_count": 1, "source": "official_uc_pdf" }, "geometry": { "type": "Point", "coordinates": [ 74.3048, 31.4838 ] } },
{ "type": "Feature", "properties": { "name": "Faisal Town Block A", "name_all": "Faisal Town Block A", "dup_count": 1, "source": "official_uc_pdf" }, "geometry": { "type": "Point", "coordinates": [ 74.3528, 31.5058 ] } },
{ "type": "Feature", "properties": { "name": "Faisal Town Block B", "name_all": "Faisal Town Block B", "dup_count": 1, "source": "official_uc_pdf" }, "geometry": { "type": "Point", "coordinates": [ 74.3558, 31.5038 ] } },
{ "type": "Feature", "properties": { "name": "Faisal Town Block C", "name_all": "Faisal Town Block C", "dup_count": 1, "source": "official_uc_pdf" }, "geometry": { "type": "Point", "coordinates": [ 74.3588, 31.5018 ] } },
{ "type": "Feature", "properties": { "name": "Faisal Town Block D", "name_all": "Faisal Town Block D", "dup_count": 1, "source": "official_uc_pdf" }, "geometry": { "type": "Point", "coordinates": [ 74.3618, 31.4998 ] } },
{ "type": "Feature", "properties": { "name": "Township Sector A", "name_all": "Township Sector A", "dup_count": 1, "source": "official_uc_pdf" }, "geometry": { "type": "Point", "coordinates": [ 74.2738, 31.5028 ] } },
{ "type": "Feature", "properties": { "name": "Township Sector B", "name_all": "Township Sector B", "dup_count": 1, "source": "official_uc_pdf" }, "geometry": { "type": "Point", "coordinates": [ 74.2768, 31.5008 ] } },
{ "type": "Feature", "properties": { "name": "Township Sector B1", "name_all": "Township Sector B1", "dup_count": 1, "source": "official_uc_pdf" }, "geometry": { "type": "Point", "coordinates": [ 74.2798, 31.4988 ] } },
{ "type": "Feature", "properties": { "name": "Township Sector B2", "name_all": "Township Sector B2", "dup_count": 1, "source": "official_uc_pdf" }, "geometry": { "type": "Point", "coordinates": [ 74.2828, 31.4968 ] } },
{ "type": "Feature", "properties": { "name": "Township Sector C", "name_all": "Township Sector C", "dup_count": 1, "source": "official_uc_pdf" }, "geometry": { "type": "Point", "coordinates": [ 74.2858, 31.4948 ] } },
{ "type": "Feature", "properties": { "name": "Township Sector D", "name_all": "Township Sector D", "dup_count": 1, "source": "official_uc_pdf" }, "geometry": { "type": "Point", "coordinates": [ 74.2738, 31.4968 ] } },
{ "type": "Feature", "properties": { "name": "Township Sector D1", "name_all": "Township Sector D1", "dup_count": 1, "source": "official_uc_pdf" }, "geometry": { "type": "Point", "coordinates": [ 74.2768, 31.4948 ] } },
{ "type": "Feature", "properties": { "name": "Township Sector D2", "name_all": "Township Sector D2", "dup_count": 1, "source": "official_uc_pdf" }, "geometry": { "type": "Point", "coordinates": [ 74.2798, 31.4928 ] } },
{ "type": "Feature", "properties": { "name": "Green Town Sector A", "name_all": "Green Town Sector A", "dup_count": 1, "source": "official_uc_pdf" }, "geometry": { "type": "Point", "coordinates": [ 74.2938, 31.5068 ] } },
{ "type": "Feature", "properties": { "name": "Green Town Sector B", "name_all": "Green Town Sector B", "dup_count": 1, "source": "official_uc_pdf" }, "geometry": { "type": "Point", "coordinates": [ 74.2968, 31.5048 ] } },
{ "type": "Feature", "properties": { "name": "Green Town Sector C", "name_all": "Green Town Sector C", "dup_count": 1, "source": "official_uc_pdf" }, "geometry": { "type": "Point", "coordinates": [ 74.2998, 31.5028 ] } },
{ "type": "Feature", "properties": { "name": "Green Town Sector D", "name_all": "Green Town Sector D", "dup_count": 1, "source": "official_uc_pdf" }, "geometry": { "type": "Point", "coordinates": [ 74.3028, 31.5008 ] } },
{ "type": "Feature", "properties": { "name": "Green Town Sector E", "name_all": "Green Town Sector E", "dup_count": 1, "source": "official_uc_pdf" }, "geometry": { "type": "Point", "coordinates": [ 74.2938, 31.5048 ] } },
{ "type": "Feature", "properties": { "name": "Green Town Sector F", "name_all": "Green Town Sector F", "dup_count": 1, "source": "official_uc_pdf" }, "geometry": { "type": "Point", "coordinates": [ 74.2968, 31.5028 ] } },
{ "type": "Feature", "properties": { "name": "Green Town Sector G", "name_all": "Green Town Sector G", "dup_count": 1, "source": "official_uc_pdf" }, "geometry": { "type": "Point", "coordinates": [ 74.2998, 31.5008 ] } },
{ "type": "Feature", "properties": { "name": "Baghbanpura Block A", "name_all": "Baghbanpura Block A", "dup_count": 1, "source": "official_uc_pdf" }, "geometry": { "type": "Point", "coordinates": [ 74.3488, 31.5798 ] } },
{ "type": "Feature", "properties": { "name": "Baghbanpura Block B", "name_all": "Baghbanpura Block B", "dup_count": 1, "source": "official_uc_pdf" }, "geometry": { "type": "Point", "coordinates": [ 74.3518, 31.5778 ] } },
{ "type": "Feature", "properties": { "name": "Krishan Nagar", "name_all": "Krishan Nagar", "dup_count": 1, "source": "official_uc_pdf" }, "geometry": { "type": "Point", "coordinates": [ 74.3348, 31.5658 ] } },
{ "type": "Feature", "properties": { "name": "Qainchi", "name_all": "Qainchi", "dup_count": 1, "source": "official_uc_pdf" }, "geometry": { "type": "Point", "coordinates": [ 74.3198, 31.5498 ] } },
{ "type": "Feature", "properties": { "name": "Raiwind Urban", "name_all": "Raiwind Urban", "dup_count": 1, "source": "official_uc_pdf" }, "geometry": { "type": "Point", "coordinates": [ 74.2088, 31.2508 ] } },
{ "type": "Feature", "properties": { "name": "Manga Mandi", "name_all": "Manga Mandi", "dup_count": 1, "source": "official_uc_pdf" }, "geometry": { "type": "Point", "coordinates": [ 74.3158, 31.2918 ] } },
{ "type": "Feature", "properties": { "name": "Jallo", "name_all": "Jallo", "dup_count": 1, "source": "official_uc_pdf" }, "geometry": { "type": "Point", "coordinates": [ 74.4058, 31.5238 ] } },
{ "type": "Feature", "properties": { "name": "Bund Road Area", "name_all": "Bund Road Area", "dup_count": 1, "source": "official_uc_pdf" }, "geometry": { "type": "Point", "coordinates": [ 74.3758, 31.5538 ] } },
{ "type": "Feature", "properties": { "name": "Nishtar Town", "name_all": "Nishtar Town", "dup_count": 1, "source": "official_uc_pdf" }, "geometry": { "type": "Point", "coordinates": [ 74.3238, 31.5138 ] } },
{ "type": "Feature", "properties": { "name": "Sanda", "name_all": "Sanda", "dup_count": 1, "source": "official_uc_pdf" }, "geometry": { "type": "Point", "coordinates": [ 74.3058, 31.5578 ] } },
{ "type": "Feature", "properties": { "name": "Kot Khawaja Saeed", "name_all": "Kot Khawaja Saeed", "dup_count": 1, "source": "official_uc_pdf" }, "geometry": { "type": "Point", "coordinates": [ 74.3558, 31.5228 ] } },
{ "type": "Feature", "properties": { "name": "Hanjarwal", "name_all": "Hanjarwal", "dup_count": 1, "source": "official_uc_pdf" }, "geometry": { "type": "Point", "coordinates": [ 74.3108, 31.4688 ] } },
{ "type": "Feature", "properties": { "name": "Kot Abdul Malik", "name_all": "Kot Abdul Malik", "dup_count": 1, "source": "official_uc_pdf" }, "geometry": { "type": "Point", "coordinates": [ 74.4508, 31.5808 ] } },
{ "type": "Feature", "properties": { "name": "Nankana Road", "name_all": "Nankana Road", "dup_count": 1, "source": "official_uc_pdf" }, "geometry": { "type": "Point", "coordinates": [ 74.0808, 31.4258 ] } },
{ "type": "Feature", "properties": { "name": "Walton Cantt", "name_all": "Walton Cantt", "dup_count": 1, "source": "official_uc_pdf" }, "geometry": { "type": "Point", "coordinates": [ 74.3608, 31.5058 ] } },
{ "type": "Feature", "properties": { "name": "Cantt Station Area", "name_all": "Cantt Station Area", "dup_count": 1, "source": "official_uc_pdf" }, "geometry": { "type": "Point", "coordinates": [ 74.3308, 31.5378 ] } },
{ "type": "Feature", "properties": { "name": "Parade Ground", "name_all": "Parade Ground", "dup_count": 1, "source": "official_uc_pdf" }, "geometry": { "type": "Point", "coordinates": [ 74.3358, 31.5318 ] } },
{ "type": "Feature", "properties": { "name": "Khayaban-e-Amin", "name_all": "Khayaban-e-Amin", "dup_count": 1, "source": "official_uc_pdf" }, "geometry": { "type": "Point", "coordinates": [ 74.2238, 31.4408 ] } },
{ "type": "Feature", "properties": { "name": "Johar Town Block A", "name_all": "Johar Town Block A", "dup_count": 1, "source": "official_uc_pdf" }, "geometry": { "type": "Point", "coordinates": [ 74.2738, 31.4658 ] } },
{ "type": "Feature", "properties": { "name": "Johar Town Block B", "name_all": "Johar Town Block B", "dup_count": 1, "source": "official_uc_pdf" }, "geometry": { "type": "Point", "coordinates": [ 74.2768, 31.4638 ] } },
{ "type": "Feature", "properties": { "name": "Johar Town Block C", "name_all": "Johar Town Block C", "dup_count": 1, "source": "official_uc_pdf" }, "geometry": { "type": "Point", "coordinates": [ 74.2798, 31.4618 ] } },
{ "type": "Feature", "properties": { "name": "Johar Town Block D", "name_all": "Johar Town Block D", "dup_count": 1, "source": "official_uc_pdf" }, "geometry": { "type": "Point", "coordinates": [ 74.2828, 31.4598 ] } },
{ "type": "Feature", "properties": { "name": "Johar Town Block E", "name_all": "Johar Town Block E", "dup_count": 1, "source": "official_uc_pdf" }, "geometry": { "type": "Point", "coordinates": [ 74.2858, 31.4578 ] } },
{ "type": "Feature", "properties": { "name": "Johar Town Block F", "name_all": "Johar Town Block F", "dup_count": 1, "source": "official_uc_pdf" }, "geometry": { "type": "Point", "coordinates": [ 74.2888, 31.4558 ] } },
{ "type": "Feature", "properties": { "name": "Johar Town Block G", "name_all": "Johar Town Block G", "dup_count": 1, "source": "official_uc_pdf" }, "geometry": { "type": "Point", "coordinates": [ 74.2918, 31.4538 ] } },
{ "type": "Feature", "properties": { "name": "Johar Town Block H", "name_all": "Johar Town Block H", "dup_count": 1, "source": "official_uc_pdf" }, "geometry": { "type": "Point", "coordinates": [ 74.2948, 31.4518 ] } },
{ "type": "Feature", "properties": { "name": "Johar Town Block J", "name_all": "Johar Town Block J", "dup_count": 1, "source": "official_uc_pdf" }, "geometry": { "type": "Point", "coordinates": [ 74.2978, 31.4498 ] } },
{ "type": "Feature", "properties": { "name": "Johar Town Block K", "name_all": "Johar Town Block K", "dup_count": 1, "source": "official_uc_pdf" }, "geometry": { "type": "Point", "coordinates": [ 74.3008, 31.4478 ] } },
{ "type": "Feature", "properties": { "name": "Johar Town Block L", "name_all": "Johar Town Block L", "dup_count": 1, "source": "official_uc_pdf" }, "geometry": { "type": "Point", "coordinates": [ 74.3038, 31.4458 ] } },
{ "type": "Feature", "properties": { "name": "Johar Town Block M", "name_all": "Johar Town Block M", "dup_count": 1, "source": "official_uc_pdf" }, "geometry": { "type": "Point", "coordinates": [ 74.3068, 31.4438 ] } },
{ "type": "Feature", "properties": { "name": "Johar Town Block N", "name_all": "Johar Town Block N", "dup_count": 1, "source": "official_uc_pdf" }, "geometry": { "type": "Point", "coordinates": [ 74.3098, 31.4418 ] } },
{ "type": "Feature", "properties": { "name": "Johar Town Block P", "name_all": "Johar Town Block P", "dup_count": 1, "source": "official_uc_pdf" }, "geometry": { "type": "Point", "coordinates": [ 74.3128, 31.4398 ] } },
{ "type": "Feature", "properties": { "name": "Johar Town Block Q", "name_all": "Johar Town Block Q", "dup_count": 1, "source": "official_uc_pdf" }, "geometry": { "type": "Point", "coordinates": [ 74.2738, 31.4598 ] } },
{ "type": "Feature", "properties": { "name": "Johar Town Block R", "name_all": "Johar Town Block R", "dup_count": 1, "source": "official_uc_pdf" }, "geometry": { "type": "Point", "coordinates": [ 74.2768, 31.4578 ] } }
]
}
