{
"type": "FeatureCollection",
"name": "lahore_locality_voronoi",
"crs": { "type": "name", "properties": { "name": "urn:ogc:def:crs:OGC:1.3:CRS84" } },
"features": [
{ "type": "Feature", "properties": { "name": "Dalleke", "label": "Dalleke", "dup_count": 1, "area_sqkm": 10.334454462982873, "source": null, "method": "voronoi" }, "geometry": { "type": "Polygon", "coordinates": [ [ [ 74.03149618226638, 31.341214162709061 ], [ 74.018002573902493, 31.313620151805967 ], [ 74.008743286132869, 31.326715469360405 ], [ 74.009582519531193, 31.350137710571275 ], [ 74.003318786621094, 31.363462448120234 ], [ 74.020217936521959, 31.377110127198229 ], [ 74.03149618226638, 31.341214162709061 ] ] ] } },
{ "type": "Feature", "properties": { "name": "Raja Sharifullah Khan", "label": "Raja Sharifullah Khan", "dup_count": 1, "area_sqkm": 10.863074120215407, "source": null, "method": "voronoi" }, "geometry": { "type": "Polygon", "coordinates": [ [ [ 74.048309519548511, 31.318670634413838 ], [ 74.069983192103962, 31.330245770585925 ], [ 74.075781419105624, 31.325764024735204 ], [ 74.078891373396019, 31.319740133947771 ], [ 74.04999455084301, 31.289642460331432 ], [ 74.034782409667969, 31.289878845214897 ], [ 74.027148905963074, 31.300680828108558 ], [ 74.048309519548511, 31.318670634413838 ] ] ] } },
{ "type": "Feature", "properties": { "name": "Naulan da Pind", "label": "Naulan da Pind", "dup_count": 1, "area_sqkm": 10.262924039518515, "source": null, "method": "voronoi" }, "geometry": { "type": "Polygon", "coordinates": [ [ [ 74.051847087352741, 31.356091759016369 ], [ 74.049644157698509, 31.345838914316403 ], [ 74.03149618226638, 31.341214162709061 ], [ 74.020217936521959, 31.377110127198229 ], [ 74.038740167133241, 31.392060890878273 ], [ 74.051847087352741, 31.356091759016369 ] ] ] } },
{ "type": "Feature", "properties": { "name": "Nankana Road", "label": "Nankana Road", "dup_count": 1, "area_sqkm": 11.657329897225313, "source": "official_uc_pdf", "method": "voronoi" }, "geometry": { "type": "Polygon", "coordinates": [ [ [ 74.086776977263256, 31.410589183523559 ], [ 74.085824883464667, 31.406313241140921 ], [ 74.054824093493252, 31.39546489959244 ], [ 74.045248498755484, 31.397312368355287 ], [ 74.050132751464901, 31.401252746582092 ], [ 74.038528442382926, 31.415355682372986 ], [ 74.048812866210994, 31.423782348632912 ], [ 74.086280208478925, 31.4290649589663 ], [ 74.086776977263256, 31.410589183523559 ] ] ] } },
{ "type": "Feature", "properties": { "name": "Jhuggian Mahatma", "label": "Jhuggian Mahatma", "dup_count": 1, "area_sqkm": 9.4009586816290778, "source": null, "method": "voronoi" }, "geometry": { "type": "Polygon", "coordinates": [ [ [ 74.052469403003059, 31.343665718009984 ], [ 74.048309519548511, 31.318670634413838 ], [ 74.027148905963074, 31.300680828108558 ], [ 74.018002573902493, 31.313620151805967 ], [ 74.03149618226638, 31.341214162709061 ], [ 74.049644157698509, 31.345838914316403 ], [ 74.052469403003059, 31.343665718009984 ] ] ] } },
{ "type": "Feature", "properties": { "name": "Jhuggian Balu", "label": "Jhuggian Balu", "dup_count": 1, "area_sqkm": 3.1663283819252599, "source": null, "method": "voronoi" }, "geometry": { "type": "Polygon", "coordinates": [ [ [ 74.049644157698509, 31.345838914316403 ], [ 74.051847087352741, 31.356091759016369 ], [ 74.07584250037101, 31.351034009838997 ], [ 74.074500626339415, 31.34292050771144 ], [ 74.0708987141698, 31.339014378459122 ], [ 74.052469403003059, 31.343665718009984 ], [ 74.049644157698509, 31.345838914316403 ] ] ] } },
{ "type": "Feature", "properties": { "name": "Jhuggian Shaban", "label": "Jhuggian Shaban", "dup_count": 1, "area_sqkm": 3.4963913228172738, "source": null, "method": "voronoi" }, "geometry": { "type": "Polygon", "coordinates": [ [ [ 74.052469403003059, 31.343665718009984 ], [ 74.0708987141698, 31.339014378459122 ], [ 74.069983192103962, 31.330245770585925 ], [ 74.048309519548511, 31.318670634413838 ], [ 74.052469403003059, 31.343665718009984 ] ] ] } },
{ "type": "Feature", "properties": { "name": "Bath", "label": "Bath", "dup_count": 1, "area_sqkm": 3.1134522938077809, "source": null, "method": "voronoi" }, "geometry": { "type": "Polygon", "coordinates": [ [ [ 74.0708987141698, 31.339014378459122 ], [ 74.074500626339415, 31.34292050771144 ], [ 74.095150893684846, 31.33723079306835 ], [ 74.094389280278548, 31.330664692569965 ], [ 74.075781419105624, 31.325764024735204 ], [ 74.069983192103962, 31.330245770585925 ], [ 74.0708987141698, 31.339014378459122 ] ] ] } },
{ "type": "Feature", "properties": { "name": "Nanu Dogar", "label": "Nanu Dogar", "dup_count": 1, "area_sqkm": 13.007343529655765, "source": null, "method": "voronoi" }, "geometry": { "type": "Polygon", "coordinates": [ [ [ 74.038740167133241, 31.392060890878273 ], [ 74.045248498755484, 31.397312368355287 ], [ 74.054824093493252, 31.39546489959244 ], [ 74.080938957014695, 31.373681311321103 ], [ 74.083109027665515, 31.362413268260692 ], [ 74.07584250037101, 31.351034009838997 ], [ 74.051847087352741, 31.356091759016369 ], [ 74.038740167133241, 31.392060890878273 ] ] ] } },
{ "type": "Feature", "properties": { "name": "Tibba Samada", "label": "Tibba Samada", "dup_count": 1, "area_sqkm": 7.9325819909759856, "source": null, "method": "voronoi" }, "geometry": { "type": "Polygon", "coordinates": [ [ [ 74.078891373396019, 31.319740133947771 ], [ 74.091152929393672, 31.313022251018417 ], [ 74.090399901272534, 31.300282097586599 ], [ 74.08088417999025, 31.286878992606749 ], [ 74.056472778320426, 31.289541244506825 ], [ 74.04999455084301, 31.289642460331432 ], [ 74.078891373396019, 31.319740133947771 ] ] ] } },
{ "type": "Feature", "properties": { "name": "Lahdar Hethar", "label": "Lahdar Hethar", "dup_count": 1, "area_sqkm": 5.3126595321873058, "source": null, "method": "voronoi" }, "geometry": { "type": "Polygon", "coordinates": [ [ [ 74.083109027665515, 31.362413268260692 ], [ 74.11024183806164, 31.347764566678268 ], [ 74.095150893684846, 31.33723079306835 ], [ 74.074500626339415, 31.34292050771144 ], [ 74.07584250037101, 31.351034009838997 ], [ 74.083109027665515, 31.362413268260692 ] ] ] } },
{ "type": "Feature", "properties": { "name": "Jiaka Tibba", "label": "Jiaka Tibba", "dup_count": 1, "area_sqkm": 6.9489922806285209, "source": null, "method": "voronoi" }, "geometry": { "type": "Polygon", "coordinates": [ [ [ 74.090399901272534, 31.300282097586599 ], [ 74.120535830167498, 31.304514136831571 ], [ 74.123958373048026, 31.282169853353466 ], [ 74.08088417999025, 31.286878992606749 ], [ 74.090399901272534, 31.300282097586599 ] ] ] } },
{ "type": "Feature", "properties": { "name": "Dera Khokaran", "label": "Dera Khokaran", "dup_count": 1, "area_sqkm": 5.8949416740734542, "source": null, "method": "voronoi" }, "geometry": { "type": "Polygon", "coordinates": [ [ [ 74.086776977263256, 31.410589183523559 ], [ 74.099443338196195, 31.430918048160553 ], [ 74.105148315429631, 31.431720733642695 ], [ 74.120226149702134, 31.424579770355265 ], [ 74.108518151848031, 31.40593940141839 ], [ 74.085824883464667, 31.406313241140921 ], [ 74.086776977263256, 31.410589183523559 ] ] ] } },
{ "type": "Feature", "properties": { "name": "Gujran di Haveli", "label": "Gujran di Haveli", "dup_count": 1, "area_sqkm": 2.6730524136455118, "source": null, "method": "voronoi" }, "geometry": { "type": "Polygon", "coordinates": [ [ [ 74.075781419105624, 31.325764024735204 ], [ 74.094389280278548, 31.330664692569965 ], [ 74.100342593176961, 31.320273426426802 ], [ 74.091152929393672, 31.313022251018417 ], [ 74.078891373396019, 31.319740133947771 ], [ 74.075781419105624, 31.325764024735204 ] ] ] } },
{ "type": "Feature", "properties": { "name": "Jhuggian Naulan", "label": "Jhuggian Naulan", "dup_count": 1, "area_sqkm": 1.2930845812091409, "source": null, "method": "voronoi" }, "geometry": { "type": "Polygon", "coordinates": [ [ [ 74.086776977263256, 31.410589183523559 ], [ 74.086280208478925, 31.4290649589663 ], [ 74.099443338196195, 31.430918048160553 ], [ 74.086776977263256, 31.410589183523559 ] ] ] } },
{ "type": "Feature", "properties": { "name": "Rajan Pangowali", "label": "Rajan Pangowali", "dup_count": 1, "area_sqkm": 10.984319438356103, "source": null, "method": "voronoi" }, "geometry": { "type": "Polygon", "coordinates": [ [ [ 74.206902477999833, 31.498630023130588 ], [ 74.206100192742085, 31.48683259490732 ], [ 74.181602027434167, 31.48017010332816 ], [ 74.169290352172666, 31.482187130640696 ], [ 74.166191101074219, 31.493190765380859 ], [ 74.169639587402344, 31.511699676513668 ], [ 74.180076534861001, 31.516441475043973 ], [ 74.206902477999833, 31.498630023130588 ] ] ] } },
{ "type": "Feature", "properties": { "name": "Khudpur", "label": "Khudpur", "dup_count": 1, "area_sqkm": 15.601473498448883, "source": null, "method": "voronoi" }, "geometry": { "type": "Polygon", "coordinates": [ [ [ 74.054824093493252, 31.39546489959244 ], [ 74.085824883464667, 31.406313241140921 ], [ 74.108518151848031, 31.40593940141839 ], [ 74.121509417738622, 31.389726398888318 ], [ 74.119893761284686, 31.379794945100191 ], [ 74.080938957014695, 31.373681311321103 ], [ 74.054824093493252, 31.39546489959244 ] ] ] } },
{ "type": "Feature", "properties": { "name": "Timboliwala", "label": "Timboliwala", "dup_count": 1, "area_sqkm": 5.8226385283488833, "source": null, "method": "voronoi" }, "geometry": { "type": "Polygon", "coordinates": [ [ [ 74.100342593176961, 31.320273426426802 ], [ 74.124908520114587, 31.320446821718672 ], [ 74.126203767810793, 31.317117873260923 ], [ 74.120535830167498, 31.304514136831571 ], [ 74.090399901272534, 31.300282097586599 ], [ 74.091152929393672, 31.313022251018417 ], [ 74.100342593176961, 31.320273426426802 ] ] ] } },
{ "type": "Feature", "properties": { "name": "Rangilpur", "label": "Rangilpur", "dup_count": 1, "area_sqkm": 9.4535300353031211, "source": null, "method": "voronoi" }, "geometry": { "type": "Polygon", "coordinates": [ [ [ 74.080938957014695, 31.373681311321103 ], [ 74.119893761284686, 31.379794945100191 ], [ 74.125751672768558, 31.370931731670684 ], [ 74.125360776342617, 31.368157141803685 ], [ 74.110913446947933, 31.347771710515865 ], [ 74.11024183806164, 31.347764566678268 ], [ 74.083109027665515, 31.362413268260692 ], [ 74.080938957014695, 31.373681311321103 ] ] ] } },
{ "type": "Feature", "properties": { "name": "Shamke Bhattian", "label": "Shamke Bhattian", "dup_count": 1, "area_sqkm": 6.3566097560677317, "source": null, "method": "voronoi" }, "geometry": { "type": "Polygon", "coordinates": [ [ [ 74.095150893684846, 31.33723079306835 ], [ 74.11024183806164, 31.347764566678268 ], [ 74.110913446947933, 31.347771710515865 ], [ 74.121564676932849, 31.336163599395388 ], [ 74.125630476717447, 31.323178431088973 ], [ 74.124908520114587, 31.320446821718672 ], [ 74.100342593176961, 31.320273426426802 ], [ 74.094389280278548, 31.330664692569965 ], [ 74.095150893684846, 31.33723079306835 ] ] ] } },
{ "type": "Feature", "properties": { "name": "Tendanwala", "label": "Tendanwala", "dup_count": 1, "area_sqkm": 8.0445127860355043, "source": null, "method": "voronoi" }, "geometry": { "type": "Polygon", "coordinates": [ [ [ 74.172834890990728, 31.413950097482438 ], [ 74.173046325591841, 31.413278500515929 ], [ 74.172360771928112, 31.405795853586934 ], [ 74.152945510118656, 31.405473427741423 ], [ 74.13533061448166, 31.424549049636859 ], [ 74.133374361410006, 31.42830811420303 ], [ 74.137825012207031, 31.432140350341744 ], [ 74.147013759656161, 31.441475848408079 ], [ 74.172834890990728, 31.413950097482438 ] ] ] } },
{ "type": "Feature", "properties": { "name": "Jhuggian Ladha Singh", "label": "Jhuggian Ladha Singh", "dup_count": 1, "area_sqkm": 6.2426144271887685, "source": null, "method": "voronoi" }, "geometry": { "type": "Polygon", "coordinates": [ [ [ 74.121509417738622, 31.389726398888318 ], [ 74.134960447716992, 31.395239229529388 ], [ 74.138746855462117, 31.39568789075026 ], [ 74.148893810173362, 31.388745470115975 ], [ 74.149754591726406, 31.37213215599504 ], [ 74.125751672768558, 31.370931731670684 ], [ 74.119893761284686, 31.379794945100191 ], [ 74.121509417738622, 31.389726398888318 ] ] ] } },
{ "type": "Feature", "properties": { "name": "Jhuggian Gihna Singh", "label": "Jhuggian Gihna Singh", "dup_count": 1, "area_sqkm": 7.1566281855445331, "source": null, "method": "voronoi" }, "geometry": { "type": "Polygon", "coordinates": [ [ [ 74.108518151848031, 31.40593940141839 ], [ 74.120226149702134, 31.424579770355265 ], [ 74.125915527343864, 31.421884536743214 ], [ 74.133374361410006, 31.42830811420303 ], [ 74.13533061448166, 31.424549049636859 ], [ 74.134960447716992, 31.395239229529388 ], [ 74.121509417738622, 31.389726398888318 ], [ 74.108518151848031, 31.40593940141839 ] ] ] } },
{ "type": "Feature", "properties": { "name": "Sundar", "label": "Sundar", "dup_count": 1, "area_sqkm": 5.5235881799179971, "source": null, "method": "voronoi" }, "geometry": { "type": "Polygon", "coordinates": [ [ [ 74.110913446947933, 31.347771710515865 ], [ 74.125360776342617, 31.368157141803685 ], [ 74.143671963159875, 31.349420347913242 ], [ 74.121564676932849, 31.336163599395388 ], [ 74.110913446947933, 31.347771710515865 ] ] ] } },
{ "type": "Feature", "properties": { "name": "Sultanke", "label": "Sultanke", "dup_count": 1, "area_sqkm": 5.3606684878005106, "source": null, "method": "voronoi" }, "geometry": { "type": "Polygon", "coordinates": [ [ [ 74.125630476717447, 31.323178431088973 ], [ 74.141970935920426, 31.329863854387344 ], [ 74.161020979123705, 31.329443397397313 ], [ 74.165342398218328, 31.323656197534227 ], [ 74.144269752272052, 31.309973305231967 ], [ 74.126203767810793, 31.317117873260923 ], [ 74.124908520114587, 31.320446821718672 ], [ 74.125630476717447, 31.323178431088973 ] ] ] } },
{ "type": "Feature", "properties": { "name": "Raiwind Urban", "label": "Raiwind Urban", "dup_count": 1, "area_sqkm": 5.1178299258388549, "source": "official_uc_pdf", "method": "voronoi" }, "geometry": { "type": "Polygon", "coordinates": [ [ [ 74.182942923400276, 31.264605594881093 ], [ 74.200317249188274, 31.27152641365322 ], [ 74.210326557138416, 31.270765234050611 ], [ 74.214797300298798, 31.268238581962439 ], [ 74.222166401167456, 31.258297520634493 ], [ 74.208602905273509, 31.250276565551871 ], [ 74.181641912702858, 31.26371819382123 ], [ 74.182942923400276, 31.264605594881093 ] ] ] } },
{ "type": "Feature", "properties": { "name": "Dhokewali", "label": "Dhokewali", "dup_count": 1, "area_sqkm": 3.8994478192819764, "source": null, "method": "voronoi" }, "geometry": { "type": "Polygon", "coordinates": [ [ [ 74.143671963159875, 31.349420347913242 ], [ 74.148000685912535, 31.34851644386033 ], [ 74.141970935920426, 31.329863854387344 ], [ 74.125630476717447, 31.323178431088973 ], [ 74.121564676932849, 31.336163599395388 ], [ 74.143671963159875, 31.349420347913242 ] ] ] } },
{ "type": "Feature", "properties": { "name": "Kamas", "label": "Kamas", "dup_count": 1, "area_sqkm": 9.751563141935538, "source": null, "method": "voronoi" }, "geometry": { "type": "Polygon", "coordinates": [ [ [ 74.126203767810793, 31.317117873260923 ], [ 74.144269752272052, 31.309973305231967 ], [ 74.155053995929492, 31.294690342126366 ], [ 74.149744117418024, 31.27934373024064 ], [ 74.123958373048026, 31.282169853353466 ], [ 74.120535830167498, 31.304514136831571 ], [ 74.126203767810793, 31.317117873260923 ] ] ] } },
{ "type": "Feature", "properties": { "name": "Katarband Urar", "label": "Katarband Urar", "dup_count": 1, "area_sqkm": 3.0358161191056805, "source": null, "method": "voronoi" }, "geometry": { "type": "Polygon", "coordinates": [ [ [ 74.183649933556651, 31.451010713103802 ], [ 74.154088518470445, 31.443640762902465 ], [ 74.148928215313646, 31.443420530676963 ], [ 74.156272888183594, 31.450880050659116 ], [ 74.17201471716298, 31.463315536575326 ], [ 74.183649933556651, 31.451010713103802 ] ] ] } },
{ "type": "Feature", "properties": { "name": "Molanwala Kalan", "label": "Molanwala Kalan", "dup_count": 1, "area_sqkm": 2.9358674638563569, "source": null, "method": "voronoi" }, "geometry": { "type": "Polygon", "coordinates": [ [ [ 74.13533061448166, 31.424549049636859 ], [ 74.152945510118656, 31.405473427741423 ], [ 74.138746855462117, 31.39568789075026 ], [ 74.134960447716992, 31.395239229529388 ], [ 74.13533061448166, 31.424549049636859 ] ] ] } },
{ "type": "Feature", "properties": { "name": "Mraka", "label": "Mraka", "dup_count": 1, "area_sqkm": 3.9556400078734466, "source": null, "method": "voronoi" }, "geometry": { "type": "Polygon", "coordinates": [ [ [ 74.152945510118656, 31.405473427741423 ], [ 74.172360771928112, 31.405795853586934 ], [ 74.173283092286127, 31.404435835305765 ], [ 74.161847750998561, 31.389804499861725 ], [ 74.148893810173362, 31.388745470115975 ], [ 74.138746855462117, 31.39568789075026 ], [ 74.152945510118656, 31.405473427741423 ] ] ] } },
{ "type": "Feature", "properties": { "name": "Islamnagar", "label": "Islamnagar", "dup_count": 1, "area_sqkm": 6.0581105407649058, "source": null, "method": "voronoi" }, "geometry": { "type": "Polygon", "coordinates": [ [ [ 74.143671963159875, 31.349420347913242 ], [ 74.125360776342617, 31.368157141803685 ], [ 74.125751672768558, 31.370931731670684 ], [ 74.149754591726406, 31.37213215599504 ], [ 74.162345702029697, 31.36876846935704 ], [ 74.160882435495225, 31.361381279394628 ], [ 74.153680417182514, 31.34926972775105 ], [ 74.148000685912535, 31.34851644386033 ], [ 74.143671963159875, 31.349420347913242 ] ] ] } },
{ "type": "Feature", "properties": { "name": "Jhuggian Baja Singh", "label": "Jhuggian Baja Singh", "dup_count": 1, "area_sqkm": 2.5540457706855326, "source": null, "method": "voronoi" }, "geometry": { "type": "Polygon", "coordinates": [ [ [ 74.148893810173362, 31.388745470115975 ], [ 74.161847750998561, 31.389804499861725 ], [ 74.162464535065524, 31.368830739879076 ], [ 74.162345702029697, 31.36876846935704 ], [ 74.149754591726406, 31.37213215599504 ], [ 74.148893810173362, 31.388745470115975 ] ] ] } },
{ "type": "Feature", "properties": { "name": "Dhupsari", "label": "Dhupsari", "dup_count": 1, "area_sqkm": 3.0379269039395136, "source": null, "method": "voronoi" }, "geometry": { "type": "Polygon", "coordinates": [ [ [ 74.148000685912535, 31.34851644386033 ], [ 74.153680417182514, 31.34926972775105 ], [ 74.161855745001873, 31.340385473493047 ], [ 74.161020979123705, 31.329443397397313 ], [ 74.141970935920426, 31.329863854387344 ], [ 74.148000685912535, 31.34851644386033 ] ] ] } },
{ "type": "Feature", "properties": { "name": "Malkan di Haveli", "label": "Malkan di Haveli", "dup_count": 1, "area_sqkm": 5.4378136617665431, "source": null, "method": "voronoi" }, "geometry": { "type": "Polygon", "coordinates": [ [ [ 74.161847750998561, 31.389804499861725 ], [ 74.173283092286127, 31.404435835305765 ], [ 74.174759993900736, 31.403550103255331 ], [ 74.175441167993412, 31.402014175595063 ], [ 74.182745000933721, 31.378103149308952 ], [ 74.180560387490161, 31.371204210614859 ], [ 74.162464535065524, 31.368830739879076 ], [ 74.161847750998561, 31.389804499861725 ] ] ] } },
{ "type": "Feature", "properties": { "name": "Darwaish Kot", "label": "Darwaish Kot", "dup_count": 1, "area_sqkm": 2.9566688670847583, "source": null, "method": "voronoi" }, "geometry": { "type": "Polygon", "coordinates": [ [ [ 74.160882435495225, 31.361381279394628 ], [ 74.178058058114132, 31.347529050969296 ], [ 74.178142669081168, 31.344637000439246 ], [ 74.161855745001873, 31.340385473493047 ], [ 74.153680417182514, 31.34926972775105 ], [ 74.160882435495225, 31.361381279394628 ] ] ] } },
{ "type": "Feature", "properties": { "name": "Mosle", "label": "Mosle", "dup_count": 1, "area_sqkm": 3.2131988870887986, "source": null, "method": "voronoi" }, "geometry": { "type": "Polygon", "coordinates": [ [ [ 74.173283092286127, 31.404435835305765 ], [ 74.172360771928112, 31.405795853586934 ], [ 74.173046325591841, 31.413278500515929 ], [ 74.194484848687395, 31.420898357729524 ], [ 74.199272946879248, 31.41871918324415 ], [ 74.190060575848705, 31.403309308464777 ], [ 74.174759993900736, 31.403550103255331 ], [ 74.173283092286127, 31.404435835305765 ] ] ] } },
{ "type": "Feature", "properties": { "name": "Bahria Town", "label": "Bahria Town", "dup_count": 1, "area_sqkm": 4.0862729097990353, "source": "manually_added_2024", "method": "voronoi" }, "geometry": { "type": "Polygon", "coordinates": [ [ [ 74.162464535065524, 31.368830739879076 ], [ 74.180560387490161, 31.371204210614859 ], [ 74.188287973364496, 31.365345135765352 ], [ 74.178058058114132, 31.347529050969296 ], [ 74.160882435495225, 31.361381279394628 ], [ 74.162345702029697, 31.36876846935704 ], [ 74.162464535065524, 31.368830739879076 ] ] ] } },
{ "type": "Feature", "properties": { "name": "Ram Ka Khu", "label": "Ram Ka Khu", "dup_count": 1, "area_sqkm": 3.7630596882637652, "source": null, "method": "voronoi" }, "geometry": { "type": "Polygon", "coordinates": [ [ [ 74.161855745001873, 31.340385473493047 ], [ 74.178142669081168, 31.344637000439246 ], [ 74.189423341965181, 31.336607172438018 ], [ 74.166685803533014, 31.323103083195647 ], [ 74.165342398218328, 31.323656197534227 ], [ 74.161020979123705, 31.329443397397313 ], [ 74.161855745001873, 31.340385473493047 ] ] ] } },
{ "type": "Feature", "properties": { "name": "Mal", "label": "Mal", "dup_count": 1, "area_sqkm": 5.7148420856376037, "source": null, "method": "voronoi" }, "geometry": { "type": "Polygon", "coordinates": [ [ [ 74.178747821983109, 31.307663855229293 ], [ 74.17821599251846, 31.305650239789188 ], [ 74.155053995929492, 31.294690342126366 ], [ 74.144269752272052, 31.309973305231967 ], [ 74.165342398218328, 31.323656197534227 ], [ 74.166685803533014, 31.323103083195647 ], [ 74.178747821983109, 31.307663855229293 ] ] ] } },
{ "type": "Feature", "properties": { "name": "Badduki", "label": "Badduki", "dup_count": 1, "area_sqkm": 7.6335726439682858, "source": null, "method": "voronoi" }, "geometry": { "type": "Polygon", "coordinates": [ [ [ 74.166685803533014, 31.323103083195647 ], [ 74.189423341965181, 31.336607172438018 ], [ 74.205459835038127, 31.334488777685582 ], [ 74.211623697991911, 31.331303134751238 ], [ 74.207981982496705, 31.322964051333358 ], [ 74.178747821983109, 31.307663855229293 ], [ 74.166685803533014, 31.323103083195647 ] ] ] } },
{ "type": "Feature", "properties": { "name": "Manowal", "label": "Manowal", "dup_count": 1, "area_sqkm": 3.6568129046966722, "source": null, "method": "voronoi" }, "geometry": { "type": "Polygon", "coordinates": [ [ [ 74.183649933556651, 31.451010713103802 ], [ 74.188106933914, 31.450927276586491 ], [ 74.190374631043042, 31.449590269826178 ], [ 74.186091437638666, 31.4341752089565 ], [ 74.183781887666399, 31.433010640894068 ], [ 74.154088518470445, 31.443640762902465 ], [ 74.183649933556651, 31.451010713103802 ] ] ] } },
{ "type": "Feature", "properties": { "name": "Chung", "label": "Chung", "dup_count": 1, "area_sqkm": 4.9934154313829282, "source": null, "method": "voronoi" }, "geometry": { "type": "Polygon", "coordinates": [ [ [ 74.183781887666399, 31.433010640894068 ], [ 74.172834890990728, 31.413950097482438 ], [ 74.147013759656161, 31.441475848408079 ], [ 74.148928215313646, 31.443420530676963 ], [ 74.154088518470445, 31.443640762902465 ], [ 74.183781887666399, 31.433010640894068 ] ] ] } },
{ "type": "Feature", "properties": { "name": "Basti Sain Sindhi", "label": "Basti Sain Sindhi", "dup_count": 1, "area_sqkm": 2.4773090176025501, "source": null, "method": "voronoi" }, "geometry": { "type": "Polygon", "coordinates": [ [ [ 74.183781887666399, 31.433010640894068 ], [ 74.186091437638666, 31.4341752089565 ], [ 74.194474889458178, 31.429790613148992 ], [ 74.194484848687395, 31.420898357729524 ], [ 74.173046325591841, 31.413278500515929 ], [ 74.172834890990728, 31.413950097482438 ], [ 74.183781887666399, 31.433010640894068 ] ] ] } },
{ "type": "Feature", "properties": { "name": "Katarband", "label": "Katarband", "dup_count": 1, "area_sqkm": 3.7249921652222779, "source": null, "method": "voronoi" }, "geometry": { "type": "Polygon", "coordinates": [ [ [ 74.17201471716298, 31.463315536575326 ], [ 74.174133300781364, 31.464988708496207 ], [ 74.169290352172666, 31.482187130640696 ], [ 74.181602027434167, 31.48017010332816 ], [ 74.187009314349964, 31.467728342342941 ], [ 74.188106933914, 31.450927276586491 ], [ 74.183649933556651, 31.451010713103802 ], [ 74.17201471716298, 31.463315536575326 ] ] ] } },
{ "type": "Feature", "properties": { "name": "Kanjra", "label": "Kanjra", "dup_count": 1, "area_sqkm": 2.1140033945081433, "source": null, "method": "voronoi" }, "geometry": { "type": "Polygon", "coordinates": [ [ [ 74.188106933914, 31.450927276586491 ], [ 74.187009314349964, 31.467728342342941 ], [ 74.198210722137148, 31.465125873700075 ], [ 74.201777327707831, 31.457292699239197 ], [ 74.197133516105481, 31.449658502246287 ], [ 74.190374631043042, 31.449590269826178 ], [ 74.188106933914, 31.450927276586491 ] ] ] } },
{ "type": "Feature", "properties": { "name": "Ram Kot", "label": "Ram Kot", "dup_count": 1, "area_sqkm": 4.6616626163161428, "source": null, "method": "voronoi" }, "geometry": { "type": "Polygon", "coordinates": [ [ [ 74.178142669081168, 31.344637000439246 ], [ 74.178058058114132, 31.347529050969296 ], [ 74.188287973364496, 31.365345135765352 ], [ 74.19003898361423, 31.364862883294819 ], [ 74.192528840565387, 31.361819462624528 ], [ 74.205459835038127, 31.334488777685582 ], [ 74.189423341965181, 31.336607172438018 ], [ 74.178142669081168, 31.344637000439246 ] ] ] } },
{ "type": "Feature", "properties": { "name": "Bhalai Gul", "label": "Bhalai Gul", "dup_count": 1, "area_sqkm": 3.0481989066700867, "source": null, "method": "voronoi" }, "geometry": { "type": "Polygon", "coordinates": [ [ [ 74.182745000933721, 31.378103149308952 ], [ 74.195156843593367, 31.384142608011754 ], [ 74.196266263901734, 31.384129870003257 ], [ 74.204723248710565, 31.377344988477855 ], [ 74.200848846364764, 31.370722614764574 ], [ 74.193849744465666, 31.366439588595419 ], [ 74.19003898361423, 31.364862883294819 ], [ 74.188287973364496, 31.365345135765352 ], [ 74.180560387490161, 31.371204210614859 ], [ 74.182745000933721, 31.378103149308952 ] ] ] } },
{ "type": "Feature", "properties": { "name": "Bhai Kot", "label": "Bhai Kot", "dup_count": 1, "area_sqkm": 6.2459662641440019, "source": null, "method": "voronoi" }, "geometry": { "type": "Polygon", "coordinates": [ [ [ 74.182942923400276, 31.264605594881093 ], [ 74.178663180189872, 31.305068147721943 ], [ 74.200129043174698, 31.292342282996955 ], [ 74.200317249188274, 31.27152641365322 ], [ 74.182942923400276, 31.264605594881093 ] ] ] } },
{ "type": "Feature", "properties": { "name": "Wara Meharana", "label": "Wara Meharana", "dup_count": 1, "area_sqkm": 8.0115768566590972, "source": null, "method": "voronoi" }, "geometry": { "type": "Polygon", "coordinates": [ [ [ 74.17821599251846, 31.305650239789188 ], [ 74.178663180189872, 31.305068147721943 ], [ 74.182942923400276, 31.264605594881093 ], [ 74.181641912702858, 31.26371819382123 ], [ 74.17401123046875, 31.267520904541129 ], [ 74.165306091308651, 31.277635574340817 ], [ 74.149744117418024, 31.27934373024064 ], [ 74.155053995929492, 31.294690342126366 ], [ 74.17821599251846, 31.305650239789188 ] ] ] } },
{ "type": "Feature", "properties": { "name": "Shadiwal", "label": "Shadiwal", "dup_count": 1, "area_sqkm": 5.0059610544913946, "source": null, "method": "voronoi" }, "geometry": { "type": "Polygon", "coordinates": [ [ [ 74.219383708301379, 31.510098063132649 ], [ 74.206902477999833, 31.498630023130588 ], [ 74.180076534861001, 31.516441475043973 ], [ 74.184455871582145, 31.51843070983886 ], [ 74.195336560148846, 31.524703050496807 ], [ 74.219383708301379, 31.510098063132649 ] ] ] } },
{ "type": "Feature", "properties": { "name": "Manak", "label": "Manak", "dup_count": 1, "area_sqkm": 6.0780871616244632, "source": null, "method": "voronoi" }, "geometry": { "type": "Polygon", "coordinates": [ [ [ 74.207981982496705, 31.322964051333358 ], [ 74.213375243978575, 31.30418794551516 ], [ 74.200129043174698, 31.292342282996955 ], [ 74.178663180189872, 31.305068147721943 ], [ 74.17821599251846, 31.305650239789188 ], [ 74.178747821983109, 31.307663855229293 ], [ 74.207981982496705, 31.322964051333358 ] ] ] } },
{ "type": "Feature", "properties": { "name": "Mehdipur", "label": "Mehdipur", "dup_count": 1, "area_sqkm": 2.2698870612679101, "source": null, "method": "voronoi" }, "geometry": { "type": "Polygon", "coordinates": [ [ [ 74.190374631043042, 31.449590269826178 ], [ 74.197133516105481, 31.449658502246287 ], [ 74.199484845481152, 31.448462012047742 ], [ 74.200036045316295, 31.431264361494343 ], [ 74.194474889458178, 31.429790613148992 ], [ 74.186091437638666, 31.4341752089565 ], [ 74.190374631043042, 31.449590269826178 ] ] ] } },
{ "type": "Feature", "properties": { "name": "Tibbewalli", "label": "Tibbewalli", "dup_count": 1, "area_sqkm": 1.0232672063480306, "source": null, "method": "voronoi" }, "geometry": { "type": "Polygon", "coordinates": [ [ [ 74.194372605344725, 31.389096834709811 ], [ 74.199282296430269, 31.397250622059563 ], [ 74.209195119033041, 31.391390386142398 ], [ 74.196266263901734, 31.384129870003257 ], [ 74.195156843593367, 31.384142608011754 ], [ 74.194372605344725, 31.389096834709811 ] ] ] } },
{ "type": "Feature", "properties": { "name": "Rori", "label": "Rori", "dup_count": 1, "area_sqkm": 2.2503305787212051, "source": null, "method": "voronoi" }, "geometry": { "type": "Polygon", "coordinates": [ [ [ 74.195156843593367, 31.384142608011754 ], [ 74.182745000933721, 31.378103149308952 ], [ 74.175441167993412, 31.402014175595063 ], [ 74.194372605344725, 31.389096834709811 ], [ 74.195156843593367, 31.384142608011754 ] ] ] } },
{ "type": "Feature", "properties": { "name": "Tibba", "label": "Tibba", "dup_count": 1, "area_sqkm": 1.9211314304274916, "source": null, "method": "voronoi" }, "geometry": { "type": "Polygon", "coordinates": [ [ [ 74.175441167993412, 31.402014175595063 ], [ 74.174759993900736, 31.403550103255331 ], [ 74.190060575848705, 31.403309308464777 ], [ 74.194833603390492, 31.402435110851673 ], [ 74.199282296430269, 31.397250622059563 ], [ 74.194372605344725, 31.389096834709811 ], [ 74.175441167993412, 31.402014175595063 ] ] ] } },
{ "type": "Feature", "properties": { "name": "Nasir Ganj", "label": "Nasir Ganj", "dup_count": 1, "area_sqkm": 1.2793645418052366, "source": null, "method": "voronoi" }, "geometry": { "type": "Polygon", "coordinates": [ [ [ 74.194484848687395, 31.420898357729524 ], [ 74.194474889458178, 31.429790613148992 ], [ 74.200036045316295, 31.431264361494343 ], [ 74.201459984366807, 31.431017235371911 ], [ 74.207918036030804, 31.426730078588232 ], [ 74.206783083860969, 31.423107098210949 ], [ 74.199491874404785, 31.418690180077366 ], [ 74.199272946879248, 31.41871918324415 ], [ 74.194484848687395, 31.420898357729524 ] ] ] } },
{ "type": "Feature", "properties": { "name": "Bolagarhi War", "label": "Bolagarhi War", "dup_count": 1, "area_sqkm": 4.1872807521054094, "source": null, "method": "voronoi" }, "geometry": { "type": "Polygon", "coordinates": [ [ [ 74.181602027434167, 31.48017010332816 ], [ 74.206100192742085, 31.48683259490732 ], [ 74.207217740093796, 31.485978242847111 ], [ 74.209717352191433, 31.474536671383458 ], [ 74.198210722137148, 31.465125873700075 ], [ 74.187009314349964, 31.467728342342941 ], [ 74.181602027434167, 31.48017010332816 ] ] ] } },
{ "type": "Feature", "properties": { "name": "Kot Qamardin", "label": "Kot Qamardin", "dup_count": 1, "area_sqkm": 5.256806654864441, "source": null, "method": "voronoi" }, "geometry": { "type": "Polygon", "coordinates": [ [ [ 74.200129043174698, 31.292342282996955 ], [ 74.213375243978575, 31.30418794551516 ], [ 74.223748031885776, 31.298180326541758 ], [ 74.211337569857591, 31.272021880151694 ], [ 74.210326557138416, 31.270765234050611 ], [ 74.200317249188274, 31.27152641365322 ], [ 74.200129043174698, 31.292342282996955 ] ] ] } },
{ "type": "Feature", "properties": { "name": "Rakhpura", "label": "Rakhpura", "dup_count": 1, "area_sqkm": 1.3541114349737395, "source": null, "method": "voronoi" }, "geometry": { "type": "Polygon", "coordinates": [ [ [ 74.190060575848705, 31.403309308464777 ], [ 74.199272946879248, 31.41871918324415 ], [ 74.199491874404785, 31.418690180077366 ], [ 74.20719672116401, 31.409036619335424 ], [ 74.194833603390492, 31.402435110851673 ], [ 74.190060575848705, 31.403309308464777 ] ] ] } },
{ "type": "Feature", "properties": { "name": "Lubana Pul", "label": "Lubana Pul", "dup_count": 1, "area_sqkm": 2.6561033327684798, "source": null, "method": "voronoi" }, "geometry": { "type": "Polygon", "coordinates": [ [ [ 74.197133516105481, 31.449658502246287 ], [ 74.201777327707831, 31.457292699239197 ], [ 74.212520519041519, 31.46565952599839 ], [ 74.216028194314106, 31.460468382572806 ], [ 74.218668688607281, 31.449882531978325 ], [ 74.2186555754339, 31.44965445296792 ], [ 74.216249659900555, 31.448125771046069 ], [ 74.208564212803424, 31.446096073067995 ], [ 74.199484845481152, 31.448462012047742 ], [ 74.197133516105481, 31.449658502246287 ] ] ] } },
{ "type": "Feature", "properties": { "name": "Shahpur Kanjra", "label": "Shahpur Kanjra", "dup_count": 1, "area_sqkm": 1.3319342600777557, "source": null, "method": "voronoi" }, "geometry": { "type": "Polygon", "coordinates": [ [ [ 74.198210722137148, 31.465125873700075 ], [ 74.209717352191433, 31.474536671383458 ], [ 74.212797105318131, 31.467979358258926 ], [ 74.212520519041519, 31.46565952599839 ], [ 74.201777327707831, 31.457292699239197 ], [ 74.198210722137148, 31.465125873700075 ] ] ] } },
{ "type": "Feature", "properties": { "name": "Sahd", "label": "Sahd", "dup_count": 1, "area_sqkm": 5.1331421209296346, "source": null, "method": "voronoi" }, "geometry": { "type": "Polygon", "coordinates": [ [ [ 74.22811839404558, 31.528395599937845 ], [ 74.22279452608457, 31.511948676818676 ], [ 74.219383708301379, 31.510098063132649 ], [ 74.195336560148846, 31.524703050496807 ], [ 74.205230712890739, 31.530405044555717 ], [ 74.211721851438782, 31.538817289729558 ], [ 74.22811839404558, 31.528395599937845 ] ] ] } },
{ "type": "Feature", "properties": { "name": "Gopera", "label": "Gopera", "dup_count": 1, "area_sqkm": 3.7655727141473103, "source": null, "method": "voronoi" }, "geometry": { "type": "Polygon", "coordinates": [ [ [ 74.207217740093796, 31.485978242847111 ], [ 74.223271518784529, 31.484328468881312 ], [ 74.225317877543787, 31.483236291741406 ], [ 74.232660883432018, 31.474950891776079 ], [ 74.231938365845522, 31.46705689644477 ], [ 74.212797105318131, 31.467979358258926 ], [ 74.209717352191433, 31.474536671383458 ], [ 74.207217740093796, 31.485978242847111 ] ] ] } },
{ "type": "Feature", "properties": { "name": "Dina Nath", "label": "Dina Nath", "dup_count": 1, "area_sqkm": 1.3215581055606005, "source": null, "method": "voronoi" }, "geometry": { "type": "Polygon", "coordinates": [ [ [ 74.212797105318131, 31.467979358258926 ], [ 74.231938365845522, 31.46705689644477 ], [ 74.234074659477685, 31.463608541218566 ], [ 74.228987891551711, 31.461049952636834 ], [ 74.216028194314106, 31.460468382572806 ], [ 74.212520519041519, 31.46565952599839 ], [ 74.212797105318131, 31.467979358258926 ] ] ] } },
{ "type": "Feature", "properties": { "name": "Mosle", "label": "Mosle", "dup_count": 1, "area_sqkm": 2.8867937183201193, "source": null, "method": "voronoi" }, "geometry": { "type": "Polygon", "coordinates": [ [ [ 74.20719672116401, 31.409036619335424 ], [ 74.211650996402369, 31.408947973771657 ], [ 74.216577078166893, 31.40348272860966 ], [ 74.217774487793349, 31.392614120347819 ], [ 74.215606188243939, 31.390563489588985 ], [ 74.209195119033041, 31.391390386142398 ], [ 74.199282296430269, 31.397250622059563 ], [ 74.194833603390492, 31.402435110851673 ], [ 74.20719672116401, 31.409036619335424 ] ] ] } },
{ "type": "Feature", "properties": { "name": "Mukhtar da Kot", "label": "Mukhtar da Kot", "dup_count": 1, "area_sqkm": 1.7902928047061819, "source": null, "method": "voronoi" }, "geometry": { "type": "Polygon", "coordinates": [ [ [ 74.196266263901734, 31.384129870003257 ], [ 74.209195119033041, 31.391390386142398 ], [ 74.215606188243939, 31.390563489588985 ], [ 74.215916851716287, 31.382224238175503 ], [ 74.204723248710565, 31.377344988477855 ], [ 74.196266263901734, 31.384129870003257 ] ] ] } },
{ "type": "Feature", "properties": { "name": "Asal", "label": "Asal", "dup_count": 1, "area_sqkm": 5.5900766453853246, "source": null, "method": "voronoi" }, "geometry": { "type": "Polygon", "coordinates": [ [ [ 74.205459835038127, 31.334488777685582 ], [ 74.192528840565387, 31.361819462624528 ], [ 74.207900227569624, 31.358917403931354 ], [ 74.220831397827354, 31.354956115416069 ], [ 74.222459435733455, 31.348965521930626 ], [ 74.217190655013837, 31.333251302601969 ], [ 74.211623697991911, 31.331303134751238 ], [ 74.205459835038127, 31.334488777685582 ] ] ] } },
{ "type": "Feature", "properties": { "name": "Fazalpura", "label": "Fazalpura", "dup_count": 1, "area_sqkm": 1.3040605534576335, "source": null, "method": "voronoi" }, "geometry": { "type": "Polygon", "coordinates": [ [ [ 74.200036045316295, 31.431264361494343 ], [ 74.199484845481152, 31.448462012047742 ], [ 74.208564212803424, 31.446096073067995 ], [ 74.209757161252043, 31.439044217880632 ], [ 74.201459984366807, 31.431017235371911 ], [ 74.200036045316295, 31.431264361494343 ] ] ] } },
{ "type": "Feature", "properties": { "name": "Haidarabad", "label": "Haidarabad", "dup_count": 1, "area_sqkm": 1.2929940966648075, "source": null, "method": "voronoi" }, "geometry": { "type": "Polygon", "coordinates": [ [ [ 74.206783083860969, 31.423107098210949 ], [ 74.214445228305181, 31.415701944835259 ], [ 74.214212745738493, 31.413529315124489 ], [ 74.211650996402369, 31.408947973771657 ], [ 74.20719672116401, 31.409036619335424 ], [ 74.199491874404785, 31.418690180077366 ], [ 74.206783083860969, 31.423107098210949 ] ] ] } },
{ "type": "Feature", "properties": { "name": "Chamrupur", "label": "Chamrupur", "dup_count": 1, "area_sqkm": 5.566687522555454, "source": null, "method": "voronoi" }, "geometry": { "type": "Polygon", "coordinates": [ [ [ 74.241061339829059, 31.544284040858052 ], [ 74.24082344592405, 31.542159575264755 ], [ 74.233344286697289, 31.529814600315294 ], [ 74.22811839404558, 31.528395599937845 ], [ 74.211721851438782, 31.538817289729558 ], [ 74.229509413558716, 31.561858653872903 ], [ 74.241061339829059, 31.544284040858052 ] ] ] } },
{ "type": "Feature", "properties": { "name": "Kot Shahab Din", "label": "Kot Shahab Din", "dup_count": 1, "area_sqkm": 2.3049939958433501, "source": null, "method": "voronoi" }, "geometry": { "type": "Polygon", "coordinates": [ [ [ 74.276321659572844, 31.596705537201011 ], [ 74.258735546472579, 31.588122751118469 ], [ 74.250959565231327, 31.589623794715006 ], [ 74.264277033192386, 31.606850628485244 ], [ 74.276321659572844, 31.596705537201011 ] ] ] } },
{ "type": "Feature", "properties": { "name": "Muridwala", "label": "Muridwala", "dup_count": 1, "area_sqkm": 6.0874792626048224, "source": null, "method": "voronoi" }, "geometry": { "type": "Polygon", "coordinates": [ [ [ 74.22279452608457, 31.511948676818676 ], [ 74.240062427419261, 31.501469267694542 ], [ 74.223271518784529, 31.484328468881312 ], [ 74.207217740093796, 31.485978242847111 ], [ 74.206100192742085, 31.48683259490732 ], [ 74.206902477999833, 31.498630023130588 ], [ 74.219383708301379, 31.510098063132649 ], [ 74.22279452608457, 31.511948676818676 ] ] ] } },
{ "type": "Feature", "properties": { "name": "Nawazishabad", "label": "Nawazishabad", "dup_count": 1, "area_sqkm": 0.97363132106654693, "source": null, "method": "voronoi" }, "geometry": { "type": "Polygon", "coordinates": [ [ [ 74.201459984366807, 31.431017235371911 ], [ 74.209757161252043, 31.439044217880632 ], [ 74.214705939261151, 31.432682846059183 ], [ 74.214878904935702, 31.429567412570851 ], [ 74.214604737853776, 31.429235307392386 ], [ 74.207918036030804, 31.426730078588232 ], [ 74.201459984366807, 31.431017235371911 ] ] ] } },
{ "type": "Feature", "properties": { "name": "Lakhowal", "label": "Lakhowal", "dup_count": 1, "area_sqkm": 0.82548310059509566, "source": null, "method": "voronoi" }, "geometry": { "type": "Polygon", "coordinates": [ [ [ 74.19003898361423, 31.364862883294819 ], [ 74.193849744465666, 31.366439588595419 ], [ 74.207063524232481, 31.364014125382774 ], [ 74.207900227569624, 31.358917403931354 ], [ 74.192528840565387, 31.361819462624528 ], [ 74.19003898361423, 31.364862883294819 ] ] ] } },
{ "type": "Feature", "properties": { "name": "Bhopattian", "label": "Bhopattian", "dup_count": 1, "area_sqkm": 3.2557593176212456, "source": null, "method": "voronoi" }, "geometry": { "type": "Polygon", "coordinates": [ [ [ 74.216577078166893, 31.40348272860966 ], [ 74.235429794622192, 31.411123500140462 ], [ 74.240459497256879, 31.393729074831608 ], [ 74.217774487793349, 31.392614120347819 ], [ 74.216577078166893, 31.40348272860966 ] ] ] } },
{ "type": "Feature", "properties": { "name": "Hidayatabad", "label": "Hidayatabad", "dup_count": 1, "area_sqkm": 0.98485895527739864, "source": null, "method": "voronoi" }, "geometry": { "type": "Polygon", "coordinates": [ [ [ 74.206783083860969, 31.423107098210949 ], [ 74.207918036030804, 31.426730078588232 ], [ 74.214604737853776, 31.429235307392386 ], [ 74.218905069841753, 31.420421623357896 ], [ 74.214445228305181, 31.415701944835259 ], [ 74.206783083860969, 31.423107098210949 ] ] ] } },
{ "type": "Feature", "properties": { "name": "Kot Alam Shah", "label": "Kot Alam Shah", "dup_count": 1, "area_sqkm": 1.8446629640964429, "source": null, "method": "voronoi" }, "geometry": { "type": "Polygon", "coordinates": [ [ [ 74.204723248710565, 31.377344988477855 ], [ 74.215916851716287, 31.382224238175503 ], [ 74.218614006878951, 31.378750173884381 ], [ 74.220257041643862, 31.367707892666818 ], [ 74.200848846364764, 31.370722614764574 ], [ 74.204723248710565, 31.377344988477855 ] ] ] } },
{ "type": "Feature", "properties": { "name": "Khaliqabad", "label": "Khaliqabad", "dup_count": 1, "area_sqkm": 1.2475160868562007, "source": null, "method": "voronoi" }, "geometry": { "type": "Polygon", "coordinates": [ [ [ 74.216249659900555, 31.448125771046069 ], [ 74.221198916907298, 31.437644334879529 ], [ 74.214705939261151, 31.432682846059183 ], [ 74.209757161252043, 31.439044217880632 ], [ 74.208564212803424, 31.446096073067995 ], [ 74.216249659900555, 31.448125771046069 ] ] ] } },
{ "type": "Feature", "properties": { "name": "Bakhewal", "label": "Bakhewal", "dup_count": 1, "area_sqkm": 0.97363920632150092, "source": null, "method": "voronoi" }, "geometry": { "type": "Polygon", "coordinates": [ [ [ 74.207900227569624, 31.358917403931354 ], [ 74.207063524232481, 31.364014125382774 ], [ 74.220780424620074, 31.363780409876409 ], [ 74.220831397827354, 31.354956115416069 ], [ 74.207900227569624, 31.358917403931354 ] ] ] } },
{ "type": "Feature", "properties": { "name": "Fateh da Kot", "label": "Fateh da Kot", "dup_count": 1, "area_sqkm": 1.2818532230977262, "source": null, "method": "voronoi" }, "geometry": { "type": "Polygon", "coordinates": [ [ [ 74.200848846364764, 31.370722614764574 ], [ 74.220257041643862, 31.367707892666818 ], [ 74.221235269970308, 31.366059247733222 ], [ 74.220780424620074, 31.363780409876409 ], [ 74.207063524232481, 31.364014125382774 ], [ 74.193849744465666, 31.366439588595419 ], [ 74.200848846364764, 31.370722614764574 ] ] ] } },
{ "type": "Feature", "properties": { "name": "Tibba Surain Singh", "label": "Tibba Surain Singh", "dup_count": 1, "area_sqkm": 10.526424930362712, "source": null, "method": "voronoi" }, "geometry": { "type": "Polygon", "coordinates": [ [ [ 74.211623697991911, 31.331303134751238 ], [ 74.217190655013837, 31.333251302601969 ], [ 74.230158351998554, 31.329824555605462 ], [ 74.243297779732458, 31.32079807404557 ], [ 74.245126075361114, 31.302234922897217 ], [ 74.240722585140347, 31.297824407642999 ], [ 74.229423849776907, 31.297741029816979 ], [ 74.223748031885776, 31.298180326541758 ], [ 74.213375243978575, 31.30418794551516 ], [ 74.207981982496705, 31.322964051333358 ], [ 74.211623697991911, 31.331303134751238 ] ] ] } },
{ "type": "Feature", "properties": { "name": "Chanirupur", "label": "Chanirupur", "dup_count": 1, "area_sqkm": 2.5214388329399959, "source": null, "method": "voronoi" }, "geometry": { "type": "Polygon", "coordinates": [ [ [ 74.218614006878951, 31.378750173884381 ], [ 74.240696444716178, 31.3804320723745 ], [ 74.241410494318117, 31.37379558906601 ], [ 74.238335267423622, 31.370464810674012 ], [ 74.221235269970308, 31.366059247733222 ], [ 74.220257041643862, 31.367707892666818 ], [ 74.218614006878951, 31.378750173884381 ] ] ] } },
{ "type": "Feature", "properties": { "name": "Talib Ganj", "label": "Talib Ganj", "dup_count": 1, "area_sqkm": 1.135656659090853, "source": null, "method": "voronoi" }, "geometry": { "type": "Polygon", "coordinates": [ [ [ 74.214445228305181, 31.415701944835259 ], [ 74.218905069841753, 31.420421623357896 ], [ 74.225366439479643, 31.420881783061297 ], [ 74.234684668098254, 31.41551867027275 ], [ 74.234895981417779, 31.413828978662096 ], [ 74.214212745738493, 31.413529315124489 ], [ 74.214445228305181, 31.415701944835259 ] ] ] } },
{ "type": "Feature", "properties": { "name": "Ada Plat", "label": "Ada Plat", "dup_count": 1, "area_sqkm": 3.0143085832726135, "source": null, "method": "voronoi" }, "geometry": { "type": "Polygon", "coordinates": [ [ [ 74.221235269970308, 31.366059247733222 ], [ 74.238335267423622, 31.370464810674012 ], [ 74.239306002722643, 31.365465962335822 ], [ 74.237212862539138, 31.354755000970574 ], [ 74.222459435733455, 31.348965521930626 ], [ 74.220831397827354, 31.354956115416069 ], [ 74.220780424620074, 31.363780409876409 ], [ 74.221235269970308, 31.366059247733222 ] ] ] } },
{ "type": "Feature", "properties": { "name": "Kot", "label": "Kot", "dup_count": 1, "area_sqkm": 3.8027271491048742, "source": null, "method": "voronoi" }, "geometry": { "type": "Polygon", "coordinates": [ [ [ 74.217774487793349, 31.392614120347819 ], [ 74.240459497256879, 31.393729074831608 ], [ 74.244617677691863, 31.391148026126061 ], [ 74.240696444716178, 31.3804320723745 ], [ 74.218614006878951, 31.378750173884381 ], [ 74.215916851716287, 31.382224238175503 ], [ 74.215606188243939, 31.390563489588985 ], [ 74.217774487793349, 31.392614120347819 ] ] ] } },
{ "type": "Feature", "properties": { "name": "Fatehabad", "label": "Fatehabad", "dup_count": 1, "area_sqkm": 0.80156519346663879, "source": null, "method": "voronoi" }, "geometry": { "type": "Polygon", "coordinates": [ [ [ 74.214878904935702, 31.429567412570851 ], [ 74.225105889920272, 31.429343577841593 ], [ 74.225366439479643, 31.420881783061297 ], [ 74.218905069841753, 31.420421623357896 ], [ 74.214604737853776, 31.429235307392386 ], [ 74.214878904935702, 31.429567412570851 ] ] ] } },
{ "type": "Feature", "properties": { "name": "Hussainabad", "label": "Hussainabad", "dup_count": 1, "area_sqkm": 0.84302523201125068, "source": null, "method": "voronoi" }, "geometry": { "type": "Polygon", "coordinates": [ [ [ 74.214705939261151, 31.432682846059183 ], [ 74.221198916907298, 31.437644334879529 ], [ 74.226486334215451, 31.43638005372344 ], [ 74.22739564184117, 31.432338836072582 ], [ 74.227183997242676, 31.43071779675428 ], [ 74.225105889920272, 31.429343577841593 ], [ 74.214878904935702, 31.429567412570851 ], [ 74.214705939261151, 31.432682846059183 ] ] ] } },
{ "type": "Feature", "properties": { "name": "Khayaban-e-Amin", "label": "Khayaban-e-Amin", "dup_count": 1, "area_sqkm": 1.4377830942715832, "source": "official_uc_pdf", "method": "voronoi" }, "geometry": { "type": "Polygon", "coordinates": [ [ [ 74.2186555754339, 31.44965445296792 ], [ 74.231912393969552, 31.447053712049406 ], [ 74.231811273237327, 31.442669813473223 ], [ 74.226486334215451, 31.43638005372344 ], [ 74.221198916907298, 31.437644334879529 ], [ 74.216249659900555, 31.448125771046069 ], [ 74.2186555754339, 31.44965445296792 ] ] ] } },
{ "type": "Feature", "properties": { "name": "Amir Kot", "label": "Amir Kot", "dup_count": 1, "area_sqkm": 0.73481180757543074, "source": null, "method": "voronoi" }, "geometry": { "type": "Polygon", "coordinates": [ [ [ 74.216028194314106, 31.460468382572806 ], [ 74.228987891551711, 31.461049952636834 ], [ 74.218668688607281, 31.449882531978325 ], [ 74.216028194314106, 31.460468382572806 ] ] ] } },
{ "type": "Feature", "properties": { "name": "Azimabad", "label": "Azimabad", "dup_count": 1, "area_sqkm": 2.0755868629267442, "source": null, "method": "voronoi" }, "geometry": { "type": "Polygon", "coordinates": [ [ [ 74.218668688607281, 31.449882531978325 ], [ 74.228987891551711, 31.461049952636834 ], [ 74.234074659477685, 31.463608541218566 ], [ 74.238581214044345, 31.460721249226982 ], [ 74.239222700733393, 31.460151883717678 ], [ 74.23855426251653, 31.456671653703985 ], [ 74.235876050305052, 31.449346973236285 ], [ 74.231912393969552, 31.447053712049406 ], [ 74.2186555754339, 31.44965445296792 ], [ 74.218668688607281, 31.449882531978325 ] ] ] } },
{ "type": "Feature", "properties": { "name": "Mushtaqabad", "label": "Mushtaqabad", "dup_count": 1, "area_sqkm": 1.5961922200761227, "source": null, "method": "voronoi" }, "geometry": { "type": "Polygon", "coordinates": [ [ [ 74.214212745738493, 31.413529315124489 ], [ 74.234895981417779, 31.413828978662096 ], [ 74.235635579566292, 31.412007301373002 ], [ 74.235429794622192, 31.411123500140462 ], [ 74.216577078166893, 31.40348272860966 ], [ 74.211650996402369, 31.408947973771657 ], [ 74.214212745738493, 31.413529315124489 ] ] ] } },
{ "type": "Feature", "properties": { "name": "Thokar Niaz Baig", "label": "Thokar Niaz Baig", "dup_count": 1, "area_sqkm": 1.2348004744590637, "source": null, "method": "voronoi" }, "geometry": { "type": "Polygon", "coordinates": [ [ [ 74.232660883432018, 31.474950891776079 ], [ 74.236713445590965, 31.475769721993217 ], [ 74.243501659521812, 31.47298464041036 ], [ 74.243823628689327, 31.472307363723917 ], [ 74.238581214044345, 31.460721249226982 ], [ 74.234074659477685, 31.463608541218566 ], [ 74.231938365845522, 31.46705689644477 ], [ 74.232660883432018, 31.474950891776079 ] ] ] } },
{ "type": "Feature", "properties": { "name": "Amirpura", "label": "Amirpura", "dup_count": 1, "area_sqkm": 1.4368416160651292, "source": null, "method": "voronoi" }, "geometry": { "type": "Polygon", "coordinates": [ [ [ 74.227183997242676, 31.43071779675428 ], [ 74.239832554471519, 31.425325999717028 ], [ 74.234684668098254, 31.41551867027275 ], [ 74.225366439479643, 31.420881783061297 ], [ 74.225105889920272, 31.429343577841593 ], [ 74.227183997242676, 31.43071779675428 ] ] ] } },
{ "type": "Feature", "properties": { "name": "Chamrupur", "label": "Chamrupur", "dup_count": 1, "area_sqkm": 4.8921839966762501, "source": null, "method": "voronoi" }, "geometry": { "type": "Polygon", "coordinates": [ [ [ 74.229509413558716, 31.561858653872903 ], [ 74.237892857822359, 31.572712891598133 ], [ 74.24863155710392, 31.569670035855086 ], [ 74.254223840149663, 31.566881493715002 ], [ 74.255339576883586, 31.554127110764195 ], [ 74.241061339829059, 31.544284040858052 ], [ 74.229509413558716, 31.561858653872903 ] ] ] } },
{ "type": "Feature", "properties": { "name": "Ejaz Baig", "label": "Ejaz Baig", "dup_count": 1, "area_sqkm": 1.7396733011402408, "source": null, "method": "voronoi" }, "geometry": { "type": "Polygon", "coordinates": [ [ [ 74.225317877543787, 31.483236291741406 ], [ 74.25068342410637, 31.488248435581532 ], [ 74.252183320419917, 31.48655412230573 ], [ 74.236713445590965, 31.475769721993217 ], [ 74.232660883432018, 31.474950891776079 ], [ 74.225317877543787, 31.483236291741406 ] ] ] } },
{ "type": "Feature", "properties": { "name": "Shadiwal Mahatman", "label": "Shadiwal Mahatman", "dup_count": 1, "area_sqkm": 7.245373868508965, "source": null, "method": "voronoi" }, "geometry": { "type": "Polygon", "coordinates": [ [ [ 74.22811839404558, 31.528395599937845 ], [ 74.233344286697289, 31.529814600315294 ], [ 74.253667368843907, 31.52317128579309 ], [ 74.258565439380291, 31.515418593889962 ], [ 74.253042432207792, 31.506620954780708 ], [ 74.245826176562645, 31.50050688150472 ], [ 74.240062427419261, 31.501469267694542 ], [ 74.22279452608457, 31.511948676818676 ], [ 74.22811839404558, 31.528395599937845 ] ] ] } },
{ "type": "Feature", "properties": { "name": "Sultanabad", "label": "Sultanabad", "dup_count": 1, "area_sqkm": 0.82245620013288911, "source": null, "method": "voronoi" }, "geometry": { "type": "Polygon", "coordinates": [ [ [ 74.231912393969552, 31.447053712049406 ], [ 74.235876050305052, 31.449346973236285 ], [ 74.237843791402753, 31.448338461203019 ], [ 74.24233521177527, 31.441030821343194 ], [ 74.236916624267963, 31.436998977428228 ], [ 74.231811273237327, 31.442669813473223 ], [ 74.231912393969552, 31.447053712049406 ] ] ] } },
{ "type": "Feature", "properties": { "name": "Niaz Beg", "label": "Niaz Beg", "dup_count": 1, "area_sqkm": 2.6899651219229543, "source": null, "method": "voronoi" }, "geometry": { "type": "Polygon", "coordinates": [ [ [ 74.223271518784529, 31.484328468881312 ], [ 74.240062427419261, 31.501469267694542 ], [ 74.245826176562645, 31.50050688150472 ], [ 74.25068342410637, 31.488248435581532 ], [ 74.225317877543787, 31.483236291741406 ], [ 74.223271518784529, 31.484328468881312 ] ] ] } },
{ "type": "Feature", "properties": { "name": "Killa Zulfiqar", "label": "Killa Zulfiqar", "dup_count": 1, "area_sqkm": 2.3802415959225254, "source": null, "method": "voronoi" }, "geometry": { "type": "Polygon", "coordinates": [ [ [ 74.234684668098254, 31.41551867027275 ], [ 74.239832554471519, 31.425325999717028 ], [ 74.242919133806467, 31.427453188550821 ], [ 74.261427649279725, 31.413337731891669 ], [ 74.235635579566292, 31.412007301373002 ], [ 74.234895981417779, 31.413828978662096 ], [ 74.234684668098254, 31.41551867027275 ] ] ] } },
{ "type": "Feature", "properties": { "name": "Ali Razaabad", "label": "Ali Razaabad", "dup_count": 1, "area_sqkm": 1.0139730294924976, "source": null, "method": "voronoi" }, "geometry": { "type": "Polygon", "coordinates": [ [ [ 74.227183997242676, 31.43071779675428 ], [ 74.22739564184117, 31.432338836072582 ], [ 74.237594929581917, 31.435625811163476 ], [ 74.244020246000233, 31.429662218943822 ], [ 74.242919133806467, 31.427453188550821 ], [ 74.239832554471519, 31.425325999717028 ], [ 74.227183997242676, 31.43071779675428 ] ] ] } },
{ "type": "Feature", "properties": { "name": "Rukanabad", "label": "Rukanabad", "dup_count": 1, "area_sqkm": 0.64245831819821719, "source": null, "method": "voronoi" }, "geometry": { "type": "Polygon", "coordinates": [ [ [ 74.226486334215451, 31.43638005372344 ], [ 74.231811273237327, 31.442669813473223 ], [ 74.236916624267963, 31.436998977428228 ], [ 74.237594929581917, 31.435625811163476 ], [ 74.22739564184117, 31.432338836072582 ], [ 74.226486334215451, 31.43638005372344 ] ] ] } },
{ "type": "Feature", "properties": { "name": "Alipur", "label": "Alipur", "dup_count": 1, "area_sqkm": 0.88535689231750914, "source": null, "method": "voronoi" }, "geometry": { "type": "Polygon", "coordinates": [ [ [ 74.237594929581917, 31.435625811163476 ], [ 74.236916624267963, 31.436998977428228 ], [ 74.24233521177527, 31.441030821343194 ], [ 74.249332449351627, 31.436999135947627 ], [ 74.249595385861852, 31.433377974765406 ], [ 74.244020246000233, 31.429662218943822 ], [ 74.237594929581917, 31.435625811163476 ] ] ] } },
{ "type": "Feature", "properties": { "name": "Kot Channan Din", "label": "Kot Channan Din", "dup_count": 1, "area_sqkm": 2.2176834260845886, "source": null, "method": "voronoi" }, "geometry": { "type": "Polygon", "coordinates": [ [ [ 74.238335267423622, 31.370464810674012 ], [ 74.241410494318117, 31.37379558906601 ], [ 74.256571661232528, 31.367620166498341 ], [ 74.260596042719925, 31.360244082678157 ], [ 74.256036137836062, 31.355523130436072 ], [ 74.239306002722643, 31.365465962335822 ], [ 74.238335267423622, 31.370464810674012 ] ] ] } },
{ "type": "Feature", "properties": { "name": "Aminpura", "label": "Aminpura", "dup_count": 1, "area_sqkm": 1.8691467224928278, "source": null, "method": "voronoi" }, "geometry": { "type": "Polygon", "coordinates": [ [ [ 74.223748031885776, 31.298180326541758 ], [ 74.229423849776907, 31.297741029816979 ], [ 74.225631001118145, 31.281384488923926 ], [ 74.211337569857591, 31.272021880151694 ], [ 74.223748031885776, 31.298180326541758 ] ] ] } },
{ "type": "Feature", "properties": { "name": "Jamalpura", "label": "Jamalpura", "dup_count": 1, "area_sqkm": 3.1296033853661633, "source": null, "method": "voronoi" }, "geometry": { "type": "Polygon", "coordinates": [ [ [ 74.225631001118145, 31.281384488923926 ], [ 74.242132298068128, 31.287530405624061 ], [ 74.24457348681743, 31.282378301307723 ], [ 74.237196784658764, 31.27361013568002 ], [ 74.214797300298798, 31.268238581962439 ], [ 74.210326557138416, 31.270765234050611 ], [ 74.211337569857591, 31.272021880151694 ], [ 74.225631001118145, 31.281384488923926 ] ] ] } },
{ "type": "Feature", "properties": { "name": "Kot Nur Muhammad", "label": "Kot Nur Muhammad", "dup_count": 1, "area_sqkm": 5.988580651305238, "source": null, "method": "voronoi" }, "geometry": { "type": "Polygon", "coordinates": [ [ [ 74.222459435733455, 31.348965521930626 ], [ 74.237212862539138, 31.354755000970574 ], [ 74.254275045131905, 31.352974532231375 ], [ 74.254517540813595, 31.347300259361123 ], [ 74.230158351998554, 31.329824555605462 ], [ 74.217190655013837, 31.333251302601969 ], [ 74.222459435733455, 31.348965521930626 ] ] ] } },
{ "type": "Feature", "properties": { "name": "Dhund", "label": "Dhund", "dup_count": 1, "area_sqkm": 9.5975002955239646, "source": null, "method": "voronoi" }, "geometry": { "type": "Polygon", "coordinates": [ [ [ 74.240722585140347, 31.297824407642999 ], [ 74.245126075361114, 31.302234922897217 ], [ 74.257740016993665, 31.300458481920671 ], [ 74.286172950137257, 31.288373530042438 ], [ 74.287104240469901, 31.275271902166871 ], [ 74.284988403320426, 31.276235580444382 ], [ 74.268465382889303, 31.272406623888056 ], [ 74.24457348681743, 31.282378301307723 ], [ 74.242132298068128, 31.287530405624061 ], [ 74.240722585140347, 31.297824407642999 ] ] ] } },
{ "type": "Feature", "properties": { "name": "Chorkot", "label": "Chorkot", "dup_count": 1, "area_sqkm": 1.9263778880037199, "source": null, "method": "voronoi" }, "geometry": { "type": "Polygon", "coordinates": [ [ [ 74.242132298068128, 31.287530405624061 ], [ 74.225631001118145, 31.281384488923926 ], [ 74.229423849776907, 31.297741029816979 ], [ 74.240722585140347, 31.297824407642999 ], [ 74.242132298068128, 31.287530405624061 ] ] ] } },
{ "type": "Feature", "properties": { "name": "Eden Avenue", "label": "Eden Avenue", "dup_count": 1, "area_sqkm": 1.086684513729528, "source": "user_verified_list_2024", "method": "voronoi" }, "geometry": { "type": "Polygon", "coordinates": [ [ [ 74.252183320419917, 31.48655412230573 ], [ 74.255800142261521, 31.484327978452082 ], [ 74.255800121830688, 31.482662427594871 ], [ 74.243501659521812, 31.47298464041036 ], [ 74.236713445590965, 31.475769721993217 ], [ 74.252183320419917, 31.48655412230573 ] ] ] } },
{ "type": "Feature", "properties": { "name": "Niaz Beg Thokar", "label": "Niaz Beg Thokar", "dup_count": 1, "area_sqkm": 3.3720642043728497, "source": null, "method": "voronoi" }, "geometry": { "type": "Polygon", "coordinates": [ [ [ 74.25068342410637, 31.488248435581532 ], [ 74.245826176562645, 31.50050688150472 ], [ 74.253042432207792, 31.506620954780708 ], [ 74.267598868129269, 31.497267568715646 ], [ 74.267601751478693, 31.488674969118115 ], [ 74.263108125246902, 31.485964619065506 ], [ 74.255800142261521, 31.484327978452082 ], [ 74.252183320419917, 31.48655412230573 ], [ 74.25068342410637, 31.488248435581532 ] ] ] } },
{ "type": "Feature", "properties": { "name": "Basti Jaswali", "label": "Basti Jaswali", "dup_count": 1, "area_sqkm": 2.3887415806105641, "source": null, "method": "voronoi" }, "geometry": { "type": "Polygon", "coordinates": [ [ [ 74.258735546472579, 31.588122751118469 ], [ 74.259937055929186, 31.58324157506744 ], [ 74.24863155710392, 31.569670035855086 ], [ 74.237892857822359, 31.572712891598133 ], [ 74.250959565231327, 31.589623794715006 ], [ 74.258735546472579, 31.588122751118469 ] ] ] } },
{ "type": "Feature", "properties": { "name": "Ankhpura", "label": "Ankhpura", "dup_count": 1, "area_sqkm": 3.8517980801023102, "source": null, "method": "voronoi" }, "geometry": { "type": "Polygon", "coordinates": [ [ [ 74.24082344592405, 31.542159575264755 ], [ 74.261542729505919, 31.540048006328245 ], [ 74.262257236007187, 31.533855851106008 ], [ 74.253667368843907, 31.52317128579309 ], [ 74.233344286697289, 31.529814600315294 ], [ 74.24082344592405, 31.542159575264755 ] ] ] } },
{ "type": "Feature", "properties": { "name": "Bhadru", "label": "Bhadru", "dup_count": 1, "area_sqkm": 2.0247765865073934, "source": null, "method": "voronoi" }, "geometry": { "type": "Polygon", "coordinates": [ [ [ 74.255339576883586, 31.554127110764195 ], [ 74.264322641218399, 31.545986094126885 ], [ 74.261542729505919, 31.540048006328245 ], [ 74.24082344592405, 31.542159575264755 ], [ 74.241061339829059, 31.544284040858052 ], [ 74.255339576883586, 31.554127110764195 ] ] ] } },
{ "type": "Feature", "properties": { "name": "Amirpura", "label": "Amirpura", "dup_count": 1, "area_sqkm": 5.6380223895162445, "source": null, "method": "voronoi" }, "geometry": { "type": "Polygon", "coordinates": [ [ [ 74.235635579566292, 31.412007301373002 ], [ 74.261427649279725, 31.413337731891669 ], [ 74.266736473314296, 31.412028556341227 ], [ 74.268424252803129, 31.410424782982396 ], [ 74.267791616762068, 31.407702299053042 ], [ 74.25800365263774, 31.39298566727409 ], [ 74.244617677691863, 31.391148026126061 ], [ 74.240459497256879, 31.393729074831608 ], [ 74.235429794622192, 31.411123500140462 ], [ 74.235635579566292, 31.412007301373002 ] ] ] } },
{ "type": "Feature", "properties": { "name": "Aligarh", "label": "Aligarh", "dup_count": 1, "area_sqkm": 0.77851474506857965, "source": null, "method": "voronoi" }, "geometry": { "type": "Polygon", "coordinates": [ [ [ 74.235876050305052, 31.449346973236285 ], [ 74.23855426251653, 31.456671653703985 ], [ 74.248135283168594, 31.451399402835126 ], [ 74.24650763759891, 31.446614445700401 ], [ 74.246245494809713, 31.446436904302235 ], [ 74.237843791402753, 31.448338461203019 ], [ 74.235876050305052, 31.449346973236285 ] ] ] } },
{ "type": "Feature", "properties": { "name": "Eden Canal Villas", "label": "Eden Canal Villas", "dup_count": 1, "area_sqkm": 0.78686049138376535, "source": "user_verified_list_2024", "method": "voronoi" }, "geometry": { "type": "Polygon", "coordinates": [ [ [ 74.238581214044345, 31.460721249226982 ], [ 74.243823628689327, 31.472307363723917 ], [ 74.245801575814582, 31.471399273903739 ], [ 74.250498699333704, 31.466693818634653 ], [ 74.24468006655286, 31.461001235122183 ], [ 74.239222700733393, 31.460151883717678 ], [ 74.238581214044345, 31.460721249226982 ] ] ] } },
{ "type": "Feature", "properties": { "name": "Rehimabad", "label": "Rehimabad", "dup_count": 1, "area_sqkm": 0.66734483428740221, "source": null, "method": "voronoi" }, "geometry": { "type": "Polygon", "coordinates": [ [ [ 74.24233521177527, 31.441030821343194 ], [ 74.237843791402753, 31.448338461203019 ], [ 74.246245494809713, 31.446436904302235 ], [ 74.250336038401969, 31.440250931800719 ], [ 74.249332449351627, 31.436999135947627 ], [ 74.24233521177527, 31.441030821343194 ] ] ] } },
{ "type": "Feature", "properties": { "name": "Janjate", "label": "Janjate", "dup_count": 1, "area_sqkm": 1.3078809780185274, "source": null, "method": "voronoi" }, "geometry": { "type": "Polygon", "coordinates": [ [ [ 74.239306002722643, 31.365465962335822 ], [ 74.256036137836062, 31.355523130436072 ], [ 74.254275045131905, 31.352974532231375 ], [ 74.237212862539138, 31.354755000970574 ], [ 74.239306002722643, 31.365465962335822 ] ] ] } },
{ "type": "Feature", "properties": { "name": "Eden View", "label": "Eden View", "dup_count": 1, "area_sqkm": 0.4472911920930977, "source": "user_verified_list_2024", "method": "voronoi" }, "geometry": { "type": "Polygon", "coordinates": [ [ [ 74.255800121830688, 31.482662427594871 ], [ 74.256421088120661, 31.479241767551635 ], [ 74.256416950661659, 31.479196190684167 ], [ 74.245801575814582, 31.471399273903739 ], [ 74.243823628689327, 31.472307363723917 ], [ 74.243501659521812, 31.47298464041036 ], [ 74.255800121830688, 31.482662427594871 ] ] ] } },
{ "type": "Feature", "properties": { "name": "Eden Homes", "label": "Eden Homes", "dup_count": 1, "area_sqkm": 0.68512363731448744, "source": "user_verified_list_2024", "method": "voronoi" }, "geometry": { "type": "Polygon", "coordinates": [ [ [ 74.245801575814582, 31.471399273903739 ], [ 74.256416950661659, 31.479196190684167 ], [ 74.25632424773778, 31.473410952204375 ], [ 74.253174329122487, 31.468114571450876 ], [ 74.250498699333704, 31.466693818634653 ], [ 74.245801575814582, 31.471399273903739 ] ] ] } },
{ "type": "Feature", "properties": { "name": "Nawab Town", "label": "Nawab Town", "dup_count": 1, "area_sqkm": 1.1323357380648646, "source": null, "method": "voronoi" }, "geometry": { "type": "Polygon", "coordinates": [ [ [ 74.239222700733393, 31.460151883717678 ], [ 74.24468006655286, 31.461001235122183 ], [ 74.256620306861691, 31.45502851338053 ], [ 74.258312391884971, 31.452507047711435 ], [ 74.248135283168594, 31.451399402835126 ], [ 74.23855426251653, 31.456671653703985 ], [ 74.239222700733393, 31.460151883717678 ] ] ] } },
{ "type": "Feature", "properties": { "name": "Canal Garden", "label": "Canal Garden", "dup_count": 1, "area_sqkm": 1.5335843380608118, "source": "user_verified_list_2024", "method": "voronoi" }, "geometry": { "type": "Polygon", "coordinates": [ [ [ 74.255800121830688, 31.482662427594871 ], [ 74.255800142261521, 31.484327978452082 ], [ 74.263108125246902, 31.485964619065506 ], [ 74.276457465374776, 31.473293334495878 ], [ 74.271325130284438, 31.471031409154826 ], [ 74.256421088120661, 31.479241767551635 ], [ 74.255800121830688, 31.482662427594871 ] ] ] } },
{ "type": "Feature", "properties": { "name": "Nawan Pind", "label": "Nawan Pind", "dup_count": 1, "area_sqkm": 10.771815105345841, "source": null, "method": "voronoi" }, "geometry": { "type": "Polygon", "coordinates": [ [ [ 74.331601141409251, 31.291671655631855 ], [ 74.341265515411536, 31.301212659364328 ], [ 74.363782481548938, 31.298684473465205 ], [ 74.361144106253477, 31.270908022602978 ], [ 74.344253540039119, 31.261854171752859 ], [ 74.334028748745865, 31.262527394716276 ], [ 74.331601141409251, 31.291671655631855 ] ] ] } },
{ "type": "Feature", "properties": { "name": "Jodhu Dhir", "label": "Jodhu Dhir", "dup_count": 1, "area_sqkm": 2.6873296235466353, "source": null, "method": "voronoi" }, "geometry": { "type": "Polygon", "coordinates": [ [ [ 74.237196784658764, 31.27361013568002 ], [ 74.24457348681743, 31.282378301307723 ], [ 74.268465382889303, 31.272406623888056 ], [ 74.242061535214276, 31.26628268394672 ], [ 74.237196784658764, 31.27361013568002 ] ] ] } },
{ "type": "Feature", "properties": { "name": "Rakh Jodhu Dhir", "label": "Rakh Jodhu Dhir", "dup_count": 1, "area_sqkm": 2.1840644859246634, "source": null, "method": "voronoi" }, "geometry": { "type": "Polygon", "coordinates": [ [ [ 74.237196784658764, 31.27361013568002 ], [ 74.242061535214276, 31.26628268394672 ], [ 74.23154449462902, 31.263841629028438 ], [ 74.222166401167456, 31.258297520634493 ], [ 74.214797300298798, 31.268238581962439 ], [ 74.237196784658764, 31.27361013568002 ] ] ] } },
{ "type": "Feature", "properties": { "name": "Kot Lakhpat", "label": "Kot Lakhpat", "dup_count": 1, "area_sqkm": 0.9339129882915983, "source": "user_verified_list_2024", "method": "voronoi" }, "geometry": { "type": "Polygon", "coordinates": [ [ [ 74.257920407708312, 31.458477979072747 ], [ 74.265134984228283, 31.464536126858057 ], [ 74.266796057422212, 31.465084962479501 ], [ 74.266344440553425, 31.453138281792729 ], [ 74.265854523215438, 31.452321259767785 ], [ 74.258771167778477, 31.452023451305728 ], [ 74.258312391884971, 31.452507047711435 ], [ 74.256620306861691, 31.45502851338053 ], [ 74.257920407708312, 31.458477979072747 ] ] ] } },
{ "type": "Feature", "properties": { "name": "Rasulpur", "label": "Rasulpur", "dup_count": 1, "area_sqkm": 1.0205631108188777, "source": null, "method": "voronoi" }, "geometry": { "type": "Polygon", "coordinates": [ [ [ 74.256620306861691, 31.45502851338053 ], [ 74.24468006655286, 31.461001235122183 ], [ 74.250498699333704, 31.466693818634653 ], [ 74.253174329122487, 31.468114571450876 ], [ 74.256976821889694, 31.464845956202925 ], [ 74.257920407708312, 31.458477979072747 ], [ 74.256620306861691, 31.45502851338053 ] ] ] } },
{ "type": "Feature", "properties": { "name": "Canal Breeze", "label": "Canal Breeze", "dup_count": 1, "area_sqkm": 0.90860999961669087, "source": "user_verified_list_2024", "method": "voronoi" }, "geometry": { "type": "Polygon", "coordinates": [ [ [ 74.256421088120661, 31.479241767551635 ], [ 74.271325130284438, 31.471031409154826 ], [ 74.266892478157871, 31.466146830330228 ], [ 74.25632424773778, 31.473410952204375 ], [ 74.256416950661659, 31.479196190684167 ], [ 74.256421088120661, 31.479241767551635 ] ] ] } },
{ "type": "Feature", "properties": { "name": "Chak Subedar", "label": "Chak Subedar", "dup_count": 1, "area_sqkm": 2.3681775995039072, "source": null, "method": "voronoi" }, "geometry": { "type": "Polygon", "coordinates": [ [ [ 74.254275045131905, 31.352974532231375 ], [ 74.256036137836062, 31.355523130436072 ], [ 74.260596042719925, 31.360244082678157 ], [ 74.266921076132192, 31.360384912160953 ], [ 74.275579862422447, 31.348608734059439 ], [ 74.257750283575476, 31.344404474630249 ], [ 74.254517540813595, 31.347300259361123 ], [ 74.254275045131905, 31.352974532231375 ] ] ] } },
{ "type": "Feature", "properties": { "name": "Jafar Town", "label": "Jafar Town", "dup_count": 1, "area_sqkm": 0.32299877099204238, "source": null, "method": "voronoi" }, "geometry": { "type": "Polygon", "coordinates": [ [ [ 74.248135283168594, 31.451399402835126 ], [ 74.258312391884971, 31.452507047711435 ], [ 74.258771167778477, 31.452023451305728 ], [ 74.258466975857019, 31.451427461526833 ], [ 74.24650763759891, 31.446614445700401 ], [ 74.248135283168594, 31.451399402835126 ] ] ] } },
{ "type": "Feature", "properties": { "name": "PASCO Housing Society", "label": "PASCO Housing Society", "dup_count": 1, "area_sqkm": 2.9604603566636505, "source": "user_verified_list_2024", "method": "voronoi" }, "geometry": { "type": "Polygon", "coordinates": [ [ [ 74.244020246000233, 31.429662218943822 ], [ 74.249595385861852, 31.433377974765406 ], [ 74.257977782871663, 31.432045357594106 ], [ 74.263626720914502, 31.430498449776177 ], [ 74.266736473314296, 31.412028556341227 ], [ 74.261427649279725, 31.413337731891669 ], [ 74.242919133806467, 31.427453188550821 ], [ 74.244020246000233, 31.429662218943822 ] ] ] } },
{ "type": "Feature", "properties": { "name": "Nishampura", "label": "Nishampura", "dup_count": 1, "area_sqkm": 0.88944267395433119, "source": null, "method": "voronoi" }, "geometry": { "type": "Polygon", "coordinates": [ [ [ 74.249332449351627, 31.436999135947627 ], [ 74.250336038401969, 31.440250931800719 ], [ 74.257504384229193, 31.445230105967791 ], [ 74.258128347861032, 31.444554815345494 ], [ 74.257977782871663, 31.432045357594106 ], [ 74.249595385861852, 31.433377974765406 ], [ 74.249332449351627, 31.436999135947627 ] ] ] } },
{ "type": "Feature", "properties": { "name": "Saggian", "label": "Saggian", "dup_count": 1, "area_sqkm": 2.1976324716225575, "source": null, "method": "voronoi" }, "geometry": { "type": "Polygon", "coordinates": [ [ [ 74.24863155710392, 31.569670035855086 ], [ 74.259937055929186, 31.58324157506744 ], [ 74.260876417129538, 31.583147721529485 ], [ 74.272303009372308, 31.570034390065164 ], [ 74.270980242223345, 31.568757800198487 ], [ 74.254223840149663, 31.566881493715002 ], [ 74.24863155710392, 31.569670035855086 ] ] ] } },
{ "type": "Feature", "properties": { "name": "Muhammadpura", "label": "Muhammadpura", "dup_count": 1, "area_sqkm": 0.7232453497657515, "source": null, "method": "voronoi" }, "geometry": { "type": "Polygon", "coordinates": [ [ [ 74.258466975857019, 31.451427461526833 ], [ 74.257504384229193, 31.445230105967791 ], [ 74.250336038401969, 31.440250931800719 ], [ 74.246245494809713, 31.446436904302235 ], [ 74.24650763759891, 31.446614445700401 ], [ 74.258466975857019, 31.451427461526833 ] ] ] } },
{ "type": "Feature", "properties": { "name": "Wara", "label": "Wara", "dup_count": 1, "area_sqkm": 4.4520067541279298, "source": null, "method": "voronoi" }, "geometry": { "type": "Polygon", "coordinates": [ [ [ 74.240696444716178, 31.3804320723745 ], [ 74.244617677691863, 31.391148026126061 ], [ 74.25800365263774, 31.39298566727409 ], [ 74.264895914033858, 31.384995976778143 ], [ 74.256571661232528, 31.367620166498341 ], [ 74.241410494318117, 31.37379558906601 ], [ 74.240696444716178, 31.3804320723745 ] ] ] } },
{ "type": "Feature", "properties": { "name": "Tarqabad", "label": "Tarqabad", "dup_count": 1, "area_sqkm": 2.0334665881803766, "source": null, "method": "voronoi" }, "geometry": { "type": "Polygon", "coordinates": [ [ [ 74.295701767954398, 31.640436944413867 ], [ 74.299452970923511, 31.628867728705504 ], [ 74.298400251420603, 31.62345260017571 ], [ 74.281309175252474, 31.628869929772637 ], [ 74.292173882994945, 31.642908498334275 ], [ 74.295701767954398, 31.640436944413867 ] ] ] } },
{ "type": "Feature", "properties": { "name": "Malianwala", "label": "Malianwala", "dup_count": 1, "area_sqkm": 2.3314822919473621, "source": null, "method": "voronoi" }, "geometry": { "type": "Polygon", "coordinates": [ [ [ 74.276321659572844, 31.596705537201011 ], [ 74.284686394898088, 31.592615676566929 ], [ 74.281546066995716, 31.584907663620065 ], [ 74.260876417129538, 31.583147721529485 ], [ 74.259937055929186, 31.58324157506744 ], [ 74.258735546472579, 31.588122751118469 ], [ 74.276321659572844, 31.596705537201011 ] ] ] } },
{ "type": "Feature", "properties": { "name": "Khana Nipal", "label": "Khana Nipal", "dup_count": 1, "area_sqkm": 5.911719915010524, "source": null, "method": "voronoi" }, "geometry": { "type": "Polygon", "coordinates": [ [ [ 74.230158351998554, 31.329824555605462 ], [ 74.254517540813595, 31.347300259361123 ], [ 74.257750283575476, 31.344404474630249 ], [ 74.270606963981294, 31.327570023624443 ], [ 74.243297779732458, 31.32079807404557 ], [ 74.230158351998554, 31.329824555605462 ] ] ] } },
{ "type": "Feature", "properties": { "name": "Nau Narian", "label": "Nau Narian", "dup_count": 1, "area_sqkm": 4.3270187046343844, "source": null, "method": "voronoi" }, "geometry": { "type": "Polygon", "coordinates": [ [ [ 74.270980242223345, 31.568757800198487 ], [ 74.280455284778043, 31.550043103285269 ], [ 74.279734020258928, 31.54969314059699 ], [ 74.264322641218399, 31.545986094126885 ], [ 74.255339576883586, 31.554127110764195 ], [ 74.254223840149663, 31.566881493715002 ], [ 74.270980242223345, 31.568757800198487 ] ] ] } },
{ "type": "Feature", "properties": { "name": "Saggian Khudayar", "label": "Saggian Khudayar", "dup_count": 1, "area_sqkm": 1.7992065975623108, "source": null, "method": "voronoi" }, "geometry": { "type": "Polygon", "coordinates": [ [ [ 74.260876417129538, 31.583147721529485 ], [ 74.281546066995716, 31.584907663620065 ], [ 74.279537237422929, 31.576384634324747 ], [ 74.272303009372308, 31.570034390065164 ], [ 74.260876417129538, 31.583147721529485 ] ] ] } },
{ "type": "Feature", "properties": { "name": "Kakkezar", "label": "Kakkezar", "dup_count": 1, "area_sqkm": 2.0196360063333243, "source": null, "method": "voronoi" }, "geometry": { "type": "Polygon", "coordinates": [ [ [ 74.258565439380291, 31.515418593889962 ], [ 74.262686795769568, 31.515055117690682 ], [ 74.269573235971251, 31.510366895977509 ], [ 74.269691000710608, 31.509975664383678 ], [ 74.270252188969295, 31.499799950920814 ], [ 74.267598868129269, 31.497267568715646 ], [ 74.253042432207792, 31.506620954780708 ], [ 74.258565439380291, 31.515418593889962 ] ] ] } },
{ "type": "Feature", "properties": { "name": "Kot Kamba", "label": "Kot Kamba", "dup_count": 1, "area_sqkm": 2.087366280642355, "source": null, "method": "voronoi" }, "geometry": { "type": "Polygon", "coordinates": [ [ [ 74.261542729505919, 31.540048006328245 ], [ 74.264322641218399, 31.545986094126885 ], [ 74.279734020258928, 31.54969314059699 ], [ 74.273723535146743, 31.533922790044386 ], [ 74.26984095789571, 31.532749018850044 ], [ 74.262257236007187, 31.533855851106008 ], [ 74.261542729505919, 31.540048006328245 ] ] ] } },
{ "type": "Feature", "properties": { "name": "Nasheman Iqbal Housing Scheme", "label": "Nasheman Iqbal Housing Scheme", "dup_count": 1, "area_sqkm": 2.0986613526693181, "source": "user_verified_list_2024", "method": "voronoi" }, "geometry": { "type": "Polygon", "coordinates": [ [ [ 74.266736473314296, 31.412028556341227 ], [ 74.263626720914502, 31.430498449776177 ], [ 74.265105513380675, 31.431923789655873 ], [ 74.274005857052359, 31.434456962288369 ], [ 74.274712426148128, 31.433937524744412 ], [ 74.27723000984885, 31.429124949867955 ], [ 74.269931328720318, 31.410874761851812 ], [ 74.268424252803129, 31.410424782982396 ], [ 74.266736473314296, 31.412028556341227 ] ] ] } },
{ "type": "Feature", "properties": { "name": "Kot Mahlibbo", "label": "Kot Mahlibbo", "dup_count": 1, "area_sqkm": 0.70003096264643316, "source": null, "method": "voronoi" }, "geometry": { "type": "Polygon", "coordinates": [ [ [ 74.28293301585019, 31.616109983256205 ], [ 74.271437639555558, 31.616109653165758 ], [ 74.280345309141182, 31.627624214450449 ], [ 74.28293301585019, 31.616109983256205 ] ] ] } },
{ "type": "Feature", "properties": { "name": "Qadarpura", "label": "Qadarpura", "dup_count": 1, "area_sqkm": 2.2581592669756283, "source": null, "method": "voronoi" }, "geometry": { "type": "Polygon", "coordinates": [ [ [ 74.280455284778043, 31.550043103285269 ], [ 74.281222965406954, 31.549893257307517 ], [ 74.2957630971989, 31.542174258809464 ], [ 74.295711743435902, 31.5407073308489 ], [ 74.279865017715821, 31.532090578038307 ], [ 74.273723535146743, 31.533922790044386 ], [ 74.279734020258928, 31.54969314059699 ], [ 74.280455284778043, 31.550043103285269 ] ] ] } },
{ "type": "Feature", "properties": { "name": "Ladheke Bhuler", "label": "Ladheke Bhuler", "dup_count": 1, "area_sqkm": 8.8624499366960645, "source": null, "method": "voronoi" }, "geometry": { "type": "Polygon", "coordinates": [ [ [ 74.363782481548938, 31.298684473465205 ], [ 74.366715756155031, 31.302823107016739 ], [ 74.382157371052188, 31.306114062108922 ], [ 74.400893748760609, 31.281975258590347 ], [ 74.365287780761832, 31.273128509521484 ], [ 74.361144106253477, 31.270908022602978 ], [ 74.363782481548938, 31.298684473465205 ] ] ] } },
{ "type": "Feature", "properties": { "name": "Qila Hakiman", "label": "Qila Hakiman", "dup_count": 1, "area_sqkm": 3.4149327834809871, "source": null, "method": "voronoi" }, "geometry": { "type": "Polygon", "coordinates": [ [ [ 74.270980242223345, 31.568757800198487 ], [ 74.272303009372308, 31.570034390065164 ], [ 74.279537237422929, 31.576384634324747 ], [ 74.294953705776706, 31.56666605749832 ], [ 74.281222965406954, 31.549893257307517 ], [ 74.280455284778043, 31.550043103285269 ], [ 74.270980242223345, 31.568757800198487 ] ] ] } },
{ "type": "Feature", "properties": { "name": "Tricon Valley", "label": "Tricon Valley", "dup_count": 1, "area_sqkm": 0.2736432192298982, "source": "user_verified_list_2024", "method": "voronoi" }, "geometry": { "type": "Polygon", "coordinates": [ [ [ 74.256976821889694, 31.464845956202925 ], [ 74.265134984228283, 31.464536126858057 ], [ 74.257920407708312, 31.458477979072747 ], [ 74.256976821889694, 31.464845956202925 ] ] ] } },
{ "type": "Feature", "properties": { "name": "Laluwal", "label": "Laluwal", "dup_count": 1, "area_sqkm": 0.9337468805699155, "source": null, "method": "voronoi" }, "geometry": { "type": "Polygon", "coordinates": [ [ [ 74.257504384229193, 31.445230105967791 ], [ 74.258466975857019, 31.451427461526833 ], [ 74.258771167778477, 31.452023451305728 ], [ 74.265854523215438, 31.452321259767785 ], [ 74.266230901069193, 31.452029985073946 ], [ 74.26702830362315, 31.442408192014312 ], [ 74.264606743066096, 31.439843092225264 ], [ 74.258128347861032, 31.444554815345494 ], [ 74.257504384229193, 31.445230105967791 ] ] ] } },
{ "type": "Feature", "properties": { "name": "Jhalar", "label": "Jhalar", "dup_count": 1, "area_sqkm": 0.69716078930642622, "source": null, "method": "voronoi" }, "geometry": { "type": "Polygon", "coordinates": [ [ [ 74.25632424773778, 31.473410952204375 ], [ 74.266892478157871, 31.466146830330228 ], [ 74.26680190722432, 31.465091343369679 ], [ 74.266796057422212, 31.465084962479501 ], [ 74.265134984228283, 31.464536126858057 ], [ 74.256976821889694, 31.464845956202925 ], [ 74.253174329122487, 31.468114571450876 ], [ 74.25632424773778, 31.473410952204375 ] ] ] } },
{ "type": "Feature", "properties": { "name": "Rajabad", "label": "Rajabad", "dup_count": 1, "area_sqkm": 0.78673608354530145, "source": null, "method": "voronoi" }, "geometry": { "type": "Polygon", "coordinates": [ [ [ 74.257977782871663, 31.432045357594106 ], [ 74.258128347861032, 31.444554815345494 ], [ 74.264606743066096, 31.439843092225264 ], [ 74.265105513380675, 31.431923789655873 ], [ 74.263626720914502, 31.430498449776177 ], [ 74.257977782871663, 31.432045357594106 ] ] ] } },
{ "type": "Feature", "properties": { "name": "Karyal", "label": "Karyal", "dup_count": 1, "area_sqkm": 5.3481265021375997, "source": null, "method": "voronoi" }, "geometry": { "type": "Polygon", "coordinates": [ [ [ 74.270606963981294, 31.327570023624443 ], [ 74.271570955285938, 31.327402511283577 ], [ 74.273624259305905, 31.324491090443697 ], [ 74.257740016993665, 31.300458481920671 ], [ 74.245126075361114, 31.302234922897217 ], [ 74.243297779732458, 31.32079807404557 ], [ 74.270606963981294, 31.327570023624443 ] ] ] } },
{ "type": "Feature", "properties": { "name": "Mari", "label": "Mari", "dup_count": 1, "area_sqkm": 3.5397772741663864, "source": null, "method": "voronoi" }, "geometry": { "type": "Polygon", "coordinates": [ [ [ 74.256571661232528, 31.367620166498341 ], [ 74.264895914033858, 31.384995976778143 ], [ 74.2715604346443, 31.382467735502878 ], [ 74.275371930121182, 31.378289695720813 ], [ 74.275653135903895, 31.364941884391406 ], [ 74.266921076132192, 31.360384912160953 ], [ 74.260596042719925, 31.360244082678157 ], [ 74.256571661232528, 31.367620166498341 ] ] ] } },
{ "type": "Feature", "properties": { "name": "Chararrd Village", "label": "Chararrd Village", "dup_count": 1, "area_sqkm": 0.75256410958172015, "source": "user_verified_list_2024", "method": "voronoi" }, "geometry": { "type": "Polygon", "coordinates": [ [ [ 74.26702830362315, 31.442408192014312 ], [ 74.270009108250406, 31.442503486963286 ], [ 74.274611346582731, 31.435429683137183 ], [ 74.274005857052359, 31.434456962288369 ], [ 74.265105513380675, 31.431923789655873 ], [ 74.264606743066096, 31.439843092225264 ], [ 74.26702830362315, 31.442408192014312 ] ] ] } },
{ "type": "Feature", "properties": { "name": "Jhugian Nagra", "label": "Jhugian Nagra", "dup_count": 1, "area_sqkm": 2.6932699748414977, "source": null, "method": "voronoi" }, "geometry": { "type": "Polygon", "coordinates": [ [ [ 74.253667368843907, 31.52317128579309 ], [ 74.262257236007187, 31.533855851106008 ], [ 74.26984095789571, 31.532749018850044 ], [ 74.274626719223676, 31.523850044968494 ], [ 74.271383053565572, 31.519614074633242 ], [ 74.262686795769568, 31.515055117690682 ], [ 74.258565439380291, 31.515418593889962 ], [ 74.253667368843907, 31.52317128579309 ] ] ] } },
{ "type": "Feature", "properties": { "name": "Township Sector D", "label": "Township Sector D", "dup_count": 1, "area_sqkm": 0.6458114555458897, "source": "official_uc_pdf", "method": "voronoi" }, "geometry": { "type": "Polygon", "coordinates": [ [ [ 74.270252188969295, 31.499799950920814 ], [ 74.2734838031799, 31.499800000010577 ], [ 74.27669461937208, 31.498032079929221 ], [ 74.276905356712788, 31.497567927860626 ], [ 74.268864565427663, 31.488711839465946 ], [ 74.267601751478693, 31.488674969118115 ], [ 74.267598868129269, 31.497267568715646 ], [ 74.270252188969295, 31.499799950920814 ] ] ] } },
{ "type": "Feature", "properties": { "name": "Quaid e Azam Industrial Estate", "label": "Quaid e Azam Industrial Estate", "dup_count": 1, "area_sqkm": 0.50997257006122987, "source": "user_verified_list_2024", "method": "voronoi" }, "geometry": { "type": "Polygon", "coordinates": [ [ [ 74.26680190722432, 31.465091343369679 ], [ 74.272000009098321, 31.46279998767444 ], [ 74.272000008342246, 31.456961963086762 ], [ 74.266344440553425, 31.453138281792729 ], [ 74.266796057422212, 31.465084962479501 ], [ 74.26680190722432, 31.465091343369679 ] ] ] } },
{ "type": "Feature", "properties": { "name": "Johar Town Block A", "label": "Johar Town Block A", "dup_count": 1, "area_sqkm": 0.89267222810444258, "source": "official_uc_pdf", "method": "voronoi" }, "geometry": { "type": "Polygon", "coordinates": [ [ [ 74.266892478157871, 31.466146830330228 ], [ 74.271325130284438, 31.471031409154826 ], [ 74.276457465374776, 31.473293334495878 ], [ 74.280702065975149, 31.473163358844971 ], [ 74.281267861090129, 31.471376156510253 ], [ 74.273485253039325, 31.462800000014152 ], [ 74.272000009098321, 31.46279998767444 ], [ 74.26680190722432, 31.465091343369679 ], [ 74.266892478157871, 31.466146830330228 ] ] ] } },
{ "type": "Feature", "properties": { "name": "Manga Mandi", "label": "Manga Mandi", "dup_count": 1, "area_sqkm": 17.730835351796561, "source": "official_uc_pdf", "method": "voronoi" }, "geometry": { "type": "Polygon", "coordinates": [ [ [ 74.294322432324279, 31.305556788871733 ], [ 74.307266636691509, 31.311621328929284 ], [ 74.309017091308021, 31.311505872235809 ], [ 74.331601141409251, 31.291671655631855 ], [ 74.334028748745865, 31.262527394716276 ], [ 74.311882019043082, 31.263982772827145 ], [ 74.287104240469901, 31.275271902166871 ], [ 74.286172950137257, 31.288373530042438 ], [ 74.294322432324279, 31.305556788871733 ] ] ] } },
{ "type": "Feature", "properties": { "name": "Kingra", "label": "Kingra", "dup_count": 1, "area_sqkm": 7.3506238715017087, "source": null, "method": "voronoi" }, "geometry": { "type": "Polygon", "coordinates": [ [ [ 74.286172950137257, 31.288373530042438 ], [ 74.257740016993665, 31.300458481920671 ], [ 74.273624259305905, 31.324491090443697 ], [ 74.294322432324279, 31.305556788871733 ], [ 74.286172950137257, 31.288373530042438 ] ] ] } },
{ "type": "Feature", "properties": { "name": "Township Sector A", "label": "Township Sector A", "dup_count": 1, "area_sqkm": 0.38117046866934229, "source": "official_uc_pdf", "method": "voronoi" }, "geometry": { "type": "Polygon", "coordinates": [ [ [ 74.269691000710608, 31.509975664383678 ], [ 74.276208154484678, 31.502799998802118 ], [ 74.2734838031799, 31.499800000010577 ], [ 74.270252188969295, 31.499799950920814 ], [ 74.269691000710608, 31.509975664383678 ] ] ] } },
{ "type": "Feature", "properties": { "name": "Bostan Colony", "label": "Bostan Colony", "dup_count": 1, "area_sqkm": 0.48134256487712668, "source": "user_verified_list_2024", "method": "voronoi" }, "geometry": { "type": "Polygon", "coordinates": [ [ [ 74.266230901069193, 31.452029985073946 ], [ 74.269617383248558, 31.450785719275981 ], [ 74.27407748462484, 31.444639439543423 ], [ 74.270009108250406, 31.442503486963286 ], [ 74.26702830362315, 31.442408192014312 ], [ 74.266230901069193, 31.452029985073946 ] ] ] } },
{ "type": "Feature", "properties": { "name": "Targarh", "label": "Targarh", "dup_count": 1, "area_sqkm": 4.3915524297357997, "source": null, "method": "voronoi" }, "geometry": { "type": "Polygon", "coordinates": [ [ [ 74.276321659572844, 31.596705537201011 ], [ 74.264277033192386, 31.606850628485244 ], [ 74.271437639555558, 31.616109653165758 ], [ 74.28293301585019, 31.616109983256205 ], [ 74.292497583868808, 31.614077742450593 ], [ 74.285346071008505, 31.592821950628505 ], [ 74.284686394898088, 31.592615676566929 ], [ 74.276321659572844, 31.596705537201011 ] ] ] } },
{ "type": "Feature", "properties": { "name": "Begum Kot", "label": "Begum Kot", "dup_count": 1, "area_sqkm": 4.2144365562039541, "source": "official_uc_pdf", "method": "voronoi" }, "geometry": { "type": "Polygon", "coordinates": [ [ [ 74.281546066995716, 31.584907663620065 ], [ 74.284686394898088, 31.592615676566929 ], [ 74.285346071008505, 31.592821950628505 ], [ 74.291113727774956, 31.592192704943695 ], [ 74.298146313369173, 31.586390982066703 ], [ 74.301092394333892, 31.581833316244552 ], [ 74.301663495143401, 31.580516463183987 ], [ 74.303414245977308, 31.573654387528734 ], [ 74.295459349957639, 31.566611459949392 ], [ 74.294953705776706, 31.56666605749832 ], [ 74.279537237422929, 31.576384634324747 ], [ 74.281546066995716, 31.584907663620065 ] ] ] } },
{ "type": "Feature", "properties": { "name": "Jubli Town", "label": "Jubli Town", "dup_count": 1, "area_sqkm": 0.64510527036892618, "source": "user_verified_list_2024", "method": "voronoi" }, "geometry": { "type": "Polygon", "coordinates": [ [ [ 74.265854523215438, 31.452321259767785 ], [ 74.266344440553425, 31.453138281792729 ], [ 74.272000008342246, 31.456961963086762 ], [ 74.273883584721204, 31.457238800292476 ], [ 74.281300026007131, 31.453605425172743 ], [ 74.28141340460536, 31.453299925317641 ], [ 74.280413307915737, 31.451952509325793 ], [ 74.269617383248558, 31.450785719275981 ], [ 74.266230901069193, 31.452029985073946 ], [ 74.265854523215438, 31.452321259767785 ] ] ] } },
{ "type": "Feature", "properties": { "name": "Pakistan Council of Scientific and Industrial Research Colony", "label": "Pakistan Council of Scientific and Industrial Research Colony", "dup_count": 1, "area_sqkm": 1.9168429340110906, "source": null, "method": "voronoi" }, "geometry": { "type": "Polygon", "coordinates": [ [ [ 74.267601751478693, 31.488674969118115 ], [ 74.268864565427663, 31.488711839465946 ], [ 74.273188099960223, 31.48816949692408 ], [ 74.281807424987619, 31.485305966487253 ], [ 74.282857568451973, 31.483799811685167 ], [ 74.280889337257847, 31.473368161020428 ], [ 74.280702065975149, 31.473163358844971 ], [ 74.276457465374776, 31.473293334495878 ], [ 74.263108125246902, 31.485964619065506 ], [ 74.267601751478693, 31.488674969118115 ] ] ] } },
{ "type": "Feature", "properties": { "name": "Youhana Abad", "label": "Youhana Abad", "dup_count": 1, "area_sqkm": 0.54792559514866812, "source": "user_verified_list_2024", "method": "voronoi" }, "geometry": { "type": "Polygon", "coordinates": [ [ [ 74.269573235971251, 31.510366895977509 ], [ 74.274783107733398, 31.509984711785549 ], [ 74.279293322834619, 31.508093073468252 ], [ 74.281870495242401, 31.504782537615895 ], [ 74.282087430375867, 31.503190099250428 ], [ 74.281024349224978, 31.502799930020618 ], [ 74.276208154484678, 31.502799998802118 ], [ 74.269691000710608, 31.509975664383678 ], [ 74.269573235971251, 31.510366895977509 ] ] ] } },
{ "type": "Feature", "properties": { "name": "Sadhoki", "label": "Sadhoki", "dup_count": 1, "area_sqkm": 3.954100412481921, "source": null, "method": "voronoi" }, "geometry": { "type": "Polygon", "coordinates": [ [ [ 74.25800365263774, 31.39298566727409 ], [ 74.267791616762068, 31.407702299053042 ], [ 74.283347183706425, 31.394775351281286 ], [ 74.28451024759697, 31.390579586873621 ], [ 74.2715604346443, 31.382467735502878 ], [ 74.264895914033858, 31.384995976778143 ], [ 74.25800365263774, 31.39298566727409 ] ] ] } },
{ "type": "Feature", "properties": { "name": "Dholanwa", "label": "Dholanwa", "dup_count": 1, "area_sqkm": 0.70586476667710862, "source": null, "method": "voronoi" }, "geometry": { "type": "Polygon", "coordinates": [ [ [ 74.26984095789571, 31.532749018850044 ], [ 74.273723535146743, 31.533922790044386 ], [ 74.279865017715821, 31.532090578038307 ], [ 74.27986501999483, 31.525797103509262 ], [ 74.274626719223676, 31.523850044968494 ], [ 74.26984095789571, 31.532749018850044 ] ] ] } },
{ "type": "Feature", "properties": { "name": "Township Sector B", "label": "Township Sector B", "dup_count": 1, "area_sqkm": 0.19810656995900502, "source": "official_uc_pdf", "method": "voronoi" }, "geometry": { "type": "Polygon", "coordinates": [ [ [ 74.276208154484678, 31.502799998802118 ], [ 74.281024349224978, 31.502799930020618 ], [ 74.27669461937208, 31.498032079929221 ], [ 74.2734838031799, 31.499800000010577 ], [ 74.276208154484678, 31.502799998802118 ] ] ] } },
{ "type": "Feature", "properties": { "name": "Badar Block", "label": "Badar Block", "dup_count": 1, "area_sqkm": 1.1623873182669378, "source": "user_verified_list_2024", "method": "voronoi" }, "geometry": { "type": "Polygon", "coordinates": [ [ [ 74.262686795769568, 31.515055117690682 ], [ 74.271383053565572, 31.519614074633242 ], [ 74.279142004739356, 31.517716337304172 ], [ 74.281457908829552, 31.514883684984238 ], [ 74.274783107733398, 31.509984711785549 ], [ 74.269573235971251, 31.510366895977509 ], [ 74.262686795769568, 31.515055117690682 ] ] ] } },
{ "type": "Feature", "properties": { "name": "Sundar Industrial Estate", "label": "Sundar Industrial Estate", "dup_count": 1, "area_sqkm": 2.4624749686583094, "source": "manually_added_2024", "method": "voronoi" }, "geometry": { "type": "Polygon", "coordinates": [ [ [ 74.275653135903895, 31.364941884391406 ], [ 74.276121919542874, 31.364844842515808 ], [ 74.290732995441417, 31.343475832906513 ], [ 74.284647623861744, 31.341213270426927 ], [ 74.275579862422447, 31.348608734059439 ], [ 74.266921076132192, 31.360384912160953 ], [ 74.275653135903895, 31.364941884391406 ] ] ] } },
{ "type": "Feature", "properties": { "name": "Township", "label": "Township", "dup_count": 1, "area_sqkm": 0.45219505131863535, "source": "manually_added_2024", "method": "voronoi" }, "geometry": { "type": "Polygon", "coordinates": [ [ [ 74.27407748462484, 31.444639439543423 ], [ 74.277286191526315, 31.443407361602976 ], [ 74.278106747543319, 31.439185242171014 ], [ 74.274611346582731, 31.435429683137183 ], [ 74.270009108250406, 31.442503486963286 ], [ 74.27407748462484, 31.444639439543423 ] ] ] } },
{ "type": "Feature", "properties": { "name": "Shahdara Town", "label": "Shahdara Town", "dup_count": 1, "area_sqkm": 1.8505368226041816, "source": null, "method": "voronoi" }, "geometry": { "type": "Polygon", "coordinates": [ [ [ 74.28293301585019, 31.616109983256205 ], [ 74.280345309141182, 31.627624214450449 ], [ 74.281309175252474, 31.628869929772637 ], [ 74.298400251420603, 31.62345260017571 ], [ 74.29959324015924, 31.621174022138739 ], [ 74.292497583868808, 31.614077742450593 ], [ 74.28293301585019, 31.616109983256205 ] ] ] } },
{ "type": "Feature", "properties": { "name": "Township Sector D1", "label": "Township Sector D1", "dup_count": 1, "area_sqkm": 0.41969743226725909, "source": "official_uc_pdf", "method": "voronoi" }, "geometry": { "type": "Polygon", "coordinates": [ [ [ 74.268864565427663, 31.488711839465946 ], [ 74.276905356712788, 31.497567927860626 ], [ 74.279694645525012, 31.496032032360016 ], [ 74.27990533057104, 31.495567975427473 ], [ 74.273188099960223, 31.48816949692408 ], [ 74.268864565427663, 31.488711839465946 ] ] ] } },
{ "type": "Feature", "properties": { "name": "Johar Town Block Q", "label": "Johar Town Block Q", "dup_count": 1, "area_sqkm": 0.2039434293163217, "source": "official_uc_pdf", "method": "voronoi" }, "geometry": { "type": "Polygon", "coordinates": [ [ [ 74.272000009098321, 31.46279998767444 ], [ 74.273485253039325, 31.462800000014152 ], [ 74.27669510262416, 31.461031200172346 ], [ 74.276904873537958, 31.460568807585126 ], [ 74.273883584721204, 31.457238800292476 ], [ 74.272000008342246, 31.456961963086762 ], [ 74.272000009098321, 31.46279998767444 ] ] ] } },
{ "type": "Feature", "properties": { "name": "Dera Pathanan", "label": "Dera Pathanan", "dup_count": 1, "area_sqkm": 3.1679462263746951, "source": null, "method": "voronoi" }, "geometry": { "type": "Polygon", "coordinates": [ [ [ 74.257750283575476, 31.344404474630249 ], [ 74.275579862422447, 31.348608734059439 ], [ 74.284647623861744, 31.341213270426927 ], [ 74.271570955285938, 31.327402511283577 ], [ 74.270606963981294, 31.327570023624443 ], [ 74.257750283575476, 31.344404474630249 ] ] ] } },
{ "type": "Feature", "properties": { "name": "Johar Town Block B", "label": "Johar Town Block B", "dup_count": 1, "area_sqkm": 0.39976751005941746, "source": "official_uc_pdf", "method": "voronoi" }, "geometry": { "type": "Polygon", "coordinates": [ [ [ 74.281267861090129, 31.471376156510253 ], [ 74.283135633979924, 31.468128853214523 ], [ 74.27669510262416, 31.461031200172346 ], [ 74.273485253039325, 31.462800000014152 ], [ 74.281267861090129, 31.471376156510253 ] ] ] } },
{ "type": "Feature", "properties": { "name": "Askrai Villa 9", "label": "Askrai Villa 9", "dup_count": 1, "area_sqkm": 0.80844226397916408, "source": "user_verified_list_2024", "method": "voronoi" }, "geometry": { "type": "Polygon", "coordinates": [ [ [ 74.274005857052359, 31.434456962288369 ], [ 74.274611346582731, 31.435429683137183 ], [ 74.278106747543319, 31.439185242171014 ], [ 74.279267310412607, 31.439078633231436 ], [ 74.289276996350978, 31.43466346832956 ], [ 74.290051147837829, 31.432007472520951 ], [ 74.288186881741638, 31.430371100656938 ], [ 74.274712426148128, 31.433937524744412 ], [ 74.274005857052359, 31.434456962288369 ] ] ] } },
{ "type": "Feature", "properties": { "name": "Sikandar Block", "label": "Sikandar Block", "dup_count": 1, "area_sqkm": 0.63583087671081462, "source": "user_verified_list_2024", "method": "voronoi" }, "geometry": { "type": "Polygon", "coordinates": [ [ [ 74.279142004739356, 31.517716337304172 ], [ 74.271383053565572, 31.519614074633242 ], [ 74.274626719223676, 31.523850044968494 ], [ 74.27986501999483, 31.525797103509262 ], [ 74.282800017305775, 31.524672761732216 ], [ 74.282800005418309, 31.520400715201124 ], [ 74.279142004739356, 31.517716337304172 ] ] ] } },
{ "type": "Feature", "properties": { "name": "Umer Block", "label": "Umer Block", "dup_count": 1, "area_sqkm": 0.18852957093425321, "source": "user_verified_list_2024", "method": "voronoi" }, "geometry": { "type": "Polygon", "coordinates": [ [ [ 74.282800005418309, 31.520400715201124 ], [ 74.28380000338062, 31.519666904099221 ], [ 74.283800009498094, 31.514465235086274 ], [ 74.283694736733864, 31.514336465521634 ], [ 74.281457908829552, 31.514883684984238 ], [ 74.279142004739356, 31.517716337304172 ], [ 74.282800005418309, 31.520400715201124 ] ] ] } },
{ "type": "Feature", "properties": { "name": "Aqilpura", "label": "Aqilpura", "dup_count": 1, "area_sqkm": 1.8544441168261974, "source": null, "method": "voronoi" }, "geometry": { "type": "Polygon", "coordinates": [ [ [ 74.279865017715821, 31.532090578038307 ], [ 74.295711743435902, 31.5407073308489 ], [ 74.296714409524995, 31.537564561922313 ], [ 74.296800225241327, 31.535002715313006 ], [ 74.294394607858038, 31.52667125786088 ], [ 74.293885680030726, 31.526256486420099 ], [ 74.282800017305775, 31.524672761732216 ], [ 74.27986501999483, 31.525797103509262 ], [ 74.279865017715821, 31.532090578038307 ] ] ] } },
{ "type": "Feature", "properties": { "name": "Township Sector B1", "label": "Township Sector B1", "dup_count": 1, "area_sqkm": 0.27838385256711795, "source": "official_uc_pdf", "method": "voronoi" }, "geometry": { "type": "Polygon", "coordinates": [ [ [ 74.27669461937208, 31.498032079929221 ], [ 74.281024349224978, 31.502799930020618 ], [ 74.282087430375867, 31.503190099250428 ], [ 74.28443778679781, 31.50146470376896 ], [ 74.284509093990877, 31.501333834560722 ], [ 74.279694645525012, 31.496032032360016 ], [ 74.276905356712788, 31.497567927860626 ], [ 74.27669461937208, 31.498032079929221 ] ] ] } },
{ "type": "Feature", "properties": { "name": "Chenab Block", "label": "Chenab Block", "dup_count": 1, "area_sqkm": 0.35531795281784911, "source": "user_verified_list_2024", "method": "voronoi" }, "geometry": { "type": "Polygon", "coordinates": [ [ [ 74.274783107733398, 31.509984711785549 ], [ 74.281457908829552, 31.514883684984238 ], [ 74.283694736733864, 31.514336465521634 ], [ 74.284300009007353, 31.513299951929614 ], [ 74.28430000720536, 31.511767898956073 ], [ 74.279293322834619, 31.508093073468252 ], [ 74.274783107733398, 31.509984711785549 ] ] ] } },
{ "type": "Feature", "properties": { "name": "Johar Town Block R", "label": "Johar Town Block R", "dup_count": 1, "area_sqkm": 0.27217205678081058, "source": "official_uc_pdf", "method": "voronoi" }, "geometry": { "type": "Polygon", "coordinates": [ [ [ 74.276904873537958, 31.460568807585126 ], [ 74.279695128718544, 31.459031152633756 ], [ 74.281300016178022, 31.455493284712752 ], [ 74.281300026007131, 31.453605425172743 ], [ 74.273883584721204, 31.457238800292476 ], [ 74.276904873537958, 31.460568807585126 ] ] ] } },
{ "type": "Feature", "properties": { "name": "Baba Farid Colony", "label": "Baba Farid Colony", "dup_count": 1, "area_sqkm": 0.65061090227004859, "source": "user_verified_list_2024", "method": "voronoi" }, "geometry": { "type": "Polygon", "coordinates": [ [ [ 74.269617383248558, 31.450785719275981 ], [ 74.280413307915737, 31.451952509325793 ], [ 74.280948972408282, 31.447031432608181 ], [ 74.277286191526315, 31.443407361602976 ], [ 74.27407748462484, 31.444639439543423 ], [ 74.269617383248558, 31.450785719275981 ] ] ] } },
{ "type": "Feature", "properties": { "name": "Raiwind Road", "label": "Raiwind Road", "dup_count": 1, "area_sqkm": 3.1402556880222785, "source": "user_verified_list_2024", "method": "voronoi" }, "geometry": { "type": "Polygon", "coordinates": [ [ [ 74.268424252803129, 31.410424782982396 ], [ 74.269931328720318, 31.410874761851812 ], [ 74.282004594817437, 31.413479339147123 ], [ 74.283003951664398, 31.413214505566213 ], [ 74.294489088506282, 31.40624920074973 ], [ 74.294591138259477, 31.401457099838588 ], [ 74.283347183706425, 31.394775351281286 ], [ 74.267791616762068, 31.407702299053042 ], [ 74.268424252803129, 31.410424782982396 ] ] ] } },
{ "type": "Feature", "properties": { "name": "Progiapur", "label": "Progiapur", "dup_count": 1, "area_sqkm": 1.1837613833160801, "source": null, "method": "voronoi" }, "geometry": { "type": "Polygon", "coordinates": [ [ [ 74.280889337257847, 31.473368161020428 ], [ 74.293850865409468, 31.474637924189516 ], [ 74.296576113351804, 31.468765599440239 ], [ 74.295783759090526, 31.4666700260147 ], [ 74.287477771020789, 31.464534182975825 ], [ 74.287320188591011, 31.464546809372059 ], [ 74.285625987208178, 31.465567469765208 ], [ 74.283135633979924, 31.468128853214523 ], [ 74.281267861090129, 31.471376156510253 ], [ 74.280702065975149, 31.473163358844971 ], [ 74.280889337257847, 31.473368161020428 ] ] ] } },
{ "type": "Feature", "properties": { "name": "Jia Bagga", "label": "Jia Bagga", "dup_count": 1, "area_sqkm": 9.3449849467103316, "source": null, "method": "voronoi" }, "geometry": { "type": "Polygon", "coordinates": [ [ [ 74.271570955285938, 31.327402511283577 ], [ 74.284647623861744, 31.341213270426927 ], [ 74.290732995441417, 31.343475832906513 ], [ 74.29574127808111, 31.344441941064186 ], [ 74.305346058314299, 31.335589612279815 ], [ 74.307266636691509, 31.311621328929284 ], [ 74.294322432324279, 31.305556788871733 ], [ 74.273624259305905, 31.324491090443697 ], [ 74.271570955285938, 31.327402511283577 ] ] ] } },
{ "type": "Feature", "properties": { "name": "Johar Town Block E", "label": "Johar Town Block E", "dup_count": 1, "area_sqkm": 0.29499694350513339, "source": "official_uc_pdf", "method": "voronoi" }, "geometry": { "type": "Polygon", "coordinates": [ [ [ 74.281300016178022, 31.455493284712752 ], [ 74.286721748165292, 31.461469092696735 ], [ 74.288034791793592, 31.457609889877318 ], [ 74.284124797200107, 31.453299989880701 ], [ 74.28141340460536, 31.453299925317641 ], [ 74.281300026007131, 31.453605425172743 ], [ 74.281300016178022, 31.455493284712752 ] ] ] } },
{ "type": "Feature", "properties": { "name": "Township Sector D2", "label": "Township Sector D2", "dup_count": 1, "area_sqkm": 0.59584774848988864, "source": "official_uc_pdf", "method": "voronoi" }, "geometry": { "type": "Polygon", "coordinates": [ [ [ 74.27990533057104, 31.495567975427473 ], [ 74.281010413461743, 31.494959458237552 ], [ 74.283193668074759, 31.491753383252817 ], [ 74.282012722267183, 31.485682886815347 ], [ 74.281807424987619, 31.485305966487253 ], [ 74.273188099960223, 31.48816949692408 ], [ 74.27990533057104, 31.495567975427473 ] ] ] } },
{ "type": "Feature", "properties": { "name": "Johar Town Block C", "label": "Johar Town Block C", "dup_count": 1, "area_sqkm": 0.35287145202934217, "source": "official_uc_pdf", "method": "voronoi" }, "geometry": { "type": "Polygon", "coordinates": [ [ [ 74.283135633979924, 31.468128853214523 ], [ 74.285625987208178, 31.465567469765208 ], [ 74.279695128718544, 31.459031152633756 ], [ 74.276904873537958, 31.460568807585126 ], [ 74.27669510262416, 31.461031200172346 ], [ 74.283135633979924, 31.468128853214523 ] ] ] } },
{ "type": "Feature", "properties": { "name": "Opf Colony", "label": "Opf Colony", "dup_count": 1, "area_sqkm": 0.57104060406962953, "source": "user_verified_list_2024", "method": "voronoi" }, "geometry": { "type": "Polygon", "coordinates": [ [ [ 74.274712426148128, 31.433937524744412 ], [ 74.288186881741638, 31.430371100656938 ], [ 74.285763670719447, 31.425359975667863 ], [ 74.27723000984885, 31.429124949867955 ], [ 74.274712426148128, 31.433937524744412 ] ] ] } },
{ "type": "Feature", "properties": { "name": "Opf Housing Scheme", "label": "Opf Housing Scheme", "dup_count": 1, "area_sqkm": 1.7085331277917308, "source": "user_verified_list_2024", "method": "voronoi" }, "geometry": { "type": "Polygon", "coordinates": [ [ [ 74.27723000984885, 31.429124949867955 ], [ 74.285763670719447, 31.425359975667863 ], [ 74.285290507156262, 31.422402445778076 ], [ 74.282004594817437, 31.413479339147123 ], [ 74.269931328720318, 31.410874761851812 ], [ 74.27723000984885, 31.429124949867955 ] ] ] } },
{ "type": "Feature", "properties": { "name": "Township Sector B2", "label": "Township Sector B2", "dup_count": 1, "area_sqkm": 0.23638597450184898, "source": "official_uc_pdf", "method": "voronoi" }, "geometry": { "type": "Polygon", "coordinates": [ [ [ 74.279694645525012, 31.496032032360016 ], [ 74.284509093990877, 31.501333834560722 ], [ 74.287218129964316, 31.499013580422162 ], [ 74.284800002515354, 31.496350639389867 ], [ 74.281010413461743, 31.494959458237552 ], [ 74.27990533057104, 31.495567975427473 ], [ 74.279694645525012, 31.496032032360016 ] ] ] } },
{ "type": "Feature", "properties": { "name": "Johar Town Block D", "label": "Johar Town Block D", "dup_count": 1, "area_sqkm": 0.34999537609778514, "source": "official_uc_pdf", "method": "voronoi" }, "geometry": { "type": "Polygon", "coordinates": [ [ [ 74.279695128718544, 31.459031152633756 ], [ 74.285625987208178, 31.465567469765208 ], [ 74.287320188591011, 31.464546809372059 ], [ 74.286721748165292, 31.461469092696735 ], [ 74.281300016178022, 31.455493284712752 ], [ 74.279695128718544, 31.459031152633756 ] ] ] } },
{ "type": "Feature", "properties": { "name": "Tariq Block", "label": "Tariq Block", "dup_count": 1, "area_sqkm": 0.10950080140677045, "source": "user_verified_list_2024", "method": "voronoi" }, "geometry": { "type": "Polygon", "coordinates": [ [ [ 74.283193668074759, 31.491753383252817 ], [ 74.281010413461743, 31.494959458237552 ], [ 74.284800002515354, 31.496350639389867 ], [ 74.284800003382145, 31.492932867382486 ], [ 74.283193668074759, 31.491753383252817 ] ] ] } },
{ "type": "Feature", "properties": { "name": "Aurangzeb Block", "label": "Aurangzeb Block", "dup_count": 1, "area_sqkm": 0.31335478105810094, "source": "user_verified_list_2024", "method": "voronoi" }, "geometry": { "type": "Polygon", "coordinates": [ [ [ 74.284800003382145, 31.492932867382486 ], [ 74.287800003384049, 31.49366711026547 ], [ 74.290342861944922, 31.491799999243309 ], [ 74.282012722267183, 31.485682886815347 ], [ 74.283193668074759, 31.491753383252817 ], [ 74.284800003382145, 31.492932867382486 ] ] ] } },
{ "type": "Feature", "properties": { "name": "College Block", "label": "College Block", "dup_count": 1, "area_sqkm": 0.28849128826311637, "source": "user_verified_list_2024", "method": "voronoi" }, "geometry": { "type": "Polygon", "coordinates": [ [ [ 74.279293322834619, 31.508093073468252 ], [ 74.28430000720536, 31.511767898956073 ], [ 74.287337383003731, 31.508795427144904 ], [ 74.281870495242401, 31.504782537615895 ], [ 74.279293322834619, 31.508093073468252 ] ] ] } },
{ "type": "Feature", "properties": { "name": "Education Town", "label": "Education Town", "dup_count": 1, "area_sqkm": 0.36717289670324443, "source": "user_verified_list_2024", "method": "voronoi" }, "geometry": { "type": "Polygon", "coordinates": [ [ [ 74.281870495242401, 31.504782537615895 ], [ 74.287337383003731, 31.508795427144904 ], [ 74.289874750957139, 31.508484997051927 ], [ 74.290390578833765, 31.505834571151549 ], [ 74.28443778679781, 31.50146470376896 ], [ 74.282087430375867, 31.503190099250428 ], [ 74.281870495242401, 31.504782537615895 ] ] ] } },
{ "type": "Feature", "properties": { "name": "Darbar Baba Basharat", "label": "Darbar Baba Basharat", "dup_count": 1, "area_sqkm": 3.1137019086958562, "source": null, "method": "voronoi" }, "geometry": { "type": "Polygon", "coordinates": [ [ [ 74.304976805785415, 31.643037724420108 ], [ 74.295701767954398, 31.640436944413867 ], [ 74.292173882994945, 31.642908498334275 ], [ 74.294540405273381, 31.645965576171928 ], [ 74.311279296875114, 31.677494049072315 ], [ 74.315618375194731, 31.679009921832723 ], [ 74.304976805785415, 31.643037724420108 ] ] ] } },
{ "type": "Feature", "properties": { "name": "Shahdara Bagh", "label": "Shahdara Bagh", "dup_count": 1, "area_sqkm": 4.6124784405310768, "source": null, "method": "voronoi" }, "geometry": { "type": "Polygon", "coordinates": [ [ [ 74.29959324015924, 31.621174022138739 ], [ 74.308888724941724, 31.618338739189262 ], [ 74.306741593203697, 31.59796655971429 ], [ 74.291113727774956, 31.592192704943695 ], [ 74.285346071008505, 31.592821950628505 ], [ 74.292497583868808, 31.614077742450593 ], [ 74.29959324015924, 31.621174022138739 ] ] ] } },
{ "type": "Feature", "properties": { "name": "Zeenat Block", "label": "Zeenat Block", "dup_count": 1, "area_sqkm": 0.52057741448585093, "source": "user_verified_list_2024", "method": "voronoi" }, "geometry": { "type": "Polygon", "coordinates": [ [ [ 74.282800005418309, 31.520400715201124 ], [ 74.282800017305775, 31.524672761732216 ], [ 74.293885680030726, 31.526256486420099 ], [ 74.293800059627188, 31.526026149706912 ], [ 74.287800005928858, 31.518688445046685 ], [ 74.28380000338062, 31.519666904099221 ], [ 74.282800005418309, 31.520400715201124 ] ] ] } },
{ "type": "Feature", "properties": { "name": "Marghazar Colony", "label": "Marghazar Colony", "dup_count": 1, "area_sqkm": 0.13742971871957649, "source": "user_verified_list_2024", "method": "voronoi" }, "geometry": { "type": "Polygon", "coordinates": [ [ [ 74.28380000338062, 31.519666904099221 ], [ 74.287800005928858, 31.518688445046685 ], [ 74.287800005423748, 31.517400786579508 ], [ 74.283800009498094, 31.514465235086274 ], [ 74.28380000338062, 31.519666904099221 ] ] ] } },
{ "type": "Feature", "properties": { "name": "Jhabitanwala", "label": "Jhabitanwala", "dup_count": 1, "area_sqkm": 2.2275195486212662, "source": null, "method": "voronoi" }, "geometry": { "type": "Polygon", "coordinates": [ [ [ 74.281222965406954, 31.549893257307517 ], [ 74.294953705776706, 31.56666605749832 ], [ 74.295459349957639, 31.566611459949392 ], [ 74.296809765378057, 31.565434781943949 ], [ 74.296913946118224, 31.542889014330591 ], [ 74.2957630971989, 31.542174258809464 ], [ 74.281222965406954, 31.549893257307517 ] ] ] } },
{ "type": "Feature", "properties": { "name": "Township Sector C", "label": "Township Sector C", "dup_count": 1, "area_sqkm": 0.14678655765573959, "source": "official_uc_pdf", "method": "voronoi" }, "geometry": { "type": "Polygon", "coordinates": [ [ [ 74.287218129964316, 31.499013580422162 ], [ 74.2878000151847, 31.498799984989144 ], [ 74.287800003384049, 31.49366711026547 ], [ 74.284800003382145, 31.492932867382486 ], [ 74.284800002515354, 31.496350639389867 ], [ 74.287218129964316, 31.499013580422162 ] ] ] } },
{ "type": "Feature", "properties": { "name": "Mehran Block", "label": "Mehran Block", "dup_count": 1, "area_sqkm": 0.2047377585259402, "source": "user_verified_list_2024", "method": "voronoi" }, "geometry": { "type": "Polygon", "coordinates": [ [ [ 74.283800009498094, 31.514465235086274 ], [ 74.287800005423748, 31.517400786579508 ], [ 74.290800005427116, 31.515199152145893 ], [ 74.290800007104579, 31.513299964709184 ], [ 74.284300009007353, 31.513299951929614 ], [ 74.283694736733864, 31.514336465521634 ], [ 74.283800009498094, 31.514465235086274 ] ] ] } },
{ "type": "Feature", "properties": { "name": "Askrai Villa 10", "label": "Askrai Villa 10", "dup_count": 1, "area_sqkm": 0.58867962942808982, "source": "user_verified_list_2024", "method": "voronoi" }, "geometry": { "type": "Polygon", "coordinates": [ [ [ 74.28904873912343, 31.443871921783288 ], [ 74.291244131054398, 31.442616799861099 ], [ 74.289276996350978, 31.43466346832956 ], [ 74.279267310412607, 31.439078633231436 ], [ 74.28904873912343, 31.443871921783288 ] ] ] } },
{ "type": "Feature", "properties": { "name": "Izmir Town", "label": "Izmir Town", "dup_count": 1, "area_sqkm": 0.52461839896753515, "source": "user_verified_list_2024", "method": "voronoi" }, "geometry": { "type": "Polygon", "coordinates": [ [ [ 74.279267310412607, 31.439078633231436 ], [ 74.278106747543319, 31.439185242171014 ], [ 74.277286191526315, 31.443407361602976 ], [ 74.280948972408282, 31.447031432608181 ], [ 74.28880002267438, 31.444146142379328 ], [ 74.28904873912343, 31.443871921783288 ], [ 74.279267310412607, 31.439078633231436 ] ] ] } },
{ "type": "Feature", "properties": { "name": "Canal Bank", "label": "Canal Bank", "dup_count": 1, "area_sqkm": 1.116016044390485, "source": "user_verified_list_2024", "method": "voronoi" }, "geometry": { "type": "Polygon", "coordinates": [ [ [ 74.282857568451973, 31.483799811685167 ], [ 74.28653408603094, 31.483799959194336 ], [ 74.290446637676254, 31.482568587742456 ], [ 74.294568887662393, 31.477522586728192 ], [ 74.29482488622503, 31.475830340975222 ], [ 74.293850865409468, 31.474637924189516 ], [ 74.280889337257847, 31.473368161020428 ], [ 74.282857568451973, 31.483799811685167 ] ] ] } },
{ "type": "Feature", "properties": { "name": "Huma Block", "label": "Huma Block", "dup_count": 1, "area_sqkm": 0.30286822457805446, "source": "user_verified_list_2024", "method": "voronoi" }, "geometry": { "type": "Polygon", "coordinates": [ [ [ 74.28443778679781, 31.50146470376896 ], [ 74.290390578833765, 31.505834571151549 ], [ 74.290437736701804, 31.505799955595425 ], [ 74.292690018263585, 31.502493287384358 ], [ 74.288121618971772, 31.498899914006614 ], [ 74.28789477942999, 31.49879998644403 ], [ 74.2878000151847, 31.498799984989144 ], [ 74.287218129964316, 31.499013580422162 ], [ 74.284509093990877, 31.501333834560722 ], [ 74.28443778679781, 31.50146470376896 ] ] ] } },
{ "type": "Feature", "properties": { "name": "Mustafa Town", "label": "Mustafa Town", "dup_count": 1, "area_sqkm": 0.38484750358022551, "source": "user_verified_list_2024", "method": "voronoi" }, "geometry": { "type": "Polygon", "coordinates": [ [ [ 74.293800059627188, 31.526026149706912 ], [ 74.293800005429901, 31.517400786578992 ], [ 74.290800005427116, 31.515199152145893 ], [ 74.287800005423748, 31.517400786579508 ], [ 74.287800005928858, 31.518688445046685 ], [ 74.293800059627188, 31.526026149706912 ] ] ] } },
{ "type": "Feature", "properties": { "name": "Sabzazar", "label": "Sabzazar", "dup_count": 1, "area_sqkm": 0.30154803451935358, "source": "user_verified_list_2024", "method": "voronoi" }, "geometry": { "type": "Polygon", "coordinates": [ [ [ 74.284300009007353, 31.513299951929614 ], [ 74.290800007104579, 31.513299964709184 ], [ 74.292503109838393, 31.510799994099965 ], [ 74.289874750957139, 31.508484997051927 ], [ 74.287337383003731, 31.508795427144904 ], [ 74.28430000720536, 31.511767898956073 ], [ 74.284300009007353, 31.513299951929614 ] ] ] } },
{ "type": "Feature", "properties": { "name": "Wapda Town", "label": "Wapda Town", "dup_count": 1, "area_sqkm": 0.61692368376824935, "source": "user_verified_list_2024", "method": "voronoi" }, "geometry": { "type": "Polygon", "coordinates": [ [ [ 74.28141340460536, 31.453299925317641 ], [ 74.284124797200107, 31.453299989880701 ], [ 74.287869386848513, 31.452120662993789 ], [ 74.288800010317246, 31.451299964926022 ], [ 74.28880002267438, 31.444146142379328 ], [ 74.280948972408282, 31.447031432608181 ], [ 74.280413307915737, 31.451952509325793 ], [ 74.28141340460536, 31.453299925317641 ] ] ] } },
{ "type": "Feature", "properties": { "name": "Bagrian Dharam Chand", "label": "Bagrian Dharam Chand", "dup_count": 1, "area_sqkm": 0.77094107782532928, "source": null, "method": "voronoi" }, "geometry": { "type": "Polygon", "coordinates": [ [ [ 74.290051147837829, 31.432007472520951 ], [ 74.290314890788522, 31.431972638807405 ], [ 74.298022196510061, 31.426196878693979 ], [ 74.299509646786731, 31.42467017316368 ], [ 74.285290507156262, 31.422402445778076 ], [ 74.285763670719447, 31.425359975667863 ], [ 74.288186881741638, 31.430371100656938 ], [ 74.290051147837829, 31.432007472520951 ] ] ] } },
{ "type": "Feature", "properties": { "name": "Aibak Block", "label": "Aibak Block", "dup_count": 1, "area_sqkm": 0.49197619993370112, "source": "user_verified_list_2024", "method": "voronoi" }, "geometry": { "type": "Polygon", "coordinates": [ [ [ 74.282012722267183, 31.485682886815347 ], [ 74.290342861944922, 31.491799999243309 ], [ 74.291408504489624, 31.491799990231385 ], [ 74.293723270515983, 31.489750825061588 ], [ 74.293815731161033, 31.489147319653618 ], [ 74.28653408603094, 31.483799959194336 ], [ 74.282857568451973, 31.483799811685167 ], [ 74.281807424987619, 31.485305966487253 ], [ 74.282012722267183, 31.485682886815347 ] ] ] } },
{ "type": "Feature", "properties": { "name": "Neelam Block", "label": "Neelam Block", "dup_count": 1, "area_sqkm": 0.5951779152003267, "source": "user_verified_list_2024", "method": "voronoi" }, "geometry": { "type": "Polygon", "coordinates": [ [ [ 74.293885680030726, 31.526256486420099 ], [ 74.294394607858038, 31.52667125786088 ], [ 74.302335325854003, 31.520012362879058 ], [ 74.300800009528388, 31.518134625808852 ], [ 74.296800005433283, 31.515199152145385 ], [ 74.293800005429901, 31.517400786578992 ], [ 74.293800059627188, 31.526026149706912 ], [ 74.293885680030726, 31.526256486420099 ] ] ] } },
{ "type": "Feature", "properties": { "name": "Nargis Block", "label": "Nargis Block", "dup_count": 1, "area_sqkm": 0.32690921552731422, "source": "user_verified_list_2024", "method": "voronoi" }, "geometry": { "type": "Polygon", "coordinates": [ [ [ 74.290800005427116, 31.515199152145893 ], [ 74.293800005429901, 31.517400786578992 ], [ 74.296800005433283, 31.515199152145385 ], [ 74.296800018019781, 31.510821323888141 ], [ 74.296778193597845, 31.510799965836028 ], [ 74.292503109838393, 31.510799994099965 ], [ 74.290800007104579, 31.513299964709184 ], [ 74.290800005427116, 31.515199152145893 ] ] ] } },
{ "type": "Feature", "properties": { "name": "Samanabad Block A", "label": "Samanabad Block A", "dup_count": 1, "area_sqkm": 1.8799634929972096, "source": "official_uc_pdf", "method": "voronoi" }, "geometry": { "type": "Polygon", "coordinates": [ [ [ 74.2957630971989, 31.542174258809464 ], [ 74.296913946118224, 31.542889014330591 ], [ 74.302800129306675, 31.545381496419267 ], [ 74.305623915778867, 31.546012323085499 ], [ 74.308391845863866, 31.545766726062102 ], [ 74.310920850579137, 31.544799690891018 ], [ 74.316356444707097, 31.537523593162366 ], [ 74.314475757137316, 31.534764411253761 ], [ 74.311044804591631, 31.532834723808612 ], [ 74.296714409524995, 31.537564561922313 ], [ 74.295711743435902, 31.5407073308489 ], [ 74.2957630971989, 31.542174258809464 ] ] ] } },
{ "type": "Feature", "properties": { "name": "Abu Bakar Block", "label": "Abu Bakar Block", "dup_count": 1, "area_sqkm": 0.22962513831564063, "source": "user_verified_list_2024", "method": "voronoi" }, "geometry": { "type": "Polygon", "coordinates": [ [ [ 74.287800003384049, 31.49366711026547 ], [ 74.2878000151847, 31.498799984989144 ], [ 74.28789477942999, 31.49879998644403 ], [ 74.292913589008251, 31.495115280686758 ], [ 74.291408504489624, 31.491799990231385 ], [ 74.290342861944922, 31.491799999243309 ], [ 74.287800003384049, 31.49366711026547 ] ] ] } },
{ "type": "Feature", "properties": { "name": "Rasulpur", "label": "Rasulpur", "dup_count": 1, "area_sqkm": 3.023776762436551, "source": null, "method": "voronoi" }, "geometry": { "type": "Polygon", "coordinates": [ [ [ 74.276121919542874, 31.364844842515808 ], [ 74.294374548336876, 31.365420434128076 ], [ 74.298512746957883, 31.349691522128186 ], [ 74.29574127808111, 31.344441941064186 ], [ 74.290732995441417, 31.343475832906513 ], [ 74.276121919542874, 31.364844842515808 ] ] ] } },
{ "type": "Feature", "properties": { "name": "Lake City", "label": "Lake City", "dup_count": 1, "area_sqkm": 2.7154232370773079, "source": "user_verified_list_2024", "method": "voronoi" }, "geometry": { "type": "Polygon", "coordinates": [ [ [ 74.2715604346443, 31.382467735502878 ], [ 74.28451024759697, 31.390579586873621 ], [ 74.302814600528478, 31.383231079803892 ], [ 74.302693828193526, 31.378360755062676 ], [ 74.302598438917414, 31.378288673509985 ], [ 74.275371930121182, 31.378289695720813 ], [ 74.2715604346443, 31.382467735502878 ] ] ] } },
{ "type": "Feature", "properties": { "name": "Hamdard Chowk", "label": "Hamdard Chowk", "dup_count": 1, "area_sqkm": 0.22650443379297897, "source": "user_verified_list_2024", "method": "voronoi" }, "geometry": { "type": "Polygon", "coordinates": [ [ [ 74.287320188591011, 31.464546809372059 ], [ 74.287477771020789, 31.464534182975825 ], [ 74.292016570644847, 31.460087816212507 ], [ 74.290135335141883, 31.457323193094346 ], [ 74.288132212297185, 31.457586028957536 ], [ 74.288034791793592, 31.457609889877318 ], [ 74.286721748165292, 31.461469092696735 ], [ 74.287320188591011, 31.464546809372059 ] ] ] } },
{ "type": "Feature", "properties": { "name": "Peco Road", "label": "Peco Road", "dup_count": 1, "area_sqkm": 0.51889074308106342, "source": "user_verified_list_2024", "method": "voronoi" }, "geometry": { "type": "Polygon", "coordinates": [ [ [ 74.28880002267438, 31.444146142379328 ], [ 74.288800010317246, 31.451299964926022 ], [ 74.291939284176522, 31.451300000202416 ], [ 74.294827866860786, 31.449177105989797 ], [ 74.295790734547609, 31.444931066279882 ], [ 74.295617612202136, 31.443785783928941 ], [ 74.291244131054398, 31.442616799861099 ], [ 74.28904873912343, 31.443871921783288 ], [ 74.28880002267438, 31.444146142379328 ] ] ] } },
{ "type": "Feature", "properties": { "name": "Hunza Block", "label": "Hunza Block", "dup_count": 1, "area_sqkm": 0.17793104987598357, "source": "user_verified_list_2024", "method": "voronoi" }, "geometry": { "type": "Polygon", "coordinates": [ [ [ 74.292690018263585, 31.502493287384358 ], [ 74.292963087903715, 31.502451525934088 ], [ 74.2963000072467, 31.499826846508267 ], [ 74.296406633887642, 31.499715018716646 ], [ 74.296533518873488, 31.498899945253456 ], [ 74.288121618971772, 31.498899914006614 ], [ 74.292690018263585, 31.502493287384358 ] ] ] } },
{ "type": "Feature", "properties": { "name": "Green Town Sector A", "label": "Green Town Sector A", "dup_count": 1, "area_sqkm": 0.31837782587954433, "source": "official_uc_pdf", "method": "voronoi" }, "geometry": { "type": "Polygon", "coordinates": [ [ [ 74.289874750957139, 31.508484997051927 ], [ 74.292503109838393, 31.510799994099965 ], [ 74.296778193597845, 31.510799965836028 ], [ 74.297193732688172, 31.50957997201164 ], [ 74.296533962379911, 31.50715863565566 ], [ 74.29530000212921, 31.505799991197815 ], [ 74.290437736701804, 31.505799955595425 ], [ 74.290390578833765, 31.505834571151549 ], [ 74.289874750957139, 31.508484997051927 ] ] ] } },
{ "type": "Feature", "properties": { "name": "Shah di Khui", "label": "Shah di Khui", "dup_count": 1, "area_sqkm": 0.34715772409273921, "source": null, "method": "voronoi" }, "geometry": { "type": "Polygon", "coordinates": [ [ [ 74.291408504489624, 31.491799990231385 ], [ 74.292913589008251, 31.495115280686758 ], [ 74.297787005832618, 31.496752642136219 ], [ 74.299037477698619, 31.49617704449356 ], [ 74.298879628508416, 31.492932115400329 ], [ 74.293723270515983, 31.489750825061588 ], [ 74.291408504489624, 31.491799990231385 ] ] ] } },
{ "type": "Feature", "properties": { "name": "Ahmed Block", "label": "Ahmed Block", "dup_count": 1, "area_sqkm": 0.24196448601540743, "source": "user_verified_list_2024", "method": "voronoi" }, "geometry": { "type": "Polygon", "coordinates": [ [ [ 74.28789477942999, 31.49879998644403 ], [ 74.288121618971772, 31.498899914006614 ], [ 74.296533518873488, 31.498899945253456 ], [ 74.297787005832618, 31.496752642136219 ], [ 74.292913589008251, 31.495115280686758 ], [ 74.28789477942999, 31.49879998644403 ] ] ] } },
{ "type": "Feature", "properties": { "name": "Johar Town Block G", "label": "Johar Town Block G", "dup_count": 1, "area_sqkm": 0.21469644797105988, "source": "official_uc_pdf", "method": "voronoi" }, "geometry": { "type": "Polygon", "coordinates": [ [ [ 74.289892983493843, 31.454351339751589 ], [ 74.291627795220009, 31.455800000061835 ], [ 74.294800008521591, 31.455799964822344 ], [ 74.295410805841911, 31.455126704196815 ], [ 74.291939284176522, 31.451300000202416 ], [ 74.288800010317246, 31.451299964926022 ], [ 74.287869386848513, 31.452120662993789 ], [ 74.289892983493843, 31.454351339751589 ] ] ] } },
{ "type": "Feature", "properties": { "name": "Johar Town Block F", "label": "Johar Town Block F", "dup_count": 1, "area_sqkm": 0.16827828304732306, "source": "official_uc_pdf", "method": "voronoi" }, "geometry": { "type": "Polygon", "coordinates": [ [ [ 74.287869386848513, 31.452120662993789 ], [ 74.284124797200107, 31.453299989880701 ], [ 74.288034791793592, 31.457609889877318 ], [ 74.288132212297185, 31.457586028957536 ], [ 74.289892983493843, 31.454351339751589 ], [ 74.287869386848513, 31.452120662993789 ] ] ] } },
{ "type": "Feature", "properties": { "name": "Sarshar Town", "label": "Sarshar Town", "dup_count": 1, "area_sqkm": 1.926535686981411, "source": "user_verified_list_2024", "method": "voronoi" }, "geometry": { "type": "Polygon", "coordinates": [ [ [ 74.283347183706425, 31.394775351281286 ], [ 74.294591138259477, 31.401457099838588 ], [ 74.30383879643702, 31.385247879374795 ], [ 74.302814600528478, 31.383231079803892 ], [ 74.28451024759697, 31.390579586873621 ], [ 74.283347183706425, 31.394775351281286 ] ] ] } },
{ "type": "Feature", "properties": { "name": "Halloki", "label": "Halloki", "dup_count": 1, "area_sqkm": 3.1945490216916874, "source": null, "method": "voronoi" }, "geometry": { "type": "Polygon", "coordinates": [ [ [ 74.275371930121182, 31.378289695720813 ], [ 74.302598438917414, 31.378288673509985 ], [ 74.294374548336876, 31.365420434128076 ], [ 74.276121919542874, 31.364844842515808 ], [ 74.275653135903895, 31.364941884391406 ], [ 74.275371930121182, 31.378289695720813 ] ] ] } },
{ "type": "Feature", "properties": { "name": "PIA Society", "label": "PIA Society", "dup_count": 1, "area_sqkm": 0.53168816138739827, "source": "user_verified_list_2024", "method": "voronoi" }, "geometry": { "type": "Polygon", "coordinates": [ [ [ 74.287477771020789, 31.464534182975825 ], [ 74.295783759090526, 31.4666700260147 ], [ 74.299386411606193, 31.462435047133944 ], [ 74.294800006595082, 31.459065200864579 ], [ 74.292016570644847, 31.460087816212507 ], [ 74.287477771020789, 31.464534182975825 ] ] ] } },
{ "type": "Feature", "properties": { "name": "Sedhar", "label": "Sedhar", "dup_count": 1, "area_sqkm": 3.3348150367068503, "source": null, "method": "voronoi" }, "geometry": { "type": "Polygon", "coordinates": [ [ [ 74.30383879643702, 31.385247879374795 ], [ 74.309213773337504, 31.38945052523243 ], [ 74.32955733427147, 31.383221658918664 ], [ 74.320476775077097, 31.36945260132325 ], [ 74.302693828193526, 31.378360755062676 ], [ 74.302814600528478, 31.383231079803892 ], [ 74.30383879643702, 31.385247879374795 ] ] ] } },
{ "type": "Feature", "properties": { "name": "Johar Town", "label": "Johar Town", "dup_count": 1, "area_sqkm": 0.057330154956354532, "source": "manually_added_2024", "method": "voronoi" }, "geometry": { "type": "Polygon", "coordinates": [ [ [ 74.289892983493843, 31.454351339751589 ], [ 74.288132212297185, 31.457586028957536 ], [ 74.290135335141883, 31.457323193094346 ], [ 74.291627795220009, 31.455800000061835 ], [ 74.289892983493843, 31.454351339751589 ] ] ] } },
{ "type": "Feature", "properties": { "name": "Airline Society", "label": "Airline Society", "dup_count": 1, "area_sqkm": 0.15725330660637163, "source": "user_verified_list_2024", "method": "voronoi" }, "geometry": { "type": "Polygon", "coordinates": [ [ [ 74.290135335141883, 31.457323193094346 ], [ 74.292016570644847, 31.460087816212507 ], [ 74.294800006595082, 31.459065200864579 ], [ 74.294800008521591, 31.455799964822344 ], [ 74.291627795220009, 31.455800000061835 ], [ 74.290135335141883, 31.457323193094346 ] ] ] } },
{ "type": "Feature", "properties": { "name": "Kamran Block", "label": "Kamran Block", "dup_count": 1, "area_sqkm": 0.1756756635317859, "source": "user_verified_list_2024", "method": "voronoi" }, "geometry": { "type": "Polygon", "coordinates": [ [ [ 74.297193732688172, 31.50957997201164 ], [ 74.303115238539064, 31.505233478519685 ], [ 74.298598122545641, 31.504128254273471 ], [ 74.296533962379911, 31.50715863565566 ], [ 74.297193732688172, 31.50957997201164 ] ] ] } },
{ "type": "Feature", "properties": { "name": "Paracha Colony", "label": "Paracha Colony", "dup_count": 1, "area_sqkm": 5.503527195121233, "source": null, "method": "voronoi" }, "geometry": { "type": "Polygon", "coordinates": [ [ [ 74.298400251420603, 31.62345260017571 ], [ 74.299452970923511, 31.628867728705504 ], [ 74.313785503920911, 31.638307348748942 ], [ 74.331051725359572, 31.639112985141832 ], [ 74.332044493375108, 31.631322962447992 ], [ 74.325841654889558, 31.619787697085219 ], [ 74.308888724941724, 31.618338739189262 ], [ 74.29959324015924, 31.621174022138739 ], [ 74.298400251420603, 31.62345260017571 ] ] ] } },
{ "type": "Feature", "properties": { "name": "Green Town Sector F", "label": "Green Town Sector F", "dup_count": 1, "area_sqkm": 0.065559727814198665, "source": "official_uc_pdf", "method": "voronoi" }, "geometry": { "type": "Polygon", "coordinates": [ [ [ 74.2963000072467, 31.499826846508267 ], [ 74.296300000950538, 31.503799999061616 ], [ 74.298300002130475, 31.503799991198026 ], [ 74.298300002130503, 31.501799991198311 ], [ 74.296406633887642, 31.499715018716646 ], [ 74.2963000072467, 31.499826846508267 ] ] ] } },
{ "type": "Feature", "properties": { "name": "Babar Block", "label": "Babar Block", "dup_count": 1, "area_sqkm": 0.28388495600984925, "source": "user_verified_list_2024", "method": "voronoi" }, "geometry": { "type": "Polygon", "coordinates": [ [ [ 74.293815731161033, 31.489147319653618 ], [ 74.293837679818751, 31.489126656884569 ], [ 74.295035016081471, 31.485609647818631 ], [ 74.293188332923648, 31.483575390583471 ], [ 74.290446637676254, 31.482568587742456 ], [ 74.28653408603094, 31.483799959194336 ], [ 74.293815731161033, 31.489147319653618 ] ] ] } },
{ "type": "Feature", "properties": { "name": "Tur", "label": "Tur", "dup_count": 1, "area_sqkm": 5.3171058507960369, "source": null, "method": "voronoi" }, "geometry": { "type": "Polygon", "coordinates": [ [ [ 74.302598438917414, 31.378288673509985 ], [ 74.302693828193526, 31.378360755062676 ], [ 74.320476775077097, 31.36945260132325 ], [ 74.321664083166468, 31.367922896459561 ], [ 74.319814725727483, 31.357247845252882 ], [ 74.298512746957883, 31.349691522128186 ], [ 74.294374548336876, 31.365420434128076 ], [ 74.302598438917414, 31.378288673509985 ] ] ] } },
{ "type": "Feature", "properties": { "name": "Green Town Sector B", "label": "Green Town Sector B", "dup_count": 1, "area_sqkm": 0.072852136586689806, "source": "official_uc_pdf", "method": "voronoi" }, "geometry": { "type": "Polygon", "coordinates": [ [ [ 74.29530000212921, 31.505799991197815 ], [ 74.296533962379911, 31.50715863565566 ], [ 74.298598122545641, 31.504128254273471 ], [ 74.298300002130475, 31.503799991198026 ], [ 74.296300000950538, 31.503799999061616 ], [ 74.295300001647959, 31.504167031875667 ], [ 74.29530000212921, 31.505799991197815 ] ] ] } },
{ "type": "Feature", "properties": { "name": "Green Town Sector E", "label": "Green Town Sector E", "dup_count": 1, "area_sqkm": 0.11070359248704981, "source": "official_uc_pdf", "method": "voronoi" }, "geometry": { "type": "Polygon", "coordinates": [ [ [ 74.295300001647959, 31.504167031875667 ], [ 74.292963087903715, 31.502451525934088 ], [ 74.292690018263585, 31.502493287384358 ], [ 74.290437736701804, 31.505799955595425 ], [ 74.29530000212921, 31.505799991197815 ], [ 74.295300001647959, 31.504167031875667 ] ] ] } },
{ "type": "Feature", "properties": { "name": "Darbar Hassan Shahwali", "label": "Darbar Hassan Shahwali", "dup_count": 1, "area_sqkm": 10.599326685292553, "source": null, "method": "voronoi" }, "geometry": { "type": "Polygon", "coordinates": [ [ [ 74.315618375194731, 31.679009921832723 ], [ 74.331090733170697, 31.684413558517953 ], [ 74.336264536588629, 31.654822105993166 ], [ 74.331051725359572, 31.639112985141832 ], [ 74.313785503920911, 31.638307348748942 ], [ 74.304976805785415, 31.643037724420108 ], [ 74.315618375194731, 31.679009921832723 ] ] ] } },
{ "type": "Feature", "properties": { "name": "Canal Park Society", "label": "Canal Park Society", "dup_count": 1, "area_sqkm": 0.20292752074048589, "source": "user_verified_list_2024", "method": "voronoi" }, "geometry": { "type": "Polygon", "coordinates": [ [ [ 74.290446637676254, 31.482568587742456 ], [ 74.293188332923648, 31.483575390583471 ], [ 74.293938371146552, 31.48329998638987 ], [ 74.296980805815153, 31.481065561105126 ], [ 74.294568887662393, 31.477522586728192 ], [ 74.290446637676254, 31.482568587742456 ] ] ] } },
{ "type": "Feature", "properties": { "name": "Shersha Block", "label": "Shersha Block", "dup_count": 1, "area_sqkm": 0.4301883812801412, "source": "user_verified_list_2024", "method": "voronoi" }, "geometry": { "type": "Polygon", "coordinates": [ [ [ 74.294568887662393, 31.477522586728192 ], [ 74.296980805815153, 31.481065561105126 ], [ 74.298800005438522, 31.482401619056844 ], [ 74.30613174222016, 31.477016663670128 ], [ 74.29482488622503, 31.475830340975222 ], [ 74.294568887662393, 31.477522586728192 ] ] ] } },
{ "type": "Feature", "properties": { "name": "Allama Iqbal Town", "label": "Allama Iqbal Town", "dup_count": 1, "area_sqkm": 0.26661067255312992, "source": "manually_added_2024", "method": "voronoi" }, "geometry": { "type": "Polygon", "coordinates": [ [ [ 74.293815731161033, 31.489147319653618 ], [ 74.293723270515983, 31.489750825061588 ], [ 74.298879628508416, 31.492932115400329 ], [ 74.302225406907567, 31.488969630713218 ], [ 74.300973599136853, 31.487319729714446 ], [ 74.293837679818751, 31.489126656884569 ], [ 74.293815731161033, 31.489147319653618 ] ] ] } },
{ "type": "Feature", "properties": { "name": "Jahanzaib Block", "label": "Jahanzaib Block", "dup_count": 1, "area_sqkm": 0.083833330378292908, "source": "user_verified_list_2024", "method": "voronoi" }, "geometry": { "type": "Polygon", "coordinates": [ [ [ 74.295300001647959, 31.504167031875667 ], [ 74.296300000950538, 31.503799999061616 ], [ 74.2963000072467, 31.499826846508267 ], [ 74.292963087903715, 31.502451525934088 ], [ 74.295300001647959, 31.504167031875667 ] ] ] } },
{ "type": "Feature", "properties": { "name": "Bagrian", "label": "Bagrian", "dup_count": 1, "area_sqkm": 1.1984838156261928, "source": null, "method": "voronoi" }, "geometry": { "type": "Polygon", "coordinates": [ [ [ 74.285290507156262, 31.422402445778076 ], [ 74.299509646786731, 31.42467017316368 ], [ 74.303019415002353, 31.422489233151151 ], [ 74.302401185072341, 31.421469034938049 ], [ 74.283003951664398, 31.413214505566213 ], [ 74.282004594817437, 31.413479339147123 ], [ 74.285290507156262, 31.422402445778076 ] ] ] } },
{ "type": "Feature", "properties": { "name": "Johar Town Block H", "label": "Johar Town Block H", "dup_count": 1, "area_sqkm": 0.15785098065707717, "source": "official_uc_pdf", "method": "voronoi" }, "geometry": { "type": "Polygon", "coordinates": [ [ [ 74.295410805841911, 31.455126704196815 ], [ 74.296300008556358, 31.454799991561778 ], [ 74.296300002131161, 31.450799991206253 ], [ 74.294827866860786, 31.449177105989797 ], [ 74.291939284176522, 31.451300000202416 ], [ 74.295410805841911, 31.455126704196815 ] ] ] } },
{ "type": "Feature", "properties": { "name": "Hakim Chowk", "label": "Hakim Chowk", "dup_count": 1, "area_sqkm": 0.58510747523292783, "source": "official_uc_pdf", "method": "voronoi" }, "geometry": { "type": "Polygon", "coordinates": [ [ [ 74.301663495143401, 31.580516463183987 ], [ 74.311895688438213, 31.578016989897279 ], [ 74.312485703624944, 31.576849440416378 ], [ 74.310195462436894, 31.573100479483188 ], [ 74.309946350163045, 31.572780932717158 ], [ 74.309215021157243, 31.57237887858431 ], [ 74.303414245977308, 31.573654387528734 ], [ 74.301663495143401, 31.580516463183987 ] ] ] } },
{ "type": "Feature", "properties": { "name": "Sheikhupura Road", "label": "Sheikhupura Road", "dup_count": 1, "area_sqkm": 1.4171837899038124, "source": "official_uc_pdf", "method": "voronoi" }, "geometry": { "type": "Polygon", "coordinates": [ [ [ 74.295701767954398, 31.640436944413867 ], [ 74.304976805785415, 31.643037724420108 ], [ 74.313785503920911, 31.638307348748942 ], [ 74.299452970923511, 31.628867728705504 ], [ 74.295701767954398, 31.640436944413867 ] ] ] } },
{ "type": "Feature", "properties": { "name": "Nishtar Colony", "label": "Nishtar Colony", "dup_count": 1, "area_sqkm": 0.10012045621397088, "source": "user_verified_list_2024", "method": "voronoi" }, "geometry": { "type": "Polygon", "coordinates": [ [ [ 74.295035016081471, 31.485609647818631 ], [ 74.299098433875642, 31.484614936632479 ], [ 74.298800005511836, 31.483299964637801 ], [ 74.293938371146552, 31.48329998638987 ], [ 74.293188332923648, 31.483575390583471 ], [ 74.295035016081471, 31.485609647818631 ] ] ] } },
{ "type": "Feature", "properties": { "name": "Sant Nagar", "label": "Sant Nagar", "dup_count": 1, "area_sqkm": 1.2559854992628403, "source": "user_verified_list_2024", "method": "voronoi" }, "geometry": { "type": "Polygon", "coordinates": [ [ [ 74.296809765378057, 31.565434781943949 ], [ 74.30280002540978, 31.562799965689791 ], [ 74.302800129306675, 31.545381496419267 ], [ 74.296913946118224, 31.542889014330591 ], [ 74.296809765378057, 31.565434781943949 ] ] ] } },
{ "type": "Feature", "properties": { "name": "Green Town Sector G", "label": "Green Town Sector G", "dup_count": 1, "area_sqkm": 0.23313942858605832, "source": "official_uc_pdf", "method": "voronoi" }, "geometry": { "type": "Polygon", "coordinates": [ [ [ 74.296406633887642, 31.499715018716646 ], [ 74.298300002130503, 31.501799991198311 ], [ 74.301300002131754, 31.501799991198233 ], [ 74.301300014189891, 31.496799991866297 ], [ 74.299037477698619, 31.49617704449356 ], [ 74.297787005832618, 31.496752642136219 ], [ 74.296533518873488, 31.498899945253456 ], [ 74.296406633887642, 31.499715018716646 ] ] ] } },
{ "type": "Feature", "properties": { "name": "Qila Sattar Shah", "label": "Qila Sattar Shah", "dup_count": 1, "area_sqkm": 1.2505397785982706, "source": "official_uc_pdf", "method": "voronoi" }, "geometry": { "type": "Polygon", "coordinates": [ [ [ 74.295459349957639, 31.566611459949392 ], [ 74.303414245977308, 31.573654387528734 ], [ 74.309215021157243, 31.57237887858431 ], [ 74.311701637286362, 31.564176200084887 ], [ 74.310945370079764, 31.563225728510005 ], [ 74.310300032087653, 31.562799921408374 ], [ 74.30280002540978, 31.562799965689791 ], [ 74.296809765378057, 31.565434781943949 ], [ 74.295459349957639, 31.566611459949392 ] ] ] } },
{ "type": "Feature", "properties": { "name": "Kareem Block", "label": "Kareem Block", "dup_count": 1, "area_sqkm": 0.24830788232150991, "source": "user_verified_list_2024", "method": "voronoi" }, "geometry": { "type": "Polygon", "coordinates": [ [ [ 74.296800018019781, 31.510821323888141 ], [ 74.298484386542697, 31.511233454719019 ], [ 74.303800003393718, 31.50993300216652 ], [ 74.303800003393775, 31.509933002166473 ], [ 74.303800013575426, 31.505065910610149 ], [ 74.303115238539064, 31.505233478519685 ], [ 74.297193732688172, 31.50957997201164 ], [ 74.296778193597845, 31.510799965836028 ], [ 74.296800018019781, 31.510821323888141 ] ] ] } },
{ "type": "Feature", "properties": { "name": "Revenue Society", "label": "Revenue Society", "dup_count": 1, "area_sqkm": 0.49910699104689005, "source": "user_verified_list_2024", "method": "voronoi" }, "geometry": { "type": "Polygon", "coordinates": [ [ [ 74.294800008521591, 31.455799964822344 ], [ 74.294800006595082, 31.459065200864579 ], [ 74.299386411606193, 31.462435047133944 ], [ 74.301793352863243, 31.461649045484194 ], [ 74.303745484190102, 31.458063111827492 ], [ 74.30079745190929, 31.455716368738948 ], [ 74.299102764270444, 31.454799993733253 ], [ 74.296300008556358, 31.454799991561778 ], [ 74.295410805841911, 31.455126704196815 ], [ 74.294800008521591, 31.455799964822344 ] ] ] } },
{ "type": "Feature", "properties": { "name": "Allama Iqbal Medical College", "label": "Allama Iqbal Medical College", "dup_count": 1, "area_sqkm": 0.19828972459850672, "source": "user_verified_list_2024", "method": "voronoi" }, "geometry": { "type": "Polygon", "coordinates": [ [ [ 74.293837679818751, 31.489126656884569 ], [ 74.300973599136853, 31.487319729714446 ], [ 74.300775189213553, 31.48615412094707 ], [ 74.299098433875642, 31.484614936632479 ], [ 74.295035016081471, 31.485609647818631 ], [ 74.293837679818751, 31.489126656884569 ] ] ] } },
{ "type": "Feature", "properties": { "name": "Khyaban E Amin", "label": "Khyaban E Amin", "dup_count": 1, "area_sqkm": 0.96801796073723767, "source": "user_verified_list_2024", "method": "voronoi" }, "geometry": { "type": "Polygon", "coordinates": [ [ [ 74.289276996350978, 31.43466346832956 ], [ 74.291244131054398, 31.442616799861099 ], [ 74.295617612202136, 31.443785783928941 ], [ 74.298579004399869, 31.442697444760356 ], [ 74.300127727821959, 31.441559054005861 ], [ 74.29891135902092, 31.435299940716376 ], [ 74.298075980627203, 31.434225177447917 ], [ 74.290314890788522, 31.431972638807405 ], [ 74.290051147837829, 31.432007472520951 ], [ 74.289276996350978, 31.43466346832956 ] ] ] } },
{ "type": "Feature", "properties": { "name": "Awan Town", "label": "Awan Town", "dup_count": 1, "area_sqkm": 1.907480301620736, "source": null, "method": "voronoi" }, "geometry": { "type": "Polygon", "coordinates": [ [ [ 74.302401185072341, 31.421469034938049 ], [ 74.304284315158796, 31.408667493657347 ], [ 74.294489088506282, 31.40624920074973 ], [ 74.283003951664398, 31.413214505566213 ], [ 74.302401185072341, 31.421469034938049 ] ] ] } },
{ "type": "Feature", "properties": { "name": "Atta Turk Block", "label": "Atta Turk Block", "dup_count": 1, "area_sqkm": 0.27235209043753705, "source": "user_verified_list_2024", "method": "voronoi" }, "geometry": { "type": "Polygon", "coordinates": [ [ [ 74.298800005511836, 31.483299964637801 ], [ 74.299098433875642, 31.484614936632479 ], [ 74.300775189213553, 31.48615412094707 ], [ 74.30261916969441, 31.48479998135074 ], [ 74.30615316373553, 31.477013515966181 ], [ 74.30613174222016, 31.477016663670128 ], [ 74.298800005438522, 31.482401619056844 ], [ 74.298800005511836, 31.483299964637801 ] ] ] } },
{ "type": "Feature", "properties": { "name": "Tipu Block", "label": "Tipu Block", "dup_count": 1, "area_sqkm": 0.066192428184236457, "source": "user_verified_list_2024", "method": "voronoi" }, "geometry": { "type": "Polygon", "coordinates": [ [ [ 74.298800005438522, 31.482401619056844 ], [ 74.296980805815153, 31.481065561105126 ], [ 74.293938371146552, 31.48329998638987 ], [ 74.298800005511836, 31.483299964637801 ], [ 74.298800005438522, 31.482401619056844 ] ] ] } },
{ "type": "Feature", "properties": { "name": "Gulbahar Colony", "label": "Gulbahar Colony", "dup_count": 1, "area_sqkm": 0.86204473361589518, "source": "user_verified_list_2024", "method": "voronoi" }, "geometry": { "type": "Polygon", "coordinates": [ [ [ 74.296714409524995, 31.537564561922313 ], [ 74.311044804591631, 31.532834723808612 ], [ 74.313060604960256, 31.530369954644716 ], [ 74.310578985927421, 31.526091209654538 ], [ 74.310244134010759, 31.525928868254219 ], [ 74.308842242505278, 31.526168411779423 ], [ 74.296800225241327, 31.535002715313006 ], [ 74.296714409524995, 31.537564561922313 ] ] ] } },
{ "type": "Feature", "properties": { "name": "Green Town Sector C", "label": "Green Town Sector C", "dup_count": 1, "area_sqkm": 0.13325329117701928, "source": "official_uc_pdf", "method": "voronoi" }, "geometry": { "type": "Polygon", "coordinates": [ [ [ 74.298598122545641, 31.504128254273471 ], [ 74.303115238539064, 31.505233478519685 ], [ 74.303800013575426, 31.505065910610149 ], [ 74.304028267969926, 31.504898357122148 ], [ 74.304056798129437, 31.504835528530247 ], [ 74.301300002131754, 31.501799991198233 ], [ 74.298300002130503, 31.501799991198311 ], [ 74.298300002130475, 31.503799991198026 ], [ 74.298598122545641, 31.504128254273471 ] ] ] } },
{ "type": "Feature", "properties": { "name": "UCP", "label": "UCP", "dup_count": 1, "area_sqkm": 0.82162365073872401, "source": "user_verified_list_2024", "method": "voronoi" }, "geometry": { "type": "Polygon", "coordinates": [ [ [ 74.29482488622503, 31.475830340975222 ], [ 74.30613174222016, 31.477016663670128 ], [ 74.30615316373553, 31.477013515966181 ], [ 74.308060762109534, 31.476376565117008 ], [ 74.305357445065141, 31.470915886086264 ], [ 74.296576113351804, 31.468765599440239 ], [ 74.293850865409468, 31.474637924189516 ], [ 74.29482488622503, 31.475830340975222 ] ] ] } },
{ "type": "Feature", "properties": { "name": "Nishtar Block", "label": "Nishtar Block", "dup_count": 1, "area_sqkm": 0.21299059314011509, "source": "user_verified_list_2024", "method": "voronoi" }, "geometry": { "type": "Polygon", "coordinates": [ [ [ 74.296800005433283, 31.515199152145385 ], [ 74.300800009528388, 31.518134625808852 ], [ 74.300800003391686, 31.512933025956329 ], [ 74.298484386542697, 31.511233454719019 ], [ 74.296800018019781, 31.510821323888141 ], [ 74.296800005433283, 31.515199152145385 ] ] ] } },
{ "type": "Feature", "properties": { "name": "Johar Town Block J", "label": "Johar Town Block J", "dup_count": 1, "area_sqkm": 0.1880329825184433, "source": "official_uc_pdf", "method": "voronoi" }, "geometry": { "type": "Polygon", "coordinates": [ [ [ 74.296300002131161, 31.450799991206253 ], [ 74.300079717713217, 31.450799979629569 ], [ 74.300606730875828, 31.45024052610086 ], [ 74.295790734547609, 31.444931066279882 ], [ 74.294827866860786, 31.449177105989797 ], [ 74.296300002131161, 31.450799991206253 ] ] ] } },
{ "type": "Feature", "properties": { "name": "NFC Town", "label": "NFC Town", "dup_count": 1, "area_sqkm": 0.58248981957730983, "source": "user_verified_list_2024", "method": "voronoi" }, "geometry": { "type": "Polygon", "coordinates": [ [ [ 74.298022196510061, 31.426196878693979 ], [ 74.300403185693, 31.432324146388439 ], [ 74.30528298482885, 31.429992053911036 ], [ 74.307074701307229, 31.424243356295626 ], [ 74.303019415002353, 31.422489233151151 ], [ 74.299509646786731, 31.42467017316368 ], [ 74.298022196510061, 31.426196878693979 ] ] ] } },
{ "type": "Feature", "properties": { "name": "Wahdat Colony", "label": "Wahdat Colony", "dup_count": 1, "area_sqkm": 0.2467908767461939, "source": "user_verified_list_2024", "method": "voronoi" }, "geometry": { "type": "Polygon", "coordinates": [ [ [ 74.302335325854003, 31.520012362879058 ], [ 74.302880901545251, 31.519892259401789 ], [ 74.304800017801355, 31.51874002374764 ], [ 74.304800005441507, 31.514400857953156 ], [ 74.303800003393633, 31.513666951683355 ], [ 74.300800003391686, 31.512933025956329 ], [ 74.300800009528388, 31.518134625808852 ], [ 74.302335325854003, 31.520012362879058 ] ] ] } },
{ "type": "Feature", "properties": { "name": "Saidpur", "label": "Saidpur", "dup_count": 1, "area_sqkm": 1.153774755738693, "source": "user_verified_list_2024", "method": "voronoi" }, "geometry": { "type": "Polygon", "coordinates": [ [ [ 74.296800225241327, 31.535002715313006 ], [ 74.308842242505278, 31.526168411779423 ], [ 74.302880901545251, 31.519892259401789 ], [ 74.302335325854003, 31.520012362879058 ], [ 74.294394607858038, 31.52667125786088 ], [ 74.296800225241327, 31.535002715313006 ] ] ] } },
{ "type": "Feature", "properties": { "name": "Johar Town Block K", "label": "Johar Town Block K", "dup_count": 1, "area_sqkm": 0.33074387513683107, "source": "official_uc_pdf", "method": "voronoi" }, "geometry": { "type": "Polygon", "coordinates": [ [ [ 74.295790734547609, 31.444931066279882 ], [ 74.300606730875828, 31.45024052610086 ], [ 74.303906376754568, 31.449776137826827 ], [ 74.304759116018275, 31.449510976820822 ], [ 74.298579004399869, 31.442697444760356 ], [ 74.295617612202136, 31.443785783928941 ], [ 74.295790734547609, 31.444931066279882 ] ] ] } },
{ "type": "Feature", "properties": { "name": "Alfalah Town", "label": "Alfalah Town", "dup_count": 1, "area_sqkm": 0.42910885030115298, "source": "user_verified_list_2024", "method": "voronoi" }, "geometry": { "type": "Polygon", "coordinates": [ [ [ 74.290314890788522, 31.431972638807405 ], [ 74.298075980627203, 31.434225177447917 ], [ 74.300403185693, 31.432324146388439 ], [ 74.298022196510061, 31.426196878693979 ], [ 74.290314890788522, 31.431972638807405 ] ] ] } },
{ "type": "Feature", "properties": { "name": "Awan Market", "label": "Awan Market", "dup_count": 1, "area_sqkm": 0.50919311732168826, "source": "user_verified_list_2024", "method": "voronoi" }, "geometry": { "type": "Polygon", "coordinates": [ [ [ 74.301300014189891, 31.496799991866297 ], [ 74.307174858354387, 31.496799925467712 ], [ 74.307175515263694, 31.496799589953067 ], [ 74.306162126976901, 31.491591264708291 ], [ 74.303626064026886, 31.489263502205379 ], [ 74.302225406907567, 31.488969630713218 ], [ 74.298879628508416, 31.492932115400329 ], [ 74.299037477698619, 31.49617704449356 ], [ 74.301300014189891, 31.496799991866297 ] ] ] } },
{ "type": "Feature", "properties": { "name": "Ravi Block", "label": "Ravi Block", "dup_count": 1, "area_sqkm": 0.21027668946131892, "source": "user_verified_list_2024", "method": "voronoi" }, "geometry": { "type": "Polygon", "coordinates": [ [ [ 74.303800013575426, 31.505065910610149 ], [ 74.303800003393775, 31.509933002166473 ], [ 74.308800009787532, 31.511156245249502 ], [ 74.308800005446201, 31.508401000691872 ], [ 74.304028267969926, 31.504898357122148 ], [ 74.303800013575426, 31.505065910610149 ] ] ] } },
{ "type": "Feature", "properties": { "name": "Shama Colony", "label": "Shama Colony", "dup_count": 1, "area_sqkm": 0.68036922550666656, "source": "user_verified_list_2024", "method": "voronoi" }, "geometry": { "type": "Polygon", "coordinates": [ [ [ 74.295783759090526, 31.4666700260147 ], [ 74.296576113351804, 31.468765599440239 ], [ 74.305357445065141, 31.470915886086264 ], [ 74.306820010448661, 31.466080829544357 ], [ 74.301793352863243, 31.461649045484194 ], [ 74.299386411606193, 31.462435047133944 ], [ 74.295783759090526, 31.4666700260147 ] ] ] } },
{ "type": "Feature", "properties": { "name": "Fransisi Town", "label": "Fransisi Town", "dup_count": 1, "area_sqkm": 0.1395030832478083, "source": "user_verified_list_2024", "method": "voronoi" }, "geometry": { "type": "Polygon", "coordinates": [ [ [ 74.296300008556358, 31.454799991561778 ], [ 74.299102764270444, 31.454799993733253 ], [ 74.300079717713217, 31.450799979629569 ], [ 74.296300002131161, 31.450799991206253 ], [ 74.296300008556358, 31.454799991561778 ] ] ] } },
{ "type": "Feature", "properties": { "name": "Green Town Sector D", "label": "Green Town Sector D", "dup_count": 1, "area_sqkm": 0.36150797401112428, "source": "official_uc_pdf", "method": "voronoi" }, "geometry": { "type": "Polygon", "coordinates": [ [ [ 74.304056798129437, 31.504835528530247 ], [ 74.305431894431408, 31.503624237115055 ], [ 74.307174858354387, 31.496799925467712 ], [ 74.301300014189891, 31.496799991866297 ], [ 74.301300002131754, 31.501799991198233 ], [ 74.304056798129437, 31.504835528530247 ] ] ] } },
{ "type": "Feature", "properties": { "name": "Sanda", "label": "Sanda", "dup_count": 1, "area_sqkm": 1.0875600670352241, "source": "official_uc_pdf", "method": "voronoi" }, "geometry": { "type": "Polygon", "coordinates": [ [ [ 74.30280002540978, 31.562799965689791 ], [ 74.310300032087653, 31.562799921408374 ], [ 74.310300013768341, 31.556299920405433 ], [ 74.305623915778867, 31.546012323085499 ], [ 74.302800129306675, 31.545381496419267 ], [ 74.30280002540978, 31.562799965689791 ] ] ] } },
{ "type": "Feature", "properties": { "name": "Pak Block", "label": "Pak Block", "dup_count": 1, "area_sqkm": 0.12309447281271296, "source": "user_verified_list_2024", "method": "voronoi" }, "geometry": { "type": "Polygon", "coordinates": [ [ [ 74.298484386542697, 31.511233454719019 ], [ 74.300800003391686, 31.512933025956329 ], [ 74.303800003393633, 31.513666951683355 ], [ 74.303800003393718, 31.50993300216652 ], [ 74.298484386542697, 31.511233454719019 ] ] ] } },
{ "type": "Feature", "properties": { "name": "Green Town", "label": "Green Town", "dup_count": 1, "area_sqkm": 0.15271761975828124, "source": "manually_added_2024", "method": "voronoi" }, "geometry": { "type": "Polygon", "coordinates": [ [ [ 74.299102764270444, 31.454799993733253 ], [ 74.30079745190929, 31.455716368738948 ], [ 74.303906376754568, 31.449776137826827 ], [ 74.300606730875828, 31.45024052610086 ], [ 74.300079717713217, 31.450799979629569 ], [ 74.299102764270444, 31.454799993733253 ] ] ] } },
{ "type": "Feature", "properties": { "name": "Data Darbar", "label": "Data Darbar", "dup_count": 1, "area_sqkm": 0.19791105391198571, "source": "manually_added_2024", "method": "voronoi" }, "geometry": { "type": "Polygon", "coordinates": [ [ [ 74.301092394333892, 31.581833316244552 ], [ 74.311759508900479, 31.580412234009817 ], [ 74.311895688438213, 31.578016989897279 ], [ 74.301663495143401, 31.580516463183987 ], [ 74.301092394333892, 31.581833316244552 ] ] ] } },
{ "type": "Feature", "properties": { "name": "Jhuggian", "label": "Jhuggian", "dup_count": 1, "area_sqkm": 15.529946822280531, "source": null, "method": "voronoi" }, "geometry": { "type": "Polygon", "coordinates": [ [ [ 74.374206180959817, 31.652066307478208 ], [ 74.369659140689961, 31.646328323380374 ], [ 74.358606832884334, 31.643457386834005 ], [ 74.336264536588629, 31.654822105993166 ], [ 74.331090733170697, 31.684413558517953 ], [ 74.360818501310618, 31.694788421102498 ], [ 74.374206180959817, 31.652066307478208 ] ] ] } },
{ "type": "Feature", "properties": { "name": "Jhuggian Jodha", "label": "Jhuggian Jodha", "dup_count": 1, "area_sqkm": 5.6767460398448932, "source": null, "method": "voronoi" }, "geometry": { "type": "Polygon", "coordinates": [ [ [ 74.332044493375108, 31.631322962447992 ], [ 74.352896653015478, 31.625131288996013 ], [ 74.348100579966996, 31.60331980665703 ], [ 74.347939194244162, 31.603164394918824 ], [ 74.341845937889858, 31.602504680170853 ], [ 74.333117236400895, 31.60519545881488 ], [ 74.325841654889558, 31.619787697085219 ], [ 74.332044493375108, 31.631322962447992 ] ] ] } },
{ "type": "Feature", "properties": { "name": "Usman Block", "label": "Usman Block", "dup_count": 1, "area_sqkm": 0.24294079224685933, "source": "user_verified_list_2024", "method": "voronoi" }, "geometry": { "type": "Polygon", "coordinates": [ [ [ 74.300973599136853, 31.487319729714446 ], [ 74.302225406907567, 31.488969630713218 ], [ 74.303626064026886, 31.489263502205379 ], [ 74.309704405073333, 31.484799905502232 ], [ 74.30261916969441, 31.48479998135074 ], [ 74.300775189213553, 31.48615412094707 ], [ 74.300973599136853, 31.487319729714446 ] ] ] } },
{ "type": "Feature", "properties": { "name": "Model Town Extension", "label": "Model Town Extension", "dup_count": 1, "area_sqkm": 0.64425211027831963, "source": "official_uc_pdf", "method": "voronoi" }, "geometry": { "type": "Polygon", "coordinates": [ [ [ 74.30261916969441, 31.48479998135074 ], [ 74.309704405073333, 31.484799905502232 ], [ 74.31205660339802, 31.483763375375059 ], [ 74.312236136612981, 31.483565600563569 ], [ 74.313126811527368, 31.481439718368552 ], [ 74.310979520168061, 31.477234059954245 ], [ 74.308060762109534, 31.476376565117008 ], [ 74.30615316373553, 31.477013515966181 ], [ 74.30261916969441, 31.48479998135074 ] ] ] } },
{ "type": "Feature", "properties": { "name": "Khyber Block", "label": "Khyber Block", "dup_count": 1, "area_sqkm": 0.13833010029901982, "source": "user_verified_list_2024", "method": "voronoi" }, "geometry": { "type": "Polygon", "coordinates": [ [ [ 74.303800003393718, 31.50993300216652 ], [ 74.303800003393633, 31.513666951683355 ], [ 74.304800005441507, 31.514400857953156 ], [ 74.308926258245492, 31.511372453146926 ], [ 74.308800009787532, 31.511156245249502 ], [ 74.303800003393775, 31.509933002166473 ], [ 74.303800003393718, 31.50993300216652 ] ] ] } },
{ "type": "Feature", "properties": { "name": "Nangar", "label": "Nangar", "dup_count": 1, "area_sqkm": 2.7605964124710844, "source": null, "method": "voronoi" }, "geometry": { "type": "Polygon", "coordinates": [ [ [ 74.294489088506282, 31.40624920074973 ], [ 74.304284315158796, 31.408667493657347 ], [ 74.306168844678581, 31.408229510019233 ], [ 74.313335545068497, 31.394140982467071 ], [ 74.309213773337504, 31.38945052523243 ], [ 74.30383879643702, 31.385247879374795 ], [ 74.294591138259477, 31.401457099838588 ], [ 74.294489088506282, 31.40624920074973 ] ] ] } },
{ "type": "Feature", "properties": { "name": "Multan Road", "label": "Multan Road", "dup_count": 1, "area_sqkm": 1.7046085042228889, "source": "user_verified_list_2024", "method": "voronoi" }, "geometry": { "type": "Polygon", "coordinates": [ [ [ 74.303019415002353, 31.422489233151151 ], [ 74.307074701307229, 31.424243356295626 ], [ 74.313061031761336, 31.423797535315646 ], [ 74.316194250386559, 31.412498843214998 ], [ 74.306168844678581, 31.408229510019233 ], [ 74.304284315158796, 31.408667493657347 ], [ 74.302401185072341, 31.421469034938049 ], [ 74.303019415002353, 31.422489233151151 ] ] ] } },
{ "type": "Feature", "properties": { "name": "Samanabad", "label": "Samanabad", "dup_count": 1, "area_sqkm": 0.43878002941682437, "source": "manually_added_2024", "method": "voronoi" }, "geometry": { "type": "Polygon", "coordinates": [ [ [ 74.302880901545251, 31.519892259401789 ], [ 74.308842242505278, 31.526168411779423 ], [ 74.310244134010759, 31.525928868254219 ], [ 74.310886579876325, 31.523469964520523 ], [ 74.311849983205278, 31.518538436005645 ], [ 74.304800017801355, 31.51874002374764 ], [ 74.302880901545251, 31.519892259401789 ] ] ] } },
{ "type": "Feature", "properties": { "name": "Rachna Block", "label": "Rachna Block", "dup_count": 1, "area_sqkm": 0.19952131117504279, "source": "user_verified_list_2024", "method": "voronoi" }, "geometry": { "type": "Polygon", "coordinates": [ [ [ 74.304028267969926, 31.504898357122148 ], [ 74.308800005446201, 31.508401000691872 ], [ 74.31080000339837, 31.50693297837762 ], [ 74.310800002421573, 31.505534046915738 ], [ 74.308523849370985, 31.503863206209711 ], [ 74.305431894431408, 31.503624237115055 ], [ 74.304056798129437, 31.504835528530247 ], [ 74.304028267969926, 31.504898357122148 ] ] ] } },
{ "type": "Feature", "properties": { "name": "Nespak Society", "label": "Nespak Society", "dup_count": 1, "area_sqkm": 0.3116341426719032, "source": "user_verified_list_2024", "method": "voronoi" }, "geometry": { "type": "Polygon", "coordinates": [ [ [ 74.29891135902092, 31.435299940716376 ], [ 74.307139448216745, 31.435299926149398 ], [ 74.30528298482885, 31.429992053911036 ], [ 74.300403185693, 31.432324146388439 ], [ 74.298075980627203, 31.434225177447917 ], [ 74.29891135902092, 31.435299940716376 ] ] ] } },
{ "type": "Feature", "properties": { "name": "Tibbi", "label": "Tibbi", "dup_count": 1, "area_sqkm": 0.07910535535679962, "source": "official_uc_pdf", "method": "voronoi" }, "geometry": { "type": "Polygon", "coordinates": [ [ [ 74.325330182253424, 31.577152806278765 ], [ 74.325066193511148, 31.576705382685581 ], [ 74.322803020771744, 31.575931320025333 ], [ 74.320800002655275, 31.57739936608079 ], [ 74.320800002944651, 31.577647279889323 ], [ 74.322156083482611, 31.579013836671979 ], [ 74.325330182253424, 31.577152806278765 ] ] ] } },
{ "type": "Feature", "properties": { "name": "Walled City", "label": "Walled City", "dup_count": 1, "area_sqkm": 0.12856187433448141, "source": "manually_added_2024", "method": "voronoi" }, "geometry": { "type": "Polygon", "coordinates": [ [ [ 74.322156083482611, 31.579013836671979 ], [ 74.322139502538008, 31.579657885840653 ], [ 74.322800005503126, 31.581271402375283 ], [ 74.326800002368174, 31.579317117963743 ], [ 74.327616688411624, 31.578120039234996 ], [ 74.326882757473996, 31.577624610893473 ], [ 74.325330182253424, 31.577152806278765 ], [ 74.322156083482611, 31.579013836671979 ] ] ] } },
{ "type": "Feature", "properties": { "name": "Akbari Mandi", "label": "Akbari Mandi", "dup_count": 1, "area_sqkm": 0.19977936501298366, "source": "official_uc_pdf", "method": "voronoi" }, "geometry": { "type": "Polygon", "coordinates": [ [ [ 74.311895688438213, 31.578016989897279 ], [ 74.311759508900479, 31.580412234009817 ], [ 74.313498350887826, 31.583215654627576 ], [ 74.314160077014634, 31.583054020001438 ], [ 74.315474893022298, 31.581183618145481 ], [ 74.315829395156271, 31.577546358653009 ], [ 74.315765387581393, 31.577474427046578 ], [ 74.312485703624944, 31.576849440416378 ], [ 74.311895688438213, 31.578016989897279 ] ] ] } },
{ "type": "Feature", "properties": { "name": "LDA Colony", "label": "LDA Colony", "dup_count": 1, "area_sqkm": 0.5673161418352104, "source": "user_verified_list_2024", "method": "voronoi" }, "geometry": { "type": "Polygon", "coordinates": [ [ [ 74.303745484190102, 31.458063111827492 ], [ 74.310967447519815, 31.455168350448375 ], [ 74.309071694406299, 31.451254319783043 ], [ 74.306800017423299, 31.449677597202371 ], [ 74.304759116018275, 31.449510976820822 ], [ 74.303906376754568, 31.449776137826827 ], [ 74.30079745190929, 31.455716368738948 ], [ 74.303745484190102, 31.458063111827492 ] ] ] } },
{ "type": "Feature", "properties": { "name": "Ravi Road", "label": "Ravi Road", "dup_count": 1, "area_sqkm": 0.60896484727618649, "source": "user_verified_list_2024", "method": "voronoi" }, "geometry": { "type": "Polygon", "coordinates": [ [ [ 74.309946350163045, 31.572780932717158 ], [ 74.319545369784223, 31.571021963105562 ], [ 74.319547691221317, 31.571019580801057 ], [ 74.319802199424188, 31.569726990499522 ], [ 74.316363412227474, 31.565315483555974 ], [ 74.311701637286362, 31.564176200084887 ], [ 74.309215021157243, 31.57237887858431 ], [ 74.309946350163045, 31.572780932717158 ] ] ] } },
{ "type": "Feature", "properties": { "name": "PCSIR Society", "label": "PCSIR Society", "dup_count": 1, "area_sqkm": 0.41555767760190127, "source": "user_verified_list_2024", "method": "voronoi" }, "geometry": { "type": "Polygon", "coordinates": [ [ [ 74.307174858354387, 31.496799925467712 ], [ 74.305431894431408, 31.503624237115055 ], [ 74.308523849370985, 31.503863206209711 ], [ 74.312966466902353, 31.500964234739865 ], [ 74.312832492133523, 31.497226170862294 ], [ 74.310300021378168, 31.496934548191792 ], [ 74.307175515263694, 31.496799589953067 ], [ 74.307174858354387, 31.496799925467712 ] ] ] } },
{ "type": "Feature", "properties": { "name": "LDA Avenue", "label": "LDA Avenue", "dup_count": 1, "area_sqkm": 0.45770701156600468, "source": "user_verified_list_2024", "method": "voronoi" }, "geometry": { "type": "Polygon", "coordinates": [ [ [ 74.300127727821959, 31.441559054005861 ], [ 74.30220661360984, 31.441389297895103 ], [ 74.305692611262018, 31.439925046605591 ], [ 74.308182570494992, 31.437362490824977 ], [ 74.308450633245911, 31.436705619533182 ], [ 74.307139448216745, 31.435299926149398 ], [ 74.29891135902092, 31.435299940716376 ], [ 74.300127727821959, 31.441559054005861 ] ] ] } },
{ "type": "Feature", "properties": { "name": "Muhafiz Town", "label": "Muhafiz Town", "dup_count": 1, "area_sqkm": 0.8227380668070029, "source": "user_verified_list_2024", "method": "voronoi" }, "geometry": { "type": "Polygon", "coordinates": [ [ [ 74.301793352863243, 31.461649045484194 ], [ 74.306820010448661, 31.466080829544357 ], [ 74.307028094944855, 31.466015315595673 ], [ 74.314751213975185, 31.45844934152159 ], [ 74.314243662996546, 31.456464652173395 ], [ 74.310967447519815, 31.455168350448375 ], [ 74.303745484190102, 31.458063111827492 ], [ 74.301793352863243, 31.461649045484194 ] ] ] } },
{ "type": "Feature", "properties": { "name": "Mamdoot Block", "label": "Mamdoot Block", "dup_count": 1, "area_sqkm": 0.48895794517291791, "source": "user_verified_list_2024", "method": "voronoi" }, "geometry": { "type": "Polygon", "coordinates": [ [ [ 74.304800017801355, 31.51874002374764 ], [ 74.311849983205278, 31.518538436005645 ], [ 74.31377129744908, 31.517531769267791 ], [ 74.310673773501051, 31.5122275117978 ], [ 74.308926258245492, 31.511372453146926 ], [ 74.304800005441507, 31.514400857953156 ], [ 74.304800017801355, 31.51874002374764 ] ] ] } },
{ "type": "Feature", "properties": { "name": "Data Nagar", "label": "Data Nagar", "dup_count": 1, "area_sqkm": 0.5971594965850362, "source": "user_verified_list_2024", "method": "voronoi" }, "geometry": { "type": "Polygon", "coordinates": [ [ [ 74.298146313369173, 31.586390982066703 ], [ 74.312157950021373, 31.584787254847789 ], [ 74.313498350887826, 31.583215654627576 ], [ 74.311759508900479, 31.580412234009817 ], [ 74.301092394333892, 31.581833316244552 ], [ 74.298146313369173, 31.586390982066703 ] ] ] } },
{ "type": "Feature", "properties": { "name": "Shahi Qila", "label": "Shahi Qila", "dup_count": 1, "area_sqkm": 2.4424441749367602, "source": "official_uc_pdf", "method": "voronoi" }, "geometry": { "type": "Polygon", "coordinates": [ [ [ 74.291113727774956, 31.592192704943695 ], [ 74.306741593203697, 31.59796655971429 ], [ 74.319142166098274, 31.596301002862372 ], [ 74.312157950021373, 31.584787254847789 ], [ 74.298146313369173, 31.586390982066703 ], [ 74.291113727774956, 31.592192704943695 ] ] ] } },
{ "type": "Feature", "properties": { "name": "Raza Block", "label": "Raza Block", "dup_count": 1, "area_sqkm": 0.2337507380966366, "source": "user_verified_list_2024", "method": "voronoi" }, "geometry": { "type": "Polygon", "coordinates": [ [ [ 74.308926258245492, 31.511372453146926 ], [ 74.310673773501051, 31.5122275117978 ], [ 74.316115437253501, 31.508233466617082 ], [ 74.31080000339837, 31.50693297837762 ], [ 74.308800005446201, 31.508401000691872 ], [ 74.308800009787532, 31.511156245249502 ], [ 74.308926258245492, 31.511372453146926 ] ] ] } },
{ "type": "Feature", "properties": { "name": "Ali Block", "label": "Ali Block", "dup_count": 1, "area_sqkm": 0.32098087142530368, "source": "user_verified_list_2024", "method": "voronoi" }, "geometry": { "type": "Polygon", "coordinates": [ [ [ 74.306162126976901, 31.491591264708291 ], [ 74.310300004167743, 31.489565691080276 ], [ 74.310827631922862, 31.489178247091004 ], [ 74.31205660339802, 31.483763375375059 ], [ 74.309704405073333, 31.484799905502232 ], [ 74.303626064026886, 31.489263502205379 ], [ 74.306162126976901, 31.491591264708291 ] ] ] } },
{ "type": "Feature", "properties": { "name": "Johar Town Block L", "label": "Johar Town Block L", "dup_count": 1, "area_sqkm": 0.34899959362169414, "source": "official_uc_pdf", "method": "voronoi" }, "geometry": { "type": "Polygon", "coordinates": [ [ [ 74.306800017423299, 31.449677597202371 ], [ 74.306800005667171, 31.44645372895679 ], [ 74.30220661360984, 31.441389297895103 ], [ 74.300127727821959, 31.441559054005861 ], [ 74.298579004399869, 31.442697444760356 ], [ 74.304759116018275, 31.449510976820822 ], [ 74.306800017423299, 31.449677597202371 ] ] ] } },
{ "type": "Feature", "properties": { "name": "Hanjarwal", "label": "Hanjarwal", "dup_count": 1, "area_sqkm": 1.0443677207631383, "source": "official_uc_pdf", "method": "voronoi" }, "geometry": { "type": "Polygon", "coordinates": [ [ [ 74.305357445065141, 31.470915886086264 ], [ 74.308060762109534, 31.476376565117008 ], [ 74.310979520168061, 31.477234059954245 ], [ 74.31967280388497, 31.47013887944113 ], [ 74.320403617636629, 31.46898844487751 ], [ 74.309711062587596, 31.466508154094424 ], [ 74.307028094944855, 31.466015315595673 ], [ 74.306820010448661, 31.466080829544357 ], [ 74.305357445065141, 31.470915886086264 ] ] ] } },
{ "type": "Feature", "properties": { "name": "Shahdara", "label": "Shahdara", "dup_count": 1, "area_sqkm": 4.970421866278337, "source": "manually_added_2024", "method": "voronoi" }, "geometry": { "type": "Polygon", "coordinates": [ [ [ 74.308888724941724, 31.618338739189262 ], [ 74.325841654889558, 31.619787697085219 ], [ 74.333117236400895, 31.60519545881488 ], [ 74.322497804803888, 31.596553917987997 ], [ 74.319142166098274, 31.596301002862372 ], [ 74.306741593203697, 31.59796655971429 ], [ 74.308888724941724, 31.618338739189262 ] ] ] } },
{ "type": "Feature", "properties": { "name": "New Mustafa Colony", "label": "New Mustafa Colony", "dup_count": 1, "area_sqkm": 0.36092819514938473, "source": "user_verified_list_2024", "method": "voronoi" }, "geometry": { "type": "Polygon", "coordinates": [ [ [ 74.306800017423299, 31.449677597202371 ], [ 74.309071694406299, 31.451254319783043 ], [ 74.314609868567842, 31.444470406282981 ], [ 74.313446467341436, 31.443799947951035 ], [ 74.309206999132286, 31.443799998796177 ], [ 74.306800005667171, 31.44645372895679 ], [ 74.306800017423299, 31.449677597202371 ] ] ] } },
{ "type": "Feature", "properties": { "name": "Johar Town Block M", "label": "Johar Town Block M", "dup_count": 1, "area_sqkm": 0.22803365753920962, "source": "official_uc_pdf", "method": "voronoi" }, "geometry": { "type": "Polygon", "coordinates": [ [ [ 74.306800005667171, 31.44645372895679 ], [ 74.309206999132286, 31.443799998796177 ], [ 74.305692611262018, 31.439925046605591 ], [ 74.30220661360984, 31.441389297895103 ], [ 74.306800005667171, 31.44645372895679 ] ] ] } },
{ "type": "Feature", "properties": { "name": "Rawari", "label": "Rawari", "dup_count": 1, "area_sqkm": 0.13113099674914988, "source": null, "method": "voronoi" }, "geometry": { "type": "Polygon", "coordinates": [ [ [ 74.310244134010759, 31.525928868254219 ], [ 74.310578985927421, 31.526091209654538 ], [ 74.314933416517619, 31.525626120583713 ], [ 74.316716080967282, 31.523469968586685 ], [ 74.310886579876325, 31.523469964520523 ], [ 74.310244134010759, 31.525928868254219 ] ] ] } },
{ "type": "Feature", "properties": { "name": "Kashmiri Bazaar", "label": "Kashmiri Bazaar", "dup_count": 1, "area_sqkm": 0.68018331434280177, "source": "official_uc_pdf", "method": "voronoi" }, "geometry": { "type": "Polygon", "coordinates": [ [ [ 74.314160077014634, 31.583054020001438 ], [ 74.313498350887826, 31.583215654627576 ], [ 74.312157950021373, 31.584787254847789 ], [ 74.319142166098274, 31.596301002862372 ], [ 74.322497804803888, 31.596553917987997 ], [ 74.322871822313132, 31.595034801247021 ], [ 74.317311181715937, 31.583752170099217 ], [ 74.314160077014634, 31.583054020001438 ] ] ] } },
{ "type": "Feature", "properties": { "name": "Rang Mahal Chowk", "label": "Rang Mahal Chowk", "dup_count": 1, "area_sqkm": 0.11009203174372809, "source": "official_uc_pdf", "method": "voronoi" }, "geometry": { "type": "Polygon", "coordinates": [ [ [ 74.317311181715937, 31.583752170099217 ], [ 74.3192729565164, 31.582649999058006 ], [ 74.31837023738224, 31.580476337041834 ], [ 74.315474893022298, 31.581183618145481 ], [ 74.314160077014634, 31.583054020001438 ], [ 74.317311181715937, 31.583752170099217 ] ] ] } },
{ "type": "Feature", "properties": { "name": "Asif Block", "label": "Asif Block", "dup_count": 1, "area_sqkm": 0.24694715722707358, "source": "user_verified_list_2024", "method": "voronoi" }, "geometry": { "type": "Polygon", "coordinates": [ [ [ 74.307175515263694, 31.496799589953067 ], [ 74.310300021378168, 31.496934548191792 ], [ 74.310300004167743, 31.489565691080276 ], [ 74.306162126976901, 31.491591264708291 ], [ 74.307175515263694, 31.496799589953067 ] ] ] } },
{ "type": "Feature", "properties": { "name": "Band Road", "label": "Band Road", "dup_count": 1, "area_sqkm": 0.20563978881283265, "source": "user_verified_list_2024", "method": "voronoi" }, "geometry": { "type": "Polygon", "coordinates": [ [ [ 74.31205660339802, 31.483763375375059 ], [ 74.310827631922862, 31.489178247091004 ], [ 74.314300008414506, 31.493002770865026 ], [ 74.314300008415444, 31.486596980617477 ], [ 74.312236136612981, 31.483565600563569 ], [ 74.31205660339802, 31.483763375375059 ] ] ] } },
{ "type": "Feature", "properties": { "name": "Sultan Pura", "label": "Sultan Pura", "dup_count": 1, "area_sqkm": 0.18701733256511785, "source": "official_uc_pdf", "method": "voronoi" }, "geometry": { "type": "Polygon", "coordinates": [ [ [ 74.315765387581393, 31.577474427046578 ], [ 74.317968745587862, 31.574809837905164 ], [ 74.310195462436894, 31.573100479483188 ], [ 74.312485703624944, 31.576849440416378 ], [ 74.315765387581393, 31.577474427046578 ] ] ] } },
{ "type": "Feature", "properties": { "name": "PCSIR Housing Scheme", "label": "PCSIR Housing Scheme", "dup_count": 1, "area_sqkm": 0.12444318060679192, "source": "user_verified_list_2024", "method": "voronoi" }, "geometry": { "type": "Polygon", "coordinates": [ [ [ 74.310800002421573, 31.505534046915738 ], [ 74.3139811387218, 31.503198866587056 ], [ 74.312966466902353, 31.500964234739865 ], [ 74.308523849370985, 31.503863206209711 ], [ 74.310800002421573, 31.505534046915738 ] ] ] } },
{ "type": "Feature", "properties": { "name": "Garden Block", "label": "Garden Block", "dup_count": 1, "area_sqkm": 0.29612629064487928, "source": "user_verified_list_2024", "method": "voronoi" }, "geometry": { "type": "Polygon", "coordinates": [ [ [ 74.310300021378168, 31.496934548191792 ], [ 74.312832492133523, 31.497226170862294 ], [ 74.316173789363447, 31.495754261165363 ], [ 74.314300008414506, 31.493002770865026 ], [ 74.310827631922862, 31.489178247091004 ], [ 74.310300004167743, 31.489565691080276 ], [ 74.310300021378168, 31.496934548191792 ] ] ] } },
{ "type": "Feature", "properties": { "name": "Johar Town Block N", "label": "Johar Town Block N", "dup_count": 1, "area_sqkm": 0.25869232859104302, "source": "official_uc_pdf", "method": "voronoi" }, "geometry": { "type": "Polygon", "coordinates": [ [ [ 74.305692611262018, 31.439925046605591 ], [ 74.309206999132286, 31.443799998796177 ], [ 74.313446467341436, 31.443799947951035 ], [ 74.312719259655651, 31.442364844379867 ], [ 74.308182570494992, 31.437362490824977 ], [ 74.305692611262018, 31.439925046605591 ] ] ] } },
{ "type": "Feature", "properties": { "name": "Wafaqi Colony", "label": "Wafaqi Colony", "dup_count": 1, "area_sqkm": 1.7155546809772377, "source": "user_verified_list_2024", "method": "voronoi" }, "geometry": { "type": "Polygon", "coordinates": [ [ [ 74.310967447519815, 31.455168350448375 ], [ 74.314243662996546, 31.456464652173395 ], [ 74.332218490743102, 31.446232949010493 ], [ 74.328981766178416, 31.443773487552281 ], [ 74.314609868567842, 31.444470406282981 ], [ 74.309071694406299, 31.451254319783043 ], [ 74.310967447519815, 31.455168350448375 ] ] ] } },
{ "type": "Feature", "properties": { "name": "Amin Park", "label": "Amin Park", "dup_count": 1, "area_sqkm": 0.59720325005638697, "source": "user_verified_list_2024", "method": "voronoi" }, "geometry": { "type": "Polygon", "coordinates": [ [ [ 74.311701637286362, 31.564176200084887 ], [ 74.316363412227474, 31.565315483555974 ], [ 74.323362788425584, 31.561210301930835 ], [ 74.321298659204288, 31.555967308960312 ], [ 74.320391630039978, 31.556299877049085 ], [ 74.310945370079764, 31.563225728510005 ], [ 74.311701637286362, 31.564176200084887 ] ] ] } },
{ "type": "Feature", "properties": { "name": "Karim Park", "label": "Karim Park", "dup_count": 1, "area_sqkm": 0.39211366970501293, "source": "user_verified_list_2024", "method": "voronoi" }, "geometry": { "type": "Polygon", "coordinates": [ [ [ 74.310945370079764, 31.563225728510005 ], [ 74.320391630039978, 31.556299877049085 ], [ 74.310300013768341, 31.556299920405433 ], [ 74.310300032087653, 31.562799921408374 ], [ 74.310945370079764, 31.563225728510005 ] ] ] } },
{ "type": "Feature", "properties": { "name": "Narianwala", "label": "Narianwala", "dup_count": 1, "area_sqkm": 0.36327999832305591, "source": null, "method": "voronoi" }, "geometry": { "type": "Polygon", "coordinates": [ [ [ 74.310886579876325, 31.523469964520523 ], [ 74.316716080967282, 31.523469968586685 ], [ 74.317260822430427, 31.522885767407988 ], [ 74.317757269890279, 31.517762589160949 ], [ 74.31377129744908, 31.517531769267791 ], [ 74.311849983205278, 31.518538436005645 ], [ 74.310886579876325, 31.523469964520523 ] ] ] } },
{ "type": "Feature", "properties": { "name": "PCSIR Housing Society", "label": "PCSIR Housing Society", "dup_count": 1, "area_sqkm": 0.23736740721173699, "source": "user_verified_list_2024", "method": "voronoi" }, "geometry": { "type": "Polygon", "coordinates": [ [ [ 74.31080000339837, 31.50693297837762 ], [ 74.316115437253501, 31.508233466617082 ], [ 74.31808750377165, 31.507750912032506 ], [ 74.317512586549242, 31.505791148960597 ], [ 74.3139811387218, 31.503198866587056 ], [ 74.310800002421573, 31.505534046915738 ], [ 74.31080000339837, 31.50693297837762 ] ] ] } },
{ "type": "Feature", "properties": { "name": "Sanda Khurd", "label": "Sanda Khurd", "dup_count": 1, "area_sqkm": 0.20057629952151457, "source": "user_verified_list_2024", "method": "voronoi" }, "geometry": { "type": "Polygon", "coordinates": [ [ [ 74.309946350163045, 31.572780932717158 ], [ 74.310195462436894, 31.573100479483188 ], [ 74.317968745587862, 31.574809837905164 ], [ 74.31882713075855, 31.574180674566747 ], [ 74.319545369784223, 31.571021963105562 ], [ 74.309946350163045, 31.572780932717158 ] ] ] } },
{ "type": "Feature", "properties": { "name": "Alpha Co Operative", "label": "Alpha Co Operative", "dup_count": 1, "area_sqkm": 0.45465550447889225, "source": "user_verified_list_2024", "method": "voronoi" }, "geometry": { "type": "Polygon", "coordinates": [ [ [ 74.312832492133523, 31.497226170862294 ], [ 74.312966466902353, 31.500964234739865 ], [ 74.3139811387218, 31.503198866587056 ], [ 74.317512586549242, 31.505791148960597 ], [ 74.318300006971327, 31.504444299418697 ], [ 74.318300033400178, 31.495494054066626 ], [ 74.316173789363447, 31.495754261165363 ], [ 74.312832492133523, 31.497226170862294 ] ] ] } },
{ "type": "Feature", "properties": { "name": "Samanabad Block E", "label": "Samanabad Block E", "dup_count": 1, "area_sqkm": 0.23560298463614202, "source": "official_uc_pdf", "method": "voronoi" }, "geometry": { "type": "Polygon", "coordinates": [ [ [ 74.313060604960256, 31.530369954644716 ], [ 74.316545780353252, 31.530216535247511 ], [ 74.317941435930962, 31.528936599407071 ], [ 74.314933416517619, 31.525626120583713 ], [ 74.310578985927421, 31.526091209654538 ], [ 74.313060604960256, 31.530369954644716 ] ] ] } },
{ "type": "Feature", "properties": { "name": "Rewaz Garden", "label": "Rewaz Garden", "dup_count": 1, "area_sqkm": 0.84209275176610787, "source": "user_verified_list_2024", "method": "voronoi" }, "geometry": { "type": "Polygon", "coordinates": [ [ [ 74.310300013768341, 31.556299920405433 ], [ 74.320391630039978, 31.556299877049085 ], [ 74.321298659204288, 31.555967308960312 ], [ 74.321500470849585, 31.555380018818475 ], [ 74.308391845863866, 31.545766726062102 ], [ 74.305623915778867, 31.546012323085499 ], [ 74.310300013768341, 31.556299920405433 ] ] ] } },
{ "type": "Feature", "properties": { "name": "Gumti Bazaar", "label": "Gumti Bazaar", "dup_count": 1, "area_sqkm": 0.54247972375487052, "source": "official_uc_pdf", "method": "voronoi" }, "geometry": { "type": "Polygon", "coordinates": [ [ [ 74.322871822313132, 31.595034801247021 ], [ 74.324900867990721, 31.590452985940114 ], [ 74.323765430668104, 31.583797219414567 ], [ 74.322800008086148, 31.582649964714726 ], [ 74.3192729565164, 31.582649999058006 ], [ 74.317311181715937, 31.583752170099217 ], [ 74.322871822313132, 31.595034801247021 ] ] ] } },
{ "type": "Feature", "properties": { "name": "Bhati Gate", "label": "Bhati Gate", "dup_count": 1, "area_sqkm": 0.075472856594228255, "source": "manually_added_2024", "method": "voronoi" }, "geometry": { "type": "Polygon", "coordinates": [ [ [ 74.315474893022298, 31.581183618145481 ], [ 74.31837023738224, 31.580476337041834 ], [ 74.318494016592396, 31.580158841279591 ], [ 74.317687860772054, 31.578312540760624 ], [ 74.315829395156271, 31.577546358653009 ], [ 74.315474893022298, 31.581183618145481 ] ] ] } },
{ "type": "Feature", "properties": { "name": "Sanda Kalan", "label": "Sanda Kalan", "dup_count": 1, "area_sqkm": 0.12457678559672747, "source": "user_verified_list_2024", "method": "voronoi" }, "geometry": { "type": "Polygon", "coordinates": [ [ [ 74.317968745587862, 31.574809837905164 ], [ 74.315765387581393, 31.577474427046578 ], [ 74.315829395156271, 31.577546358653009 ], [ 74.317687860772054, 31.578312540760624 ], [ 74.320800002944651, 31.577647279889323 ], [ 74.320800002655275, 31.57739936608079 ], [ 74.319845206829598, 31.575299984967234 ], [ 74.31882713075855, 31.574180674566747 ], [ 74.317968745587862, 31.574809837905164 ] ] ] } },
{ "type": "Feature", "properties": { "name": "Usman Ganj", "label": "Usman Ganj", "dup_count": 1, "area_sqkm": 0.13228619091205801, "source": "user_verified_list_2024", "method": "voronoi" }, "geometry": { "type": "Polygon", "coordinates": [ [ [ 74.319845206829598, 31.575299984967234 ], [ 74.32254967959841, 31.575299997798442 ], [ 74.323114574653303, 31.573892258694602 ], [ 74.322561734045621, 31.572676598627091 ], [ 74.319547691221317, 31.571019580801057 ], [ 74.319545369784223, 31.571021963105562 ], [ 74.31882713075855, 31.574180674566747 ], [ 74.319845206829598, 31.575299984967234 ] ] ] } },
{ "type": "Feature", "properties": { "name": "Gulshan Block", "label": "Gulshan Block", "dup_count": 1, "area_sqkm": 0.84557254889339317, "source": "user_verified_list_2024", "method": "voronoi" }, "geometry": { "type": "Polygon", "coordinates": [ [ [ 74.314300008415444, 31.486596980617477 ], [ 74.321491411370118, 31.494517675621534 ], [ 74.32642181410661, 31.494000330645825 ], [ 74.326213510890724, 31.493388582251214 ], [ 74.318691084586149, 31.482665827872918 ], [ 74.313126811527368, 31.481439718368552 ], [ 74.312236136612981, 31.483565600563569 ], [ 74.314300008415444, 31.486596980617477 ] ] ] } },
{ "type": "Feature", "properties": { "name": "Madina Colony", "label": "Madina Colony", "dup_count": 1, "area_sqkm": 0.17349862753623366, "source": "user_verified_list_2024", "method": "voronoi" }, "geometry": { "type": "Polygon", "coordinates": [ [ [ 74.311044804591631, 31.532834723808612 ], [ 74.314475757137316, 31.534764411253761 ], [ 74.316964554913241, 31.531660539555375 ], [ 74.316545780353252, 31.530216535247511 ], [ 74.313060604960256, 31.530369954644716 ], [ 74.311044804591631, 31.532834723808612 ] ] ] } },
{ "type": "Feature", "properties": { "name": "Nizam Block", "label": "Nizam Block", "dup_count": 1, "area_sqkm": 0.34033153680690592, "source": "user_verified_list_2024", "method": "voronoi" }, "geometry": { "type": "Polygon", "coordinates": [ [ [ 74.316173789363447, 31.495754261165363 ], [ 74.318300033400178, 31.495494054066626 ], [ 74.321491411370118, 31.494517675621534 ], [ 74.314300008415444, 31.486596980617477 ], [ 74.314300008414506, 31.493002770865026 ], [ 74.316173789363447, 31.495754261165363 ] ] ] } },
{ "type": "Feature", "properties": { "name": "Sutlej Block", "label": "Sutlej Block", "dup_count": 1, "area_sqkm": 0.64734839777026654, "source": "user_verified_list_2024", "method": "voronoi" }, "geometry": { "type": "Polygon", "coordinates": [ [ [ 74.31377129744908, 31.517531769267791 ], [ 74.317757269890279, 31.517762589160949 ], [ 74.317802071012139, 31.51774697229127 ], [ 74.320385225606387, 31.509215680143928 ], [ 74.31808750377165, 31.507750912032506 ], [ 74.316115437253501, 31.508233466617082 ], [ 74.310673773501051, 31.5122275117978 ], [ 74.31377129744908, 31.517531769267791 ] ] ] } },
{ "type": "Feature", "properties": { "name": "Samanabad Block F", "label": "Samanabad Block F", "dup_count": 1, "area_sqkm": 0.195938702237729, "source": "official_uc_pdf", "method": "voronoi" }, "geometry": { "type": "Polygon", "coordinates": [ [ [ 74.314933416517619, 31.525626120583713 ], [ 74.317941435930962, 31.528936599407071 ], [ 74.319058543624706, 31.52866339960385 ], [ 74.320941371637005, 31.526936621039731 ], [ 74.317260822430427, 31.522885767407988 ], [ 74.316716080967282, 31.523469968586685 ], [ 74.314933416517619, 31.525626120583713 ] ] ] } },
{ "type": "Feature", "properties": { "name": "Iqbal Ave Housing Society", "label": "Iqbal Ave Housing Society", "dup_count": 1, "area_sqkm": 0.46664752653902764, "source": "user_verified_list_2024", "method": "voronoi" }, "geometry": { "type": "Polygon", "coordinates": [ [ [ 74.320403617636629, 31.46898844487751 ], [ 74.321732190026793, 31.467741292914894 ], [ 74.316810071145881, 31.461292388489337 ], [ 74.309711062587596, 31.466508154094424 ], [ 74.320403617636629, 31.46898844487751 ] ] ] } },
{ "type": "Feature", "properties": { "name": "Ahata Thanadar", "label": "Ahata Thanadar", "dup_count": 1, "area_sqkm": 2.9856897033932821, "source": null, "method": "voronoi" }, "geometry": { "type": "Polygon", "coordinates": [ [ [ 74.322497804803888, 31.596553917987997 ], [ 74.333117236400895, 31.60519545881488 ], [ 74.341845937889858, 31.602504680170853 ], [ 74.341525951061129, 31.588788816947275 ], [ 74.33542590812263, 31.58407942894522 ], [ 74.331142439393545, 31.585760854976161 ], [ 74.324900867990721, 31.590452985940114 ], [ 74.322871822313132, 31.595034801247021 ], [ 74.322497804803888, 31.596553917987997 ] ] ] } },
{ "type": "Feature", "properties": { "name": "Faisal Town", "label": "Faisal Town", "dup_count": 1, "area_sqkm": 3.5047919372147947, "source": "manually_added_2024", "method": "voronoi" }, "geometry": { "type": "Polygon", "coordinates": [ [ [ 74.314751213975185, 31.45844934152159 ], [ 74.316810071145881, 31.461292388489337 ], [ 74.321732190026793, 31.467741292914894 ], [ 74.329024587092718, 31.466752661354594 ], [ 74.342773751684916, 31.44912389793312 ], [ 74.332218490743102, 31.446232949010493 ], [ 74.314243662996546, 31.456464652173395 ], [ 74.314751213975185, 31.45844934152159 ] ] ] } },
{ "type": "Feature", "properties": { "name": "Iqbal Avenue", "label": "Iqbal Avenue", "dup_count": 1, "area_sqkm": 0.29152062650568622, "source": "user_verified_list_2024", "method": "voronoi" }, "geometry": { "type": "Polygon", "coordinates": [ [ [ 74.307028094944855, 31.466015315595673 ], [ 74.309711062587596, 31.466508154094424 ], [ 74.316810071145881, 31.461292388489337 ], [ 74.314751213975185, 31.45844934152159 ], [ 74.307028094944855, 31.466015315595673 ] ] ] } },
{ "type": "Feature", "properties": { "name": "Tariq Garden", "label": "Tariq Garden", "dup_count": 1, "area_sqkm": 1.2181596814693632, "source": "user_verified_list_2024", "method": "voronoi" }, "geometry": { "type": "Polygon", "coordinates": [ [ [ 74.30528298482885, 31.429992053911036 ], [ 74.307139448216745, 31.435299926149398 ], [ 74.308450633245911, 31.436705619533182 ], [ 74.315242973028901, 31.434785044748281 ], [ 74.317354093067124, 31.433941351289931 ], [ 74.315263038078967, 31.425229037154011 ], [ 74.313061031761336, 31.423797535315646 ], [ 74.307074701307229, 31.424243356295626 ], [ 74.30528298482885, 31.429992053911036 ] ] ] } },
{ "type": "Feature", "properties": { "name": "Samanabad Block B", "label": "Samanabad Block B", "dup_count": 1, "area_sqkm": 0.19643311147249207, "source": "official_uc_pdf", "method": "voronoi" }, "geometry": { "type": "Polygon", "coordinates": [ [ [ 74.316356444707097, 31.537523593162366 ], [ 74.320700100604512, 31.535771109607484 ], [ 74.316964554913241, 31.531660539555375 ], [ 74.314475757137316, 31.534764411253761 ], [ 74.316356444707097, 31.537523593162366 ] ] ] } },
{ "type": "Feature", "properties": { "name": "Kir Kalan", "label": "Kir Kalan", "dup_count": 1, "area_sqkm": 1.1214649304341815, "source": null, "method": "voronoi" }, "geometry": { "type": "Polygon", "coordinates": [ [ [ 74.315242973028901, 31.434785044748281 ], [ 74.312719259655651, 31.442364844379867 ], [ 74.313446467341436, 31.443799947951035 ], [ 74.314609868567842, 31.444470406282981 ], [ 74.328981766178416, 31.443773487552281 ], [ 74.326293216011976, 31.439653012397724 ], [ 74.317354093067124, 31.433941351289931 ], [ 74.315242973028901, 31.434785044748281 ] ] ] } },
{ "type": "Feature", "properties": { "name": "Shaikh Zayed Hospital", "label": "Shaikh Zayed Hospital", "dup_count": 1, "area_sqkm": 1.0429071645470867, "source": "user_verified_list_2024", "method": "voronoi" }, "geometry": { "type": "Polygon", "coordinates": [ [ [ 74.313126811527368, 31.481439718368552 ], [ 74.318691084586149, 31.482665827872918 ], [ 74.320330017812651, 31.482009322916266 ], [ 74.323861091934376, 31.480280442852795 ], [ 74.324261409532809, 31.478565323403764 ], [ 74.31967280388497, 31.47013887944113 ], [ 74.310979520168061, 31.477234059954245 ], [ 74.313126811527368, 31.481439718368552 ] ] ] } },
{ "type": "Feature", "properties": { "name": "Johar Town Block P", "label": "Johar Town Block P", "dup_count": 1, "area_sqkm": 0.27004574579099072, "source": "official_uc_pdf", "method": "voronoi" }, "geometry": { "type": "Polygon", "coordinates": [ [ [ 74.308182570494992, 31.437362490824977 ], [ 74.312719259655651, 31.442364844379867 ], [ 74.315242973028901, 31.434785044748281 ], [ 74.308450633245911, 31.436705619533182 ], [ 74.308182570494992, 31.437362490824977 ] ] ] } },
{ "type": "Feature", "properties": { "name": "Samanabad Block C", "label": "Samanabad Block C", "dup_count": 1, "area_sqkm": 0.29915834568233451, "source": "official_uc_pdf", "method": "voronoi" }, "geometry": { "type": "Polygon", "coordinates": [ [ [ 74.316964554913241, 31.531660539555375 ], [ 74.320700100604512, 31.535771109607484 ], [ 74.323701665196282, 31.535688479957301 ], [ 74.324230959982842, 31.534355375212336 ], [ 74.319058543624706, 31.52866339960385 ], [ 74.317941435930962, 31.528936599407071 ], [ 74.316545780353252, 31.530216535247511 ], [ 74.316964554913241, 31.531660539555375 ] ] ] } },
{ "type": "Feature", "properties": { "name": "Qainchi", "label": "Qainchi", "dup_count": 1, "area_sqkm": 1.0973350768358283, "source": "official_uc_pdf", "method": "voronoi" }, "geometry": { "type": "Polygon", "coordinates": [ [ [ 74.308391845863866, 31.545766726062102 ], [ 74.321500470849585, 31.555380018818475 ], [ 74.324945451903048, 31.553007935371937 ], [ 74.32598763580819, 31.549977269590471 ], [ 74.324178973019244, 31.546661231515355 ], [ 74.320118548468898, 31.544800000708133 ], [ 74.310920850579137, 31.544799690891018 ], [ 74.308391845863866, 31.545766726062102 ] ] ] } },
{ "type": "Feature", "properties": { "name": "Makkah Colony", "label": "Makkah Colony", "dup_count": 1, "area_sqkm": 0.7582456992539951, "source": "user_verified_list_2024", "method": "voronoi" }, "geometry": { "type": "Polygon", "coordinates": [ [ [ 74.310920850579137, 31.544799690891018 ], [ 74.320118548468898, 31.544800000708133 ], [ 74.324471488374002, 31.536817913376371 ], [ 74.323701665196282, 31.535688479957301 ], [ 74.320700100604512, 31.535771109607484 ], [ 74.316356444707097, 31.537523593162366 ], [ 74.310920850579137, 31.544799690891018 ] ] ] } },
{ "type": "Feature", "properties": { "name": "Gawal Mandi", "label": "Gawal Mandi", "dup_count": 1, "area_sqkm": 0.03870390110852779, "source": "user_verified_list_2024", "method": "voronoi" }, "geometry": { "type": "Polygon", "coordinates": [ [ [ 74.320800002655275, 31.57739936608079 ], [ 74.322803020771744, 31.575931320025333 ], [ 74.32254967959841, 31.575299997798442 ], [ 74.319845206829598, 31.575299984967234 ], [ 74.320800002655275, 31.57739936608079 ] ] ] } },
{ "type": "Feature", "properties": { "name": "Sootar Mandi", "label": "Sootar Mandi", "dup_count": 1, "area_sqkm": 0.080318638117792288, "source": "official_uc_pdf", "method": "voronoi" }, "geometry": { "type": "Polygon", "coordinates": [ [ [ 74.318494016592396, 31.580158841279591 ], [ 74.322139502538008, 31.579657885840653 ], [ 74.322156083482611, 31.579013836671979 ], [ 74.320800002944651, 31.577647279889323 ], [ 74.317687860772054, 31.578312540760624 ], [ 74.318494016592396, 31.580158841279591 ] ] ] } },
{ "type": "Feature", "properties": { "name": "Sukh Chain Society", "label": "Sukh Chain Society", "dup_count": 1, "area_sqkm": 2.2309571159922048, "source": "user_verified_list_2024", "method": "voronoi" }, "geometry": { "type": "Polygon", "coordinates": [ [ [ 74.306168844678581, 31.408229510019233 ], [ 74.316194250386559, 31.412498843214998 ], [ 74.321258554817547, 31.410756616988092 ], [ 74.326879120004506, 31.405744549569039 ], [ 74.315998070815922, 31.395096212348509 ], [ 74.313335545068497, 31.394140982467071 ], [ 74.306168844678581, 31.408229510019233 ] ] ] } },
{ "type": "Feature", "properties": { "name": "Jhedu", "label": "Jhedu", "dup_count": 1, "area_sqkm": 5.0149285784941515, "source": null, "method": "voronoi" }, "geometry": { "type": "Polygon", "coordinates": [ [ [ 74.298512746957883, 31.349691522128186 ], [ 74.319814725727483, 31.357247845252882 ], [ 74.333362295555617, 31.34169581287258 ], [ 74.305346058314299, 31.335589612279815 ], [ 74.29574127808111, 31.344441941064186 ], [ 74.298512746957883, 31.349691522128186 ] ] ] } },
{ "type": "Feature", "properties": { "name": "Badami Bagh", "label": "Badami Bagh", "dup_count": 1, "area_sqkm": 0.11371646213285104, "source": "user_verified_list_2024", "method": "voronoi" }, "geometry": { "type": "Polygon", "coordinates": [ [ [ 74.322139502538008, 31.579657885840653 ], [ 74.318494016592396, 31.580158841279591 ], [ 74.31837023738224, 31.580476337041834 ], [ 74.3192729565164, 31.582649999058006 ], [ 74.322800008086148, 31.582649964714726 ], [ 74.322800005503126, 31.581271402375283 ], [ 74.322139502538008, 31.579657885840653 ] ] ] } },
{ "type": "Feature", "properties": { "name": "Farooq Gunj", "label": "Farooq Gunj", "dup_count": 1, "area_sqkm": 0.1159724330639806, "source": "user_verified_list_2024", "method": "voronoi" }, "geometry": { "type": "Polygon", "coordinates": [ [ [ 74.322800008086148, 31.582649964714726 ], [ 74.323765430668104, 31.583797219414567 ], [ 74.326800002064132, 31.582149996143162 ], [ 74.326800002368174, 31.579317117963743 ], [ 74.322800005503126, 31.581271402375283 ], [ 74.322800008086148, 31.582649964714726 ] ] ] } },
{ "type": "Feature", "properties": { "name": "Samanabad Block G", "label": "Samanabad Block G", "dup_count": 1, "area_sqkm": 0.58919310401097258, "source": "official_uc_pdf", "method": "voronoi" }, "geometry": { "type": "Polygon", "coordinates": [ [ [ 74.317260822430427, 31.522885767407988 ], [ 74.320941371637005, 31.526936621039731 ], [ 74.327883618474459, 31.5252385732886 ], [ 74.323921379798975, 31.520412365548712 ], [ 74.319368621090817, 31.518126391260544 ], [ 74.317802071012139, 31.51774697229127 ], [ 74.317757269890279, 31.517762589160949 ], [ 74.317260822430427, 31.522885767407988 ] ] ] } },
{ "type": "Feature", "properties": { "name": "Gulshan-e-Ravi", "label": "Gulshan-e-Ravi", "dup_count": 1, "area_sqkm": 0.70604653815539953, "source": "manually_added_2024", "method": "voronoi" }, "geometry": { "type": "Polygon", "coordinates": [ [ [ 74.321298659204288, 31.555967308960312 ], [ 74.323362788425584, 31.561210301930835 ], [ 74.326562172708023, 31.562924410891355 ], [ 74.328540406526642, 31.562880014881266 ], [ 74.332209613539632, 31.556827029293878 ], [ 74.324945451903048, 31.553007935371937 ], [ 74.321500470849585, 31.555380018818475 ], [ 74.321298659204288, 31.555967308960312 ] ] ] } },
{ "type": "Feature", "properties": { "name": "Davisabad", "label": "Davisabad", "dup_count": 1, "area_sqkm": 0.30306817331157337, "source": null, "method": "voronoi" }, "geometry": { "type": "Polygon", "coordinates": [ [ [ 74.317512586549242, 31.505791148960597 ], [ 74.31808750377165, 31.507750912032506 ], [ 74.320385225606387, 31.509215680143928 ], [ 74.324051209759062, 31.508637346077755 ], [ 74.325215993898951, 31.507535794111075 ], [ 74.321688194150525, 31.503795370222416 ], [ 74.319648089918317, 31.503558891043287 ], [ 74.318300006971327, 31.504444299418697 ], [ 74.317512586549242, 31.505791148960597 ] ] ] } },
{ "type": "Feature", "properties": { "name": "Dheri", "label": "Dheri", "dup_count": 1, "area_sqkm": 1.4226275813415139, "source": null, "method": "voronoi" }, "geometry": { "type": "Polygon", "coordinates": [ [ [ 74.313061031761336, 31.423797535315646 ], [ 74.315263038078967, 31.425229037154011 ], [ 74.328175387236087, 31.423447146259871 ], [ 74.321258554817547, 31.410756616988092 ], [ 74.316194250386559, 31.412498843214998 ], [ 74.313061031761336, 31.423797535315646 ] ] ] } },
{ "type": "Feature", "properties": { "name": "Lohari Gate", "label": "Lohari Gate", "dup_count": 1, "area_sqkm": 0.045105893245495687, "source": "manually_added_2024", "method": "voronoi" }, "geometry": { "type": "Polygon", "coordinates": [ [ [ 74.322803020771744, 31.575931320025333 ], [ 74.325066193511148, 31.576705382685581 ], [ 74.324992505669812, 31.575085173616422 ], [ 74.323114574653303, 31.573892258694602 ], [ 74.32254967959841, 31.575299997798442 ], [ 74.322803020771744, 31.575931320025333 ] ] ] } },
{ "type": "Feature", "properties": { "name": "Bilal Gang", "label": "Bilal Gang", "dup_count": 1, "area_sqkm": 0.51533763028996638, "source": "user_verified_list_2024", "method": "voronoi" }, "geometry": { "type": "Polygon", "coordinates": [ [ [ 74.319802199424188, 31.569726990499522 ], [ 74.324202379521893, 31.568114266719121 ], [ 74.326562172708023, 31.562924410891355 ], [ 74.323362788425584, 31.561210301930835 ], [ 74.316363412227474, 31.565315483555974 ], [ 74.319802199424188, 31.569726990499522 ] ] ] } },
{ "type": "Feature", "properties": { "name": "Islam Pura", "label": "Islam Pura", "dup_count": 1, "area_sqkm": 0.29260074459374402, "source": "user_verified_list_2024", "method": "voronoi" }, "geometry": { "type": "Polygon", "coordinates": [ [ [ 74.324202379521893, 31.568114266719121 ], [ 74.326571673014058, 31.569799994237368 ], [ 74.327435801113623, 31.569799999654705 ], [ 74.329800002427476, 31.568066941332841 ], [ 74.329800010642401, 31.564600678137957 ], [ 74.329208594796441, 31.563299917296632 ], [ 74.328540406526642, 31.562880014881266 ], [ 74.326562172708023, 31.562924410891355 ], [ 74.324202379521893, 31.568114266719121 ] ] ] } },
{ "type": "Feature", "properties": { "name": "Doctors Society", "label": "Doctors Society", "dup_count": 1, "area_sqkm": 1.9140053864282629, "source": "user_verified_list_2024", "method": "voronoi" }, "geometry": { "type": "Polygon", "coordinates": [ [ [ 74.32642181410661, 31.494000330645825 ], [ 74.329027230111507, 31.495125534179557 ], [ 74.337925393201544, 31.490769975774306 ], [ 74.338316964964463, 31.490438213698965 ], [ 74.345068825994588, 31.481513245189142 ], [ 74.339826219827131, 31.479107071615182 ], [ 74.327890896088135, 31.482130224759203 ], [ 74.327030416607371, 31.485289872810334 ], [ 74.326213510890724, 31.493388582251214 ], [ 74.32642181410661, 31.494000330645825 ] ] ] } },
{ "type": "Feature", "properties": { "name": "Chah Miran", "label": "Chah Miran", "dup_count": 1, "area_sqkm": 0.23213543439994863, "source": "official_uc_pdf", "method": "voronoi" }, "geometry": { "type": "Polygon", "coordinates": [ [ [ 74.319802199424188, 31.569726990499522 ], [ 74.319547691221317, 31.571019580801057 ], [ 74.322561734045621, 31.572676598627091 ], [ 74.325928780183958, 31.572391840349674 ], [ 74.326571673014058, 31.569799994237368 ], [ 74.324202379521893, 31.568114266719121 ], [ 74.319802199424188, 31.569726990499522 ] ] ] } },
{ "type": "Feature", "properties": { "name": "Firozpur Road", "label": "Firozpur Road", "dup_count": 1, "area_sqkm": 0.68892300795380879, "source": "user_verified_list_2024", "method": "voronoi" }, "geometry": { "type": "Polygon", "coordinates": [ [ [ 74.329218841663618, 31.496532436045314 ], [ 74.329027230111507, 31.495125534179557 ], [ 74.32642181410661, 31.494000330645825 ], [ 74.321491411370118, 31.494517675621534 ], [ 74.318300033400178, 31.495494054066626 ], [ 74.318300006971327, 31.504444299418697 ], [ 74.319648089918317, 31.503558891043287 ], [ 74.329218841663618, 31.496532436045314 ] ] ] } },
{ "type": "Feature", "properties": { "name": "Jivanuna", "label": "Jivanuna", "dup_count": 1, "area_sqkm": 0.16091002687051967, "source": null, "method": "voronoi" }, "geometry": { "type": "Polygon", "coordinates": [ [ [ 74.319648089918317, 31.503558891043287 ], [ 74.321688194150525, 31.503795370222416 ], [ 74.32963760022659, 31.497959334314128 ], [ 74.329218841663618, 31.496532436045314 ], [ 74.319648089918317, 31.503558891043287 ] ] ] } },
{ "type": "Feature", "properties": { "name": "Samanabad Block D", "label": "Samanabad Block D", "dup_count": 1, "area_sqkm": 0.58523421785485608, "source": "official_uc_pdf", "method": "voronoi" }, "geometry": { "type": "Polygon", "coordinates": [ [ [ 74.324230959982842, 31.534355375212336 ], [ 74.329599989842578, 31.528604532373944 ], [ 74.330099074466176, 31.526169504109891 ], [ 74.327883618474459, 31.5252385732886 ], [ 74.320941371637005, 31.526936621039731 ], [ 74.319058543624706, 31.52866339960385 ], [ 74.324230959982842, 31.534355375212336 ] ] ] } },
{ "type": "Feature", "properties": { "name": "Mochi Gate Area", "label": "Mochi Gate Area", "dup_count": 1, "area_sqkm": 0.37030397310281882, "source": "official_uc_pdf", "method": "voronoi" }, "geometry": { "type": "Polygon", "coordinates": [ [ [ 74.324900867990721, 31.590452985940114 ], [ 74.331142439393545, 31.585760854976161 ], [ 74.328185945310295, 31.582149999494092 ], [ 74.326800002064132, 31.582149996143162 ], [ 74.323765430668104, 31.583797219414567 ], [ 74.324900867990721, 31.590452985940114 ] ] ] } },
{ "type": "Feature", "properties": { "name": "Punjab University", "label": "Punjab University", "dup_count": 1, "area_sqkm": 1.0823325263768457, "source": "user_verified_list_2024", "method": "voronoi" }, "geometry": { "type": "Polygon", "coordinates": [ [ [ 74.31967280388497, 31.47013887944113 ], [ 74.324261409532809, 31.478565323403764 ], [ 74.33401648082345, 31.474086900131478 ], [ 74.329024587092718, 31.466752661354594 ], [ 74.321732190026793, 31.467741292914894 ], [ 74.320403617636629, 31.46898844487751 ], [ 74.31967280388497, 31.47013887944113 ] ] ] } },
{ "type": "Feature", "properties": { "name": "Khuda Buksh Colony", "label": "Khuda Buksh Colony", "dup_count": 1, "area_sqkm": 0.50104675490396955, "source": "user_verified_list_2024", "method": "voronoi" }, "geometry": { "type": "Polygon", "coordinates": [ [ [ 74.320118548468898, 31.544800000708133 ], [ 74.324178973019244, 31.546661231515355 ], [ 74.329555833935984, 31.541731767994904 ], [ 74.325651940126079, 31.537436449006798 ], [ 74.324471488374002, 31.536817913376371 ], [ 74.320118548468898, 31.544800000708133 ] ] ] } },
{ "type": "Feature", "properties": { "name": "Jail Road", "label": "Jail Road", "dup_count": 1, "area_sqkm": 0.5098420226180963, "source": "user_verified_list_2024", "method": "voronoi" }, "geometry": { "type": "Polygon", "coordinates": [ [ [ 74.324471488374002, 31.536817913376371 ], [ 74.325651940126079, 31.537436449006798 ], [ 74.334195504556391, 31.535347402608092 ], [ 74.329599989842578, 31.528604532373944 ], [ 74.324230959982842, 31.534355375212336 ], [ 74.323701665196282, 31.535688479957301 ], [ 74.324471488374002, 31.536817913376371 ] ] ] } },
{ "type": "Feature", "properties": { "name": "Valencia Town Block A1", "label": "Valencia Town Block A1", "dup_count": 1, "area_sqkm": 0.073587191503050806, "source": "user_verified_list_2024", "method": "voronoi" }, "geometry": { "type": "Polygon", "coordinates": [ [ [ 74.323114574653303, 31.573892258694602 ], [ 74.324992505669812, 31.575085173616422 ], [ 74.326863706536216, 31.573419762617121 ], [ 74.325928780183958, 31.572391840349674 ], [ 74.322561734045621, 31.572676598627091 ], [ 74.323114574653303, 31.573892258694602 ] ] ] } },
{ "type": "Feature", "properties": { "name": "Tahat", "label": "Tahat", "dup_count": 1, "area_sqkm": 1.5674079266885161, "source": null, "method": "voronoi" }, "geometry": { "type": "Polygon", "coordinates": [ [ [ 74.317354093067124, 31.433941351289931 ], [ 74.326293216011976, 31.439653012397724 ], [ 74.32952341166154, 31.424295216791318 ], [ 74.32914358479502, 31.423712664192269 ], [ 74.328175387236087, 31.423447146259871 ], [ 74.315263038078967, 31.425229037154011 ], [ 74.317354093067124, 31.433941351289931 ] ] ] } },
{ "type": "Feature", "properties": { "name": "Wachowali", "label": "Wachowali", "dup_count": 1, "area_sqkm": 0.080410234587076954, "source": "official_uc_pdf", "method": "voronoi" }, "geometry": { "type": "Polygon", "coordinates": [ [ [ 74.326882757473996, 31.577624610893473 ], [ 74.327780495425785, 31.57367669425027 ], [ 74.326863706536216, 31.573419762617121 ], [ 74.324992505669812, 31.575085173616422 ], [ 74.325066193511148, 31.576705382685581 ], [ 74.325330182253424, 31.577152806278765 ], [ 74.326882757473996, 31.577624610893473 ] ] ] } },
{ "type": "Feature", "properties": { "name": "Nishtar Town", "label": "Nishtar Town", "dup_count": 1, "area_sqkm": 0.54810044167112493, "source": "official_uc_pdf", "method": "voronoi" }, "geometry": { "type": "Polygon", "coordinates": [ [ [ 74.317802071012139, 31.51774697229127 ], [ 74.319368621090817, 31.518126391260544 ], [ 74.327802602407914, 31.513226359956096 ], [ 74.324051209759062, 31.508637346077755 ], [ 74.320385225606387, 31.509215680143928 ], [ 74.317802071012139, 31.51774697229127 ] ] ] } },
{ "type": "Feature", "properties": { "name": "Valencia Town Block A2", "label": "Valencia Town Block A2", "dup_count": 1, "area_sqkm": 0.091465106770661858, "source": "user_verified_list_2024", "method": "voronoi" }, "geometry": { "type": "Polygon", "coordinates": [ [ [ 74.326863706536216, 31.573419762617121 ], [ 74.327780495425785, 31.57367669425027 ], [ 74.327866713814316, 31.573668154497202 ], [ 74.329482128830762, 31.571299999701655 ], [ 74.327435801113623, 31.569799999654705 ], [ 74.326571673014058, 31.569799994237368 ], [ 74.325928780183958, 31.572391840349674 ], [ 74.326863706536216, 31.573419762617121 ] ] ] } },
{ "type": "Feature", "properties": { "name": "Ferozpur Road", "label": "Ferozpur Road", "dup_count": 1, "area_sqkm": 0.43395052268042533, "source": "user_verified_list_2024", "method": "voronoi" }, "geometry": { "type": "Polygon", "coordinates": [ [ [ 74.325215993898951, 31.507535794111075 ], [ 74.330945100435372, 31.502278846333081 ], [ 74.32963760022659, 31.497959334314128 ], [ 74.321688194150525, 31.503795370222416 ], [ 74.325215993898951, 31.507535794111075 ] ] ] } },
{ "type": "Feature", "properties": { "name": "Qila Gujjar Singh", "label": "Qila Gujjar Singh", "dup_count": 1, "area_sqkm": 0.077662587108913564, "source": "user_verified_list_2024", "method": "voronoi" }, "geometry": { "type": "Polygon", "coordinates": [ [ [ 74.326800002064132, 31.582149996143162 ], [ 74.328185945310295, 31.582149999494092 ], [ 74.32880000104673, 31.581549996087432 ], [ 74.328800006046848, 31.578201853711683 ], [ 74.327616688411624, 31.578120039234996 ], [ 74.326800002368174, 31.579317117963743 ], [ 74.326800002064132, 31.582149996143162 ] ] ] } },
{ "type": "Feature", "properties": { "name": "Suparco Colony", "label": "Suparco Colony", "dup_count": 1, "area_sqkm": 1.6855099559364461, "source": "user_verified_list_2024", "method": "voronoi" }, "geometry": { "type": "Polygon", "coordinates": [ [ [ 74.329218841663618, 31.496532436045314 ], [ 74.32963760022659, 31.497959334314128 ], [ 74.330945100435372, 31.502278846333081 ], [ 74.335368269479076, 31.505400972194142 ], [ 74.340808043943397, 31.507730122981762 ], [ 74.345250369556979, 31.504469328248739 ], [ 74.345324718001663, 31.504351078634567 ], [ 74.337925393201544, 31.490769975774306 ], [ 74.329027230111507, 31.495125534179557 ], [ 74.329218841663618, 31.496532436045314 ] ] ] } },
{ "type": "Feature", "properties": { "name": "Model Town", "label": "Model Town", "dup_count": 1, "area_sqkm": 0.42087616716378157, "source": null, "method": "voronoi" }, "geometry": { "type": "Polygon", "coordinates": [ [ [ 74.326213510890724, 31.493388582251214 ], [ 74.327030416607371, 31.485289872810334 ], [ 74.320330017812651, 31.482009322916266 ], [ 74.318691084586149, 31.482665827872918 ], [ 74.326213510890724, 31.493388582251214 ] ] ] } },
{ "type": "Feature", "properties": { "name": "Chand Rai", "label": "Chand Rai", "dup_count": 1, "area_sqkm": 4.2808343234621571, "source": null, "method": "voronoi" }, "geometry": { "type": "Polygon", "coordinates": [ [ [ 74.328981766178416, 31.443773487552281 ], [ 74.332218490743102, 31.446232949010493 ], [ 74.342773751684916, 31.44912389793312 ], [ 74.348739748945377, 31.448344225998021 ], [ 74.349853783350724, 31.446484993581226 ], [ 74.347504459180271, 31.431916301530759 ], [ 74.32952341166154, 31.424295216791318 ], [ 74.326293216011976, 31.439653012397724 ], [ 74.328981766178416, 31.443773487552281 ] ] ] } },
{ "type": "Feature", "properties": { "name": "Ichra", "label": "Ichra", "dup_count": 1, "area_sqkm": 0.34877929205786634, "source": "manually_added_2024", "method": "voronoi" }, "geometry": { "type": "Polygon", "coordinates": [ [ [ 74.323921379798975, 31.520412365548712 ], [ 74.330099825436847, 31.51500634584611 ], [ 74.329180140331388, 31.513917204261503 ], [ 74.327802602407914, 31.513226359956096 ], [ 74.319368621090817, 31.518126391260544 ], [ 74.323921379798975, 31.520412365548712 ] ] ] } },
{ "type": "Feature", "properties": { "name": "Shah Alam Market", "label": "Shah Alam Market", "dup_count": 1, "area_sqkm": 0.11544421617542988, "source": "manually_added_2024", "method": "voronoi" }, "geometry": { "type": "Polygon", "coordinates": [ [ [ 74.327616688411624, 31.578120039234996 ], [ 74.328800006046848, 31.578201853711683 ], [ 74.329775224271188, 31.577999568492707 ], [ 74.330171990929841, 31.574606864321762 ], [ 74.327866713814316, 31.573668154497202 ], [ 74.327780495425785, 31.57367669425027 ], [ 74.326882757473996, 31.577624610893473 ], [ 74.327616688411624, 31.578120039234996 ] ] ] } },
{ "type": "Feature", "properties": { "name": "Garden Town", "label": "Garden Town", "dup_count": 1, "area_sqkm": 0.68799187155050578, "source": "manually_added_2024", "method": "voronoi" }, "geometry": { "type": "Polygon", "coordinates": [ [ [ 74.324051209759062, 31.508637346077755 ], [ 74.327802602407914, 31.513226359956096 ], [ 74.329180140331388, 31.513917204261503 ], [ 74.335368269479076, 31.505400972194142 ], [ 74.330945100435372, 31.502278846333081 ], [ 74.325215993898951, 31.507535794111075 ], [ 74.324051209759062, 31.508637346077755 ] ] ] } },
{ "type": "Feature", "properties": { "name": "Fort Villas", "label": "Fort Villas", "dup_count": 1, "area_sqkm": 0.4200378809134554, "source": "user_verified_list_2024", "method": "voronoi" }, "geometry": { "type": "Polygon", "coordinates": [ [ [ 74.32598763580819, 31.549977269590471 ], [ 74.326600748862774, 31.54987954544892 ], [ 74.333300007827873, 31.544966449679745 ], [ 74.333337843724024, 31.544897075480456 ], [ 74.332199212997622, 31.541974111627386 ], [ 74.329555833935984, 31.541731767994904 ], [ 74.324178973019244, 31.546661231515355 ], [ 74.32598763580819, 31.549977269590471 ] ] ] } },
{ "type": "Feature", "properties": { "name": "Jinnah Hospital", "label": "Jinnah Hospital", "dup_count": 1, "area_sqkm": 0.7945380722695089, "source": "user_verified_list_2024", "method": "voronoi" }, "geometry": { "type": "Polygon", "coordinates": [ [ [ 74.327883618474459, 31.5252385732886 ], [ 74.330099074466176, 31.526169504109891 ], [ 74.330275095945709, 31.526099964051006 ], [ 74.334595071062608, 31.523729565962306 ], [ 74.333578025120673, 31.516464947167339 ], [ 74.330099825436847, 31.51500634584611 ], [ 74.323921379798975, 31.520412365548712 ], [ 74.327883618474459, 31.5252385732886 ] ] ] } },
{ "type": "Feature", "properties": { "name": "Rang Mahal", "label": "Rang Mahal", "dup_count": 1, "area_sqkm": 0.17930955199361759, "source": "user_verified_list_2024", "method": "voronoi" }, "geometry": { "type": "Polygon", "coordinates": [ [ [ 74.32880000104673, 31.581549996087432 ], [ 74.335269005616595, 31.581549882255906 ], [ 74.335419521984463, 31.580336519126153 ], [ 74.33043922664524, 31.578194230544621 ], [ 74.329775224271188, 31.577999568492707 ], [ 74.328800006046848, 31.578201853711683 ], [ 74.32880000104673, 31.581549996087432 ] ] ] } },
{ "type": "Feature", "properties": { "name": "Mochi Gate", "label": "Mochi Gate", "dup_count": 1, "area_sqkm": 0.22398565711797533, "source": "manually_added_2024", "method": "voronoi" }, "geometry": { "type": "Polygon", "coordinates": [ [ [ 74.328185945310295, 31.582149999494092 ], [ 74.331142439393545, 31.585760854976161 ], [ 74.33542590812263, 31.58407942894522 ], [ 74.335269005616595, 31.581549882255906 ], [ 74.32880000104673, 31.581549996087432 ], [ 74.328185945310295, 31.582149999494092 ] ] ] } },
{ "type": "Feature", "properties": { "name": "Islampura", "label": "Islampura", "dup_count": 1, "area_sqkm": 3.9877047881774628, "source": null, "method": "voronoi" }, "geometry": { "type": "Polygon", "coordinates": [ [ [ 74.320476775077097, 31.36945260132325 ], [ 74.32955733427147, 31.383221658918664 ], [ 74.33522762891549, 31.387549378025529 ], [ 74.343771229893051, 31.389800172261602 ], [ 74.349192110921365, 31.381132665738985 ], [ 74.338373633384123, 31.367884192639785 ], [ 74.321664083166468, 31.367922896459561 ], [ 74.320476775077097, 31.36945260132325 ] ] ] } },
{ "type": "Feature", "properties": { "name": "Lakshmi Chowk", "label": "Lakshmi Chowk", "dup_count": 1, "area_sqkm": 0.098148173208417927, "source": "user_verified_list_2024", "method": "voronoi" }, "geometry": { "type": "Polygon", "coordinates": [ [ [ 74.327866713814316, 31.573668154497202 ], [ 74.330171990929841, 31.574606864321762 ], [ 74.331496053753412, 31.573959875722643 ], [ 74.332450242428365, 31.573064651176765 ], [ 74.330845256089447, 31.571299995798299 ], [ 74.329482128830762, 31.571299999701655 ], [ 74.327866713814316, 31.573668154497202 ] ] ] } },
{ "type": "Feature", "properties": { "name": "Valencia Town Block A3", "label": "Valencia Town Block A3", "dup_count": 1, "area_sqkm": 0.06685094931609839, "source": "user_verified_list_2024", "method": "voronoi" }, "geometry": { "type": "Polygon", "coordinates": [ [ [ 74.329482128830762, 31.571299999701655 ], [ 74.330845256089447, 31.571299995798299 ], [ 74.330928705483018, 31.571116488451384 ], [ 74.330101939546154, 31.568288280216386 ], [ 74.329800002427476, 31.568066941332841 ], [ 74.327435801113623, 31.569799999654705 ], [ 74.329482128830762, 31.571299999701655 ] ] ] } },
{ "type": "Feature", "properties": { "name": "Misri Shah", "label": "Misri Shah", "dup_count": 1, "area_sqkm": 0.068898757258389121, "source": "user_verified_list_2024", "method": "voronoi" }, "geometry": { "type": "Polygon", "coordinates": [ [ [ 74.33043922664524, 31.578194230544621 ], [ 74.332442523468941, 31.575624798990209 ], [ 74.331496053753412, 31.573959875722643 ], [ 74.330171990929841, 31.574606864321762 ], [ 74.329775224271188, 31.577999568492707 ], [ 74.33043922664524, 31.578194230544621 ] ] ] } },
{ "type": "Feature", "properties": { "name": "Harbanspura", "label": "Harbanspura", "dup_count": 1, "area_sqkm": 0.52904770140607527, "source": "manually_added_2024", "method": "voronoi" }, "geometry": { "type": "Polygon", "coordinates": [ [ [ 74.324945451903048, 31.553007935371937 ], [ 74.332209613539632, 31.556827029293878 ], [ 74.333071067635686, 31.55663207508832 ], [ 74.335489168873721, 31.554372261115041 ], [ 74.33592118894471, 31.553503638176363 ], [ 74.33435867756647, 31.550935475712915 ], [ 74.333300006721927, 31.550380941262993 ], [ 74.326600748862774, 31.54987954544892 ], [ 74.32598763580819, 31.549977269590471 ], [ 74.324945451903048, 31.553007935371937 ] ] ] } },
{ "type": "Feature", "properties": { "name": "Valencia Town Block C", "label": "Valencia Town Block C", "dup_count": 1, "area_sqkm": 0.11751710110840677, "source": "user_verified_list_2024", "method": "voronoi" }, "geometry": { "type": "Polygon", "coordinates": [ [ [ 74.330101939546154, 31.568288280216386 ], [ 74.33318066007682, 31.56908481066063 ], [ 74.334300004533361, 31.568811289389462 ], [ 74.334300003714105, 31.567899589402998 ], [ 74.329800010642401, 31.564600678137957 ], [ 74.329800002427476, 31.568066941332841 ], [ 74.330101939546154, 31.568288280216386 ] ] ] } },
{ "type": "Feature", "properties": { "name": "Muslim Town", "label": "Muslim Town", "dup_count": 1, "area_sqkm": 0.19859761168868015, "source": "user_verified_list_2024", "method": "voronoi" }, "geometry": { "type": "Polygon", "coordinates": [ [ [ 74.320330017812651, 31.482009322916266 ], [ 74.327030416607371, 31.485289872810334 ], [ 74.327890896088135, 31.482130224759203 ], [ 74.323861091934376, 31.480280442852795 ], [ 74.320330017812651, 31.482009322916266 ] ] ] } },
{ "type": "Feature", "properties": { "name": "Valencia Town Block F", "label": "Valencia Town Block F", "dup_count": 1, "area_sqkm": 0.13531862257257923, "source": "user_verified_list_2024", "method": "voronoi" }, "geometry": { "type": "Polygon", "coordinates": [ [ [ 74.329800010642401, 31.564600678137957 ], [ 74.334300003714105, 31.567899589402998 ], [ 74.334300003714191, 31.567899589402909 ], [ 74.334300001658832, 31.564433439402876 ], [ 74.332753979351509, 31.563299995968976 ], [ 74.329208594796441, 31.563299917296632 ], [ 74.329800010642401, 31.564600678137957 ] ] ] } },
{ "type": "Feature", "properties": { "name": "Kachha", "label": "Kachha", "dup_count": 1, "area_sqkm": 1.5465015566056937, "source": null, "method": "voronoi" }, "geometry": { "type": "Polygon", "coordinates": [ [ [ 74.315998070815922, 31.395096212348509 ], [ 74.33522762891549, 31.387549378025529 ], [ 74.32955733427147, 31.383221658918664 ], [ 74.309213773337504, 31.38945052523243 ], [ 74.313335545068497, 31.394140982467071 ], [ 74.315998070815922, 31.395096212348509 ] ] ] } },
{ "type": "Feature", "properties": { "name": "Punjab University Hostel", "label": "Punjab University Hostel", "dup_count": 1, "area_sqkm": 0.72129042138493049, "source": "user_verified_list_2024", "method": "voronoi" }, "geometry": { "type": "Polygon", "coordinates": [ [ [ 74.323861091934376, 31.480280442852795 ], [ 74.327890896088135, 31.482130224759203 ], [ 74.339826219827131, 31.479107071615182 ], [ 74.33401648082345, 31.474086900131478 ], [ 74.324261409532809, 31.478565323403764 ], [ 74.323861091934376, 31.480280442852795 ] ] ] } },
{ "type": "Feature", "properties": { "name": "Anar Kali", "label": "Anar Kali", "dup_count": 1, "area_sqkm": 0.12893856538939835, "source": "user_verified_list_2024", "method": "voronoi" }, "geometry": { "type": "Polygon", "coordinates": [ [ [ 74.330845256089447, 31.571299995798299 ], [ 74.332450242428365, 31.573064651176765 ], [ 74.333115737541235, 31.573042972100257 ], [ 74.335480589446234, 31.571181151413697 ], [ 74.335664278393665, 31.57046752774971 ], [ 74.335286787512771, 31.569775754310225 ], [ 74.334300004533361, 31.568811289389462 ], [ 74.33318066007682, 31.56908481066063 ], [ 74.330928705483018, 31.571116488451384 ], [ 74.330845256089447, 31.571299995798299 ] ] ] } },
{ "type": "Feature", "properties": { "name": "Kachho Pura", "label": "Kachho Pura", "dup_count": 1, "area_sqkm": 0.042594887757701941, "source": "official_uc_pdf", "method": "voronoi" }, "geometry": { "type": "Polygon", "coordinates": [ [ [ 74.330928705483018, 31.571116488451384 ], [ 74.33318066007682, 31.56908481066063 ], [ 74.330101939546154, 31.568288280216386 ], [ 74.330928705483018, 31.571116488451384 ] ] ] } },
{ "type": "Feature", "properties": { "name": "Punjab Govt Employs Coparative Society", "label": "Punjab Govt Employs Coparative Society", "dup_count": 1, "area_sqkm": 5.3996779550249911, "source": "user_verified_list_2024", "method": "voronoi" }, "geometry": { "type": "Polygon", "coordinates": [ [ [ 74.33401648082345, 31.474086900131478 ], [ 74.339826219827131, 31.479107071615182 ], [ 74.345068825994588, 31.481513245189142 ], [ 74.348271648532773, 31.480789401315061 ], [ 74.348944468063934, 31.480295259465066 ], [ 74.35369000072798, 31.454729588154152 ], [ 74.348739748945377, 31.448344225998021 ], [ 74.342773751684916, 31.44912389793312 ], [ 74.329024587092718, 31.466752661354594 ], [ 74.33401648082345, 31.474086900131478 ] ] ] } },
{ "type": "Feature", "properties": { "name": "Maullian", "label": "Maullian", "dup_count": 1, "area_sqkm": 0.1884445906423729, "source": "official_uc_pdf", "method": "voronoi" }, "geometry": { "type": "Polygon", "coordinates": [ [ [ 74.335419521984463, 31.580336519126153 ], [ 74.337639800293204, 31.577924777701107 ], [ 74.33724136318186, 31.577578698169919 ], [ 74.332442523468941, 31.575624798990209 ], [ 74.33043922664524, 31.578194230544621 ], [ 74.335419521984463, 31.580336519126153 ] ] ] } },
{ "type": "Feature", "properties": { "name": "Delhi Gate", "label": "Delhi Gate", "dup_count": 1, "area_sqkm": 0.094430085508909758, "source": "manually_added_2024", "method": "voronoi" }, "geometry": { "type": "Polygon", "coordinates": [ [ [ 74.331496053753412, 31.573959875722643 ], [ 74.332442523468941, 31.575624798990209 ], [ 74.33724136318186, 31.577578698169919 ], [ 74.333115737541235, 31.573042972100257 ], [ 74.332450242428365, 31.573064651176765 ], [ 74.331496053753412, 31.573959875722643 ] ] ] } },
{ "type": "Feature", "properties": { "name": "Ghang Sharif", "label": "Ghang Sharif", "dup_count": 1, "area_sqkm": 7.8935442688228985, "source": null, "method": "voronoi" }, "geometry": { "type": "Polygon", "coordinates": [ [ [ 74.305346058314299, 31.335589612279815 ], [ 74.333362295555617, 31.34169581287258 ], [ 74.342423606883713, 31.338276341876373 ], [ 74.336427115557555, 31.321733662470198 ], [ 74.309017091308021, 31.311505872235809 ], [ 74.307266636691509, 31.311621328929284 ], [ 74.305346058314299, 31.335589612279815 ] ] ] } },
{ "type": "Feature", "properties": { "name": "Cantt Station Area", "label": "Cantt Station Area", "dup_count": 1, "area_sqkm": 0.4748574877327924, "source": "official_uc_pdf", "method": "voronoi" }, "geometry": { "type": "Polygon", "coordinates": [ [ [ 74.325651940126079, 31.537436449006798 ], [ 74.329555833935984, 31.541731767994904 ], [ 74.332199212997622, 31.541974111627386 ], [ 74.335745580728954, 31.53937287731236 ], [ 74.33696966168641, 31.537043194139134 ], [ 74.334195504556391, 31.535347402608092 ], [ 74.325651940126079, 31.537436449006798 ] ] ] } },
{ "type": "Feature", "properties": { "name": "Parade Ground", "label": "Parade Ground", "dup_count": 1, "area_sqkm": 0.48080236301833423, "source": "official_uc_pdf", "method": "voronoi" }, "geometry": { "type": "Polygon", "coordinates": [ [ [ 74.329599989842578, 31.528604532373944 ], [ 74.334195504556391, 31.535347402608092 ], [ 74.33696966168641, 31.537043194139134 ], [ 74.33890503476897, 31.536369935977579 ], [ 74.339260891407733, 31.535586797638892 ], [ 74.338120199028836, 31.53223960803177 ], [ 74.330275095945709, 31.526099964051006 ], [ 74.330099074466176, 31.526169504109891 ], [ 74.329599989842578, 31.528604532373944 ] ] ] } },
{ "type": "Feature", "properties": { "name": "Mayo Hospital", "label": "Mayo Hospital", "dup_count": 1, "area_sqkm": 0.31999183990883451, "source": "user_verified_list_2024", "method": "voronoi" }, "geometry": { "type": "Polygon", "coordinates": [ [ [ 74.329208594796441, 31.563299917296632 ], [ 74.332753979351509, 31.563299995968976 ], [ 74.335590809213059, 31.561913473261004 ], [ 74.335970494838989, 31.560799986869668 ], [ 74.335288539491671, 31.558799975218392 ], [ 74.333071067635686, 31.55663207508832 ], [ 74.332209613539632, 31.556827029293878 ], [ 74.328540406526642, 31.562880014881266 ], [ 74.329208594796441, 31.563299917296632 ] ] ] } },
{ "type": "Feature", "properties": { "name": "Gujar Colony", "label": "Gujar Colony", "dup_count": 1, "area_sqkm": 2.5364179863876224, "source": null, "method": "voronoi" }, "geometry": { "type": "Polygon", "coordinates": [ [ [ 74.328175387236087, 31.423447146259871 ], [ 74.32914358479502, 31.423712664192269 ], [ 74.346578223044816, 31.404987487357946 ], [ 74.326879120004506, 31.405744549569039 ], [ 74.321258554817547, 31.410756616988092 ], [ 74.328175387236087, 31.423447146259871 ] ] ] } },
{ "type": "Feature", "properties": { "name": "Darbar Gurreh Shah", "label": "Darbar Gurreh Shah", "dup_count": 1, "area_sqkm": 0.92517719238775842, "source": "user_verified_list_2024", "method": "voronoi" }, "geometry": { "type": "Polygon", "coordinates": [ [ [ 74.335269005616595, 31.581549882255906 ], [ 74.33542590812263, 31.58407942894522 ], [ 74.341525951061129, 31.588788816947275 ], [ 74.346045547565993, 31.584450943112326 ], [ 74.343506189251912, 31.57700700772719 ], [ 74.341450023834142, 31.576404200751693 ], [ 74.340676180769108, 31.576557345480392 ], [ 74.337639800293204, 31.577924777701107 ], [ 74.335419521984463, 31.580336519126153 ], [ 74.335269005616595, 31.581549882255906 ] ] ] } },
{ "type": "Feature", "properties": { "name": "Baghbanpura", "label": "Baghbanpura", "dup_count": 1, "area_sqkm": 0.24860802873785745, "source": "manually_added_2024", "method": "voronoi" }, "geometry": { "type": "Polygon", "coordinates": [ [ [ 74.341450023834142, 31.576404200751693 ], [ 74.341450009162372, 31.57004339364488 ], [ 74.335664278393665, 31.57046752774971 ], [ 74.335480589446234, 31.571181151413697 ], [ 74.340676180769108, 31.576557345480392 ], [ 74.341450023834142, 31.576404200751693 ] ] ] } },
{ "type": "Feature", "properties": { "name": "Upper Mall Scheme", "label": "Upper Mall Scheme", "dup_count": 1, "area_sqkm": 0.14486884502618844, "source": "user_verified_list_2024", "method": "voronoi" }, "geometry": { "type": "Polygon", "coordinates": [ [ [ 74.333300007827873, 31.544966449679745 ], [ 74.333300006721927, 31.550380941262993 ], [ 74.33435867756647, 31.550935475712915 ], [ 74.336300002144469, 31.548799991189771 ], [ 74.336300002144483, 31.546799991190063 ], [ 74.335186507170732, 31.545575021790864 ], [ 74.333337843724024, 31.544897075480456 ], [ 74.333300007827873, 31.544966449679745 ] ] ] } },
{ "type": "Feature", "properties": { "name": "Bridge Colony", "label": "Bridge Colony", "dup_count": 1, "area_sqkm": 0.1920013735660237, "source": "user_verified_list_2024", "method": "voronoi" }, "geometry": { "type": "Polygon", "coordinates": [ [ [ 74.326600748862774, 31.54987954544892 ], [ 74.333300006721927, 31.550380941262993 ], [ 74.333300007827873, 31.544966449679745 ], [ 74.326600748862774, 31.54987954544892 ] ] ] } },
{ "type": "Feature", "properties": { "name": "Shadbagh", "label": "Shadbagh", "dup_count": 1, "area_sqkm": 0.23165555398493673, "source": "manually_added_2024", "method": "voronoi" }, "geometry": { "type": "Polygon", "coordinates": [ [ [ 74.333115737541235, 31.573042972100257 ], [ 74.33724136318186, 31.577578698169919 ], [ 74.337639800293204, 31.577924777701107 ], [ 74.340676180769108, 31.576557345480392 ], [ 74.335480589446234, 31.571181151413697 ], [ 74.333115737541235, 31.573042972100257 ] ] ] } },
{ "type": "Feature", "properties": { "name": "Civic Center", "label": "Civic Center", "dup_count": 1, "area_sqkm": 0.092339018746162002, "source": "user_verified_list_2024", "method": "voronoi" }, "geometry": { "type": "Polygon", "coordinates": [ [ [ 74.334300004533361, 31.568811289389462 ], [ 74.335286787512771, 31.569775754310225 ], [ 74.340028279449029, 31.566299959074279 ], [ 74.338398705353413, 31.566299990038186 ], [ 74.335450001528116, 31.567056571793419 ], [ 74.334300003714191, 31.567899589402909 ], [ 74.334300003714105, 31.567899589402998 ], [ 74.334300004533361, 31.568811289389462 ] ] ] } },
{ "type": "Feature", "properties": { "name": "Chetowall Haveli", "label": "Chetowall Haveli", "dup_count": 1, "area_sqkm": 6.2956165021375448, "source": null, "method": "voronoi" }, "geometry": { "type": "Polygon", "coordinates": [ [ [ 74.321664083166468, 31.367922896459561 ], [ 74.338373633384123, 31.367884192639785 ], [ 74.350302739877691, 31.351727702178227 ], [ 74.345917905532104, 31.34009463018312 ], [ 74.345134053656139, 31.339442882322544 ], [ 74.342423606883713, 31.338276341876373 ], [ 74.333362295555617, 31.34169581287258 ], [ 74.319814725727483, 31.357247845252882 ], [ 74.321664083166468, 31.367922896459561 ] ] ] } },
{ "type": "Feature", "properties": { "name": "New Garden Town", "label": "New Garden Town", "dup_count": 1, "area_sqkm": 0.77191672016678237, "source": "user_verified_list_2024", "method": "voronoi" }, "geometry": { "type": "Polygon", "coordinates": [ [ [ 74.330099825436847, 31.51500634584611 ], [ 74.333578025120673, 31.516464947167339 ], [ 74.341286264895828, 31.510713753500262 ], [ 74.340808043943397, 31.507730122981762 ], [ 74.335368269479076, 31.505400972194142 ], [ 74.329180140331388, 31.513917204261503 ], [ 74.330099825436847, 31.51500634584611 ] ] ] } },
{ "type": "Feature", "properties": { "name": "Valencia Town Block G", "label": "Valencia Town Block G", "dup_count": 1, "area_sqkm": 0.073248455146010846, "source": "user_verified_list_2024", "method": "voronoi" }, "geometry": { "type": "Polygon", "coordinates": [ [ [ 74.335590809213059, 31.561913473261004 ], [ 74.332753979351509, 31.563299995968976 ], [ 74.334300001658832, 31.564433439402876 ], [ 74.335450000973154, 31.564854982079648 ], [ 74.33555938100028, 31.564842954354503 ], [ 74.337007893828059, 31.563781026152807 ], [ 74.336527198636958, 31.562899993623656 ], [ 74.336118000480269, 31.562299988875075 ], [ 74.335590809213059, 31.561913473261004 ] ] ] } },
{ "type": "Feature", "properties": { "name": "Valencia Town Block H", "label": "Valencia Town Block H", "dup_count": 1, "area_sqkm": 0.063881608456645395, "source": "user_verified_list_2024", "method": "voronoi" }, "geometry": { "type": "Polygon", "coordinates": [ [ [ 74.336118000480269, 31.562299988875075 ], [ 74.340845921313786, 31.562299963492467 ], [ 74.338800001403158, 31.560799996107985 ], [ 74.335970494838989, 31.560799986869668 ], [ 74.335590809213059, 31.561913473261004 ], [ 74.336118000480269, 31.562299988875075 ] ] ] } },
{ "type": "Feature", "properties": { "name": "Tibba", "label": "Tibba", "dup_count": 1, "area_sqkm": 4.0772522073457571, "source": null, "method": "voronoi" }, "geometry": { "type": "Polygon", "coordinates": [ [ [ 74.326879120004506, 31.405744549569039 ], [ 74.346578223044816, 31.404987487357946 ], [ 74.346991171516024, 31.404868940808456 ], [ 74.343771229893051, 31.389800172261602 ], [ 74.33522762891549, 31.387549378025529 ], [ 74.315998070815922, 31.395096212348509 ], [ 74.326879120004506, 31.405744549569039 ] ] ] } },
{ "type": "Feature", "properties": { "name": "Davis Road", "label": "Davis Road", "dup_count": 1, "area_sqkm": 0.27669009098303843, "source": "user_verified_list_2024", "method": "voronoi" }, "geometry": { "type": "Polygon", "coordinates": [ [ [ 74.333337843724024, 31.544897075480456 ], [ 74.335186507170732, 31.545575021790864 ], [ 74.339704668938666, 31.543918146429043 ], [ 74.335745580728954, 31.53937287731236 ], [ 74.332199212997622, 31.541974111627386 ], [ 74.333337843724024, 31.544897075480456 ] ] ] } },
{ "type": "Feature", "properties": { "name": "Krishan Nagar", "label": "Krishan Nagar", "dup_count": 1, "area_sqkm": 0.034495028423849036, "source": "official_uc_pdf", "method": "voronoi" }, "geometry": { "type": "Polygon", "coordinates": [ [ [ 74.334300003714191, 31.567899589402909 ], [ 74.335450001528116, 31.567056571793419 ], [ 74.335450000973154, 31.564854982079648 ], [ 74.334300001658832, 31.564433439402876 ], [ 74.334300003714191, 31.567899589402909 ] ] ] } },
{ "type": "Feature", "properties": { "name": "Valencia Town", "label": "Valencia Town", "dup_count": 1, "area_sqkm": 0.035381325934355341, "source": "manually_added_2024", "method": "voronoi" }, "geometry": { "type": "Polygon", "coordinates": [ [ [ 74.33555938100028, 31.564842954354503 ], [ 74.335450000973154, 31.564854982079648 ], [ 74.335450001528116, 31.567056571793419 ], [ 74.338398705353413, 31.566299990038186 ], [ 74.33555938100028, 31.564842954354503 ] ] ] } },
{ "type": "Feature", "properties": { "name": "Wapda House", "label": "Wapda House", "dup_count": 1, "area_sqkm": 0.084339963821681505, "source": "user_verified_list_2024", "method": "voronoi" }, "geometry": { "type": "Polygon", "coordinates": [ [ [ 74.338398705353413, 31.566299990038186 ], [ 74.340028279449029, 31.566299959074279 ], [ 74.342210672989836, 31.56589992379099 ], [ 74.337007893828059, 31.563781026152807 ], [ 74.33555938100028, 31.564842954354503 ], [ 74.338398705353413, 31.566299990038186 ] ] ] } },
{ "type": "Feature", "properties": { "name": "Naulakha", "label": "Naulakha", "dup_count": 1, "area_sqkm": 0.14804548586815372, "source": "manually_added_2024", "method": "voronoi" }, "geometry": { "type": "Polygon", "coordinates": [ [ [ 74.337007893828059, 31.563781026152807 ], [ 74.342210672989836, 31.56589992379099 ], [ 74.3430023977904, 31.565899893831059 ], [ 74.343976069790997, 31.564264095895293 ], [ 74.344007929299778, 31.563786228900302 ], [ 74.342073497075958, 31.562899928113847 ], [ 74.336527198636958, 31.562899993623656 ], [ 74.337007893828059, 31.563781026152807 ] ] ] } },
{ "type": "Feature", "properties": { "name": "Temple Road", "label": "Temple Road", "dup_count": 1, "area_sqkm": 0.032626372968165368, "source": "user_verified_list_2024", "method": "voronoi" }, "geometry": { "type": "Polygon", "coordinates": [ [ [ 74.336527198636958, 31.562899993623656 ], [ 74.342073497075958, 31.562899928113847 ], [ 74.340845921313786, 31.562299963492467 ], [ 74.336118000480269, 31.562299988875075 ], [ 74.336527198636958, 31.562899993623656 ] ] ] } },
{ "type": "Feature", "properties": { "name": "Punjab University Old Campus", "label": "Punjab University Old Campus", "dup_count": 1, "area_sqkm": 0.21914991153054605, "source": "user_verified_list_2024", "method": "voronoi" }, "geometry": { "type": "Polygon", "coordinates": [ [ [ 74.340028279449029, 31.566299959074279 ], [ 74.335286787512771, 31.569775754310225 ], [ 74.335664278393665, 31.57046752774971 ], [ 74.341450009162372, 31.57004339364488 ], [ 74.343154653329648, 31.567127695519726 ], [ 74.3430023977904, 31.565899893831059 ], [ 74.342210672989836, 31.56589992379099 ], [ 74.340028279449029, 31.566299959074279 ] ] ] } },
{ "type": "Feature", "properties": { "name": "Shadman", "label": "Shadman", "dup_count": 1, "area_sqkm": 0.49095665762036633, "source": "manually_added_2024", "method": "voronoi" }, "geometry": { "type": "Polygon", "coordinates": [ [ [ 74.330275095945709, 31.526099964051006 ], [ 74.338120199028836, 31.53223960803177 ], [ 74.340395419747068, 31.524227050537824 ], [ 74.334595071062608, 31.523729565962306 ], [ 74.330275095945709, 31.526099964051006 ] ] ] } },
{ "type": "Feature", "properties": { "name": "Lahore", "label": "Lahore", "dup_count": 1, "area_sqkm": 1.1659189421382872, "source": null, "method": "voronoi" }, "geometry": { "type": "Polygon", "coordinates": [ [ [ 74.334595071062608, 31.523729565962306 ], [ 74.340395419747068, 31.524227050537824 ], [ 74.341798022941987, 31.524153203652318 ], [ 74.343567782105097, 31.521799847396171 ], [ 74.345342060046463, 31.514799922935506 ], [ 74.341286264895828, 31.510713753500262 ], [ 74.333578025120673, 31.516464947167339 ], [ 74.334595071062608, 31.523729565962306 ] ] ] } },
{ "type": "Feature", "properties": { "name": "Lawrence Road", "label": "Lawrence Road", "dup_count": 1, "area_sqkm": 0.082039563937642557, "source": "user_verified_list_2024", "method": "voronoi" }, "geometry": { "type": "Polygon", "coordinates": [ [ [ 74.335186507170732, 31.545575021790864 ], [ 74.336300002144483, 31.546799991190063 ], [ 74.338459120290196, 31.546799998334492 ], [ 74.340256856655444, 31.54416302326894 ], [ 74.339704668938666, 31.543918146429043 ], [ 74.335186507170732, 31.545575021790864 ] ] ] } },
{ "type": "Feature", "properties": { "name": "Railway Housing Society", "label": "Railway Housing Society", "dup_count": 1, "area_sqkm": 0.15109331926498826, "source": "user_verified_list_2024", "method": "voronoi" }, "geometry": { "type": "Polygon", "coordinates": [ [ [ 74.33592118894471, 31.553503638176363 ], [ 74.335489168873721, 31.554372261115041 ], [ 74.339800002432511, 31.557533221909889 ], [ 74.341800002433487, 31.556066750843907 ], [ 74.341800003416381, 31.554666626417674 ], [ 74.336481704762761, 31.553366642492939 ], [ 74.33592118894471, 31.553503638176363 ] ] ] } },
{ "type": "Feature", "properties": { "name": "Infantry Road", "label": "Infantry Road", "dup_count": 1, "area_sqkm": 0.19483846481188294, "source": "user_verified_list_2024", "method": "voronoi" }, "geometry": { "type": "Polygon", "coordinates": [ [ [ 74.336481704762761, 31.553366642492939 ], [ 74.340512112539685, 31.5504111105775 ], [ 74.340845450160927, 31.549799985141867 ], [ 74.340473582462067, 31.549118212938037 ], [ 74.339822667699963, 31.548799983944175 ], [ 74.336300002144469, 31.548799991189771 ], [ 74.33435867756647, 31.550935475712915 ], [ 74.33592118894471, 31.553503638176363 ], [ 74.336481704762761, 31.553366642492939 ] ] ] } },
{ "type": "Feature", "properties": { "name": "Wapda Colony", "label": "Wapda Colony", "dup_count": 1, "area_sqkm": 0.28671219605971698, "source": "user_verified_list_2024", "method": "voronoi" }, "geometry": { "type": "Polygon", "coordinates": [ [ [ 74.3430023977904, 31.565899893831059 ], [ 74.343154653329648, 31.567127695519726 ], [ 74.347026866949307, 31.569966279859731 ], [ 74.351978547243604, 31.56633641784104 ], [ 74.343976069790997, 31.564264095895293 ], [ 74.3430023977904, 31.565899893831059 ] ] ] } },
{ "type": "Feature", "properties": { "name": "Mozang", "label": "Mozang", "dup_count": 1, "area_sqkm": 0.21661859786003537, "source": "user_verified_list_2024", "method": "voronoi" }, "geometry": { "type": "Polygon", "coordinates": [ [ [ 74.344652341272408, 31.562486702578237 ], [ 74.348613377107554, 31.558747817856929 ], [ 74.342300001661513, 31.556433375908895 ], [ 74.34230000372041, 31.559899779893708 ], [ 74.344652341272408, 31.562486702578237 ] ] ] } },
{ "type": "Feature", "properties": { "name": "Saddar", "label": "Saddar", "dup_count": 1, "area_sqkm": 0.17097989178889084, "source": "user_verified_list_2024", "method": "voronoi" }, "geometry": { "type": "Polygon", "coordinates": [ [ [ 74.34230000372041, 31.559899779893708 ], [ 74.339800002432497, 31.558066782589322 ], [ 74.338800001403172, 31.55879999610811 ], [ 74.338800001403158, 31.560799996107985 ], [ 74.340845921313786, 31.562299963492467 ], [ 74.342073497075958, 31.562899928113847 ], [ 74.344007929299778, 31.563786228900302 ], [ 74.344652341272408, 31.562486702578237 ], [ 74.34230000372041, 31.559899779893708 ] ] ] } },
{ "type": "Feature", "properties": { "name": "Ganga Ram Hospital", "label": "Ganga Ram Hospital", "dup_count": 1, "area_sqkm": 0.06712219457094333, "source": "user_verified_list_2024", "method": "voronoi" }, "geometry": { "type": "Polygon", "coordinates": [ [ [ 74.335970494838989, 31.560799986869668 ], [ 74.338800001403158, 31.560799996107985 ], [ 74.338800001403172, 31.55879999610811 ], [ 74.335288539491671, 31.558799975218392 ], [ 74.335970494838989, 31.560799986869668 ] ] ] } },
{ "type": "Feature", "properties": { "name": "Saint John Park", "label": "Saint John Park", "dup_count": 1, "area_sqkm": 0.18501890287295955, "source": "user_verified_list_2024", "method": "voronoi" }, "geometry": { "type": "Polygon", "coordinates": [ [ [ 74.335288539491671, 31.558799975218392 ], [ 74.338800001403172, 31.55879999610811 ], [ 74.339800002432497, 31.558066782589322 ], [ 74.339800002432511, 31.557533221909889 ], [ 74.335489168873721, 31.554372261115041 ], [ 74.333071067635686, 31.55663207508832 ], [ 74.335288539491671, 31.558799975218392 ] ] ] } },
{ "type": "Feature", "properties": { "name": "Mall Road", "label": "Mall Road", "dup_count": 1, "area_sqkm": 0.060151939287517907, "source": "user_verified_list_2024", "method": "voronoi" }, "geometry": { "type": "Polygon", "coordinates": [ [ [ 74.336300002144469, 31.548799991189771 ], [ 74.339822667699963, 31.548799983944175 ], [ 74.338459120290196, 31.546799998334492 ], [ 74.336300002144483, 31.546799991190063 ], [ 74.336300002144469, 31.548799991189771 ] ] ] } },
{ "type": "Feature", "properties": { "name": "Shah Jamal", "label": "Shah Jamal", "dup_count": 1, "area_sqkm": 0.36706530511420482, "source": "manually_added_2024", "method": "voronoi" }, "geometry": { "type": "Polygon", "coordinates": [ [ [ 74.335745580728954, 31.53937287731236 ], [ 74.339704668938666, 31.543918146429043 ], [ 74.340256856655444, 31.54416302326894 ], [ 74.342635982936571, 31.544360537366639 ], [ 74.344300013691438, 31.543895576491863 ], [ 74.344308772799209, 31.543890069892768 ], [ 74.339318294139971, 31.53656903182145 ], [ 74.33890503476897, 31.536369935977579 ], [ 74.33696966168641, 31.537043194139134 ], [ 74.335745580728954, 31.53937287731236 ] ] ] } },
{ "type": "Feature", "properties": { "name": "Lahore Gym Khana", "label": "Lahore Gym Khana", "dup_count": 1, "area_sqkm": 0.11695459525035021, "source": "user_verified_list_2024", "method": "voronoi" }, "geometry": { "type": "Polygon", "coordinates": [ [ [ 74.340473582462067, 31.549118212938037 ], [ 74.342635982936571, 31.544360537366639 ], [ 74.340256856655444, 31.54416302326894 ], [ 74.338459120290196, 31.546799998334492 ], [ 74.339822667699963, 31.548799983944175 ], [ 74.340473582462067, 31.549118212938037 ] ] ] } },
{ "type": "Feature", "properties": { "name": "Race Course Town", "label": "Race Course Town", "dup_count": 1, "area_sqkm": 3.7509537445910812, "source": null, "method": "voronoi" }, "geometry": { "type": "Polygon", "coordinates": [ [ [ 74.32952341166154, 31.424295216791318 ], [ 74.347504459180271, 31.431916301530759 ], [ 74.354532829463622, 31.408857494709267 ], [ 74.354531404949029, 31.408850236709227 ], [ 74.346991171516024, 31.404868940808456 ], [ 74.346578223044816, 31.404987487357946 ], [ 74.32914358479502, 31.423712664192269 ], [ 74.32952341166154, 31.424295216791318 ] ] ] } },
{ "type": "Feature", "properties": { "name": "Hardo Jabbu", "label": "Hardo Jabbu", "dup_count": 1, "area_sqkm": 6.5658388821105236, "source": null, "method": "voronoi" }, "geometry": { "type": "Polygon", "coordinates": [ [ [ 74.331051725359572, 31.639112985141832 ], [ 74.336264536588629, 31.654822105993166 ], [ 74.358606832884334, 31.643457386834005 ], [ 74.364090449181475, 31.626933575025255 ], [ 74.352896653015478, 31.625131288996013 ], [ 74.332044493375108, 31.631322962447992 ], [ 74.331051725359572, 31.639112985141832 ] ] ] } },
{ "type": "Feature", "properties": { "name": "Star Town", "label": "Star Town", "dup_count": 1, "area_sqkm": 0.55713004153960666, "source": "user_verified_list_2024", "method": "voronoi" }, "geometry": { "type": "Polygon", "coordinates": [ [ [ 74.341450023834142, 31.576404200751693 ], [ 74.343506189251912, 31.57700700772719 ], [ 74.347378397296751, 31.575588025370063 ], [ 74.349878581860509, 31.573450079595847 ], [ 74.347026866949307, 31.569966279859731 ], [ 74.343154653329648, 31.567127695519726 ], [ 74.341450009162372, 31.57004339364488 ], [ 74.341450023834142, 31.576404200751693 ] ] ] } },
{ "type": "Feature", "properties": { "name": "Valencia Town Block J", "label": "Valencia Town Block J", "dup_count": 1, "area_sqkm": 0.060690537931034585, "source": "user_verified_list_2024", "method": "voronoi" }, "geometry": { "type": "Polygon", "coordinates": [ [ [ 74.339800002432511, 31.557533221909889 ], [ 74.339800002432497, 31.558066782589322 ], [ 74.34230000372041, 31.559899779893708 ], [ 74.342300001661513, 31.556433375908895 ], [ 74.341800002433487, 31.556066750843907 ], [ 74.339800002432511, 31.557533221909889 ] ] ] } },
{ "type": "Feature", "properties": { "name": "Tufail Road", "label": "Tufail Road", "dup_count": 1, "area_sqkm": 0.14054334090703158, "source": "user_verified_list_2024", "method": "voronoi" }, "geometry": { "type": "Polygon", "coordinates": [ [ [ 74.341800003416381, 31.554666626417674 ], [ 74.342875812688661, 31.553877761412451 ], [ 74.340512112539685, 31.5504111105775 ], [ 74.336481704762761, 31.553366642492939 ], [ 74.341800003416381, 31.554666626417674 ] ] ] } },
{ "type": "Feature", "properties": { "name": "Aitchison Society", "label": "Aitchison Society", "dup_count": 1, "area_sqkm": 0.34252742960657168, "source": "user_verified_list_2024", "method": "voronoi" }, "geometry": { "type": "Polygon", "coordinates": [ [ [ 74.339260891407733, 31.535586797638892 ], [ 74.340829241206819, 31.534148672346259 ], [ 74.343260898052989, 31.527012738832912 ], [ 74.342110766618717, 31.524481036161401 ], [ 74.341798022941987, 31.524153203652318 ], [ 74.340395419747068, 31.524227050537824 ], [ 74.338120199028836, 31.53223960803177 ], [ 74.339260891407733, 31.535586797638892 ] ] ] } },
{ "type": "Feature", "properties": { "name": "Valencia Town Block K1", "label": "Valencia Town Block K1", "dup_count": 1, "area_sqkm": 0.16177230279261126, "source": "user_verified_list_2024", "method": "voronoi" }, "geometry": { "type": "Polygon", "coordinates": [ [ [ 74.341800002433487, 31.556066750843907 ], [ 74.342300001661513, 31.556433375908895 ], [ 74.348613377107554, 31.558747817856929 ], [ 74.349300023185251, 31.558330090127374 ], [ 74.349300022281881, 31.558099501807675 ], [ 74.343409019411197, 31.553780014239472 ], [ 74.342875812688661, 31.553877761412451 ], [ 74.341800003416381, 31.554666626417674 ], [ 74.341800002433487, 31.556066750843907 ] ] ] } },
{ "type": "Feature", "properties": { "name": "Khursheed Alam Road", "label": "Khursheed Alam Road", "dup_count": 1, "area_sqkm": 0.12407747856380959, "source": "user_verified_list_2024", "method": "voronoi" }, "geometry": { "type": "Polygon", "coordinates": [ [ [ 74.340512112539685, 31.5504111105775 ], [ 74.342875812688661, 31.553877761412451 ], [ 74.343409019411197, 31.553780014239472 ], [ 74.343845438208859, 31.553299984975613 ], [ 74.345209104287406, 31.550299998900712 ], [ 74.344300004578983, 31.54979999132135 ], [ 74.340845450160927, 31.549799985141867 ], [ 74.340512112539685, 31.5504111105775 ] ] ] } },
{ "type": "Feature", "properties": { "name": "Munir Road", "label": "Munir Road", "dup_count": 1, "area_sqkm": 0.16864753899676274, "source": "user_verified_list_2024", "method": "voronoi" }, "geometry": { "type": "Polygon", "coordinates": [ [ [ 74.340473582462067, 31.549118212938037 ], [ 74.340845450160927, 31.549799985141867 ], [ 74.344300004578983, 31.54979999132135 ], [ 74.344300013691438, 31.543895576491863 ], [ 74.342635982936571, 31.544360537366639 ], [ 74.340473582462067, 31.549118212938037 ] ] ] } },
{ "type": "Feature", "properties": { "name": "Gulberg 1", "label": "Gulberg 1", "dup_count": 1, "area_sqkm": 0.23167662183957133, "source": "user_verified_list_2024", "method": "voronoi" }, "geometry": { "type": "Polygon", "coordinates": [ [ [ 74.340829241206819, 31.534148672346259 ], [ 74.345564606053244, 31.532990750627413 ], [ 74.346568131991077, 31.530045866669745 ], [ 74.343260898052989, 31.527012738832912 ], [ 74.340829241206819, 31.534148672346259 ] ] ] } },
{ "type": "Feature", "properties": { "name": "Main Mir Colony", "label": "Main Mir Colony", "dup_count": 1, "area_sqkm": 0.30018735134986357, "source": "user_verified_list_2024", "method": "voronoi" }, "geometry": { "type": "Polygon", "coordinates": [ [ [ 74.339318294139971, 31.53656903182145 ], [ 74.347540201902319, 31.537775320618184 ], [ 74.348635249691512, 31.53636959740237 ], [ 74.345564606053244, 31.532990750627413 ], [ 74.340829241206819, 31.534148672346259 ], [ 74.339260891407733, 31.535586797638892 ], [ 74.33890503476897, 31.536369935977579 ], [ 74.339318294139971, 31.53656903182145 ] ] ] } },
{ "type": "Feature", "properties": { "name": "Rehman Garden", "label": "Rehman Garden", "dup_count": 1, "area_sqkm": 1.0996762524166193, "source": "user_verified_list_2024", "method": "voronoi" }, "geometry": { "type": "Polygon", "coordinates": [ [ [ 74.341286264895828, 31.510713753500262 ], [ 74.345342060046463, 31.514799922935506 ], [ 74.35380002982879, 31.514799938167393 ], [ 74.354862357883476, 31.514176214432009 ], [ 74.35511878409423, 31.513799824608217 ], [ 74.355905531486712, 31.510335216233727 ], [ 74.345250369556979, 31.504469328248739 ], [ 74.340808043943397, 31.507730122981762 ], [ 74.341286264895828, 31.510713753500262 ] ] ] } },
{ "type": "Feature", "properties": { "name": "Khul Meran", "label": "Khul Meran", "dup_count": 1, "area_sqkm": 3.2242187680276864, "source": null, "method": "voronoi" }, "geometry": { "type": "Polygon", "coordinates": [ [ [ 74.341525951061129, 31.588788816947275 ], [ 74.341845937889858, 31.602504680170853 ], [ 74.347939194244162, 31.603164394918824 ], [ 74.365185963275593, 31.589464499069994 ], [ 74.361361039780533, 31.584699310896529 ], [ 74.354829211322496, 31.58377870025426 ], [ 74.346045547565993, 31.584450943112326 ], [ 74.341525951061129, 31.588788816947275 ] ] ] } },
{ "type": "Feature", "properties": { "name": "Sundarwala", "label": "Sundarwala", "dup_count": 1, "area_sqkm": 3.7657100741206109, "source": null, "method": "voronoi" }, "geometry": { "type": "Polygon", "coordinates": [ [ [ 74.352896653015478, 31.625131288996013 ], [ 74.364090449181475, 31.626933575025255 ], [ 74.370204469270689, 31.624541632373539 ], [ 74.373634389526231, 31.620493319105108 ], [ 74.373200113032468, 31.615051284177838 ], [ 74.348100579966996, 31.60331980665703 ], [ 74.352896653015478, 31.625131288996013 ] ] ] } },
{ "type": "Feature", "properties": { "name": "Shahodi Garhi", "label": "Shahodi Garhi", "dup_count": 1, "area_sqkm": 0.51122942492827017, "source": null, "method": "voronoi" }, "geometry": { "type": "Polygon", "coordinates": [ [ [ 74.343976069790997, 31.564264095895293 ], [ 74.351978547243604, 31.56633641784104 ], [ 74.354799897463863, 31.566527628957139 ], [ 74.350897411117387, 31.55900795781195 ], [ 74.349300023185251, 31.558330090127374 ], [ 74.348613377107554, 31.558747817856929 ], [ 74.344652341272408, 31.562486702578237 ], [ 74.344007929299778, 31.563786228900302 ], [ 74.343976069790997, 31.564264095895293 ] ] ] } },
{ "type": "Feature", "properties": { "name": "Gulberg 2", "label": "Gulberg 2", "dup_count": 1, "area_sqkm": 0.35336634041744702, "source": "user_verified_list_2024", "method": "voronoi" }, "geometry": { "type": "Polygon", "coordinates": [ [ [ 74.343260898052989, 31.527012738832912 ], [ 74.346568131991077, 31.530045866669745 ], [ 74.346726516941246, 31.530069108913334 ], [ 74.350908291715001, 31.529518449738028 ], [ 74.352252058374702, 31.527053687771414 ], [ 74.352209281830085, 31.52683398824367 ], [ 74.351300005885705, 31.526166845732259 ], [ 74.342110766618717, 31.524481036161401 ], [ 74.343260898052989, 31.527012738832912 ] ] ] } },
{ "type": "Feature", "properties": { "name": "Lalzar Colony", "label": "Lalzar Colony", "dup_count": 1, "area_sqkm": 0.40793676381158922, "source": "user_verified_list_2024", "method": "voronoi" }, "geometry": { "type": "Polygon", "coordinates": [ [ [ 74.344308772799209, 31.543890069892768 ], [ 74.348452769546, 31.543130169926073 ], [ 74.347540201902319, 31.537775320618184 ], [ 74.339318294139971, 31.53656903182145 ], [ 74.344308772799209, 31.543890069892768 ] ] ] } },
{ "type": "Feature", "properties": { "name": "Nisar Colony", "label": "Nisar Colony", "dup_count": 1, "area_sqkm": 0.43382304059643584, "source": "user_verified_list_2024", "method": "voronoi" }, "geometry": { "type": "Polygon", "coordinates": [ [ [ 74.344300013691438, 31.543895576491863 ], [ 74.344300004578983, 31.54979999132135 ], [ 74.345209104287406, 31.550299998900712 ], [ 74.345436356623836, 31.550299999754383 ], [ 74.348300005422431, 31.549249974150204 ], [ 74.349300007944294, 31.548699942587803 ], [ 74.351300018262762, 31.547233152003642 ], [ 74.352827011129818, 31.545273313525101 ], [ 74.352800034426238, 31.545255727402473 ], [ 74.348452769546, 31.543130169926073 ], [ 74.344308772799209, 31.543890069892768 ], [ 74.344300013691438, 31.543895576491863 ] ] ] } },
{ "type": "Feature", "properties": { "name": "Valencia Town Block L", "label": "Valencia Town Block L", "dup_count": 1, "area_sqkm": 0.15941924442716901, "source": "user_verified_list_2024", "method": "voronoi" }, "geometry": { "type": "Polygon", "coordinates": [ [ [ 74.349300022281881, 31.558099501807675 ], [ 74.349950382593818, 31.555953585263833 ], [ 74.349300008454435, 31.554999820350087 ], [ 74.3483000037251, 31.553899922744421 ], [ 74.347481848280665, 31.55329998887856 ], [ 74.343845438208859, 31.553299984975613 ], [ 74.343409019411197, 31.553780014239472 ], [ 74.349300022281881, 31.558099501807675 ] ] ] } },
{ "type": "Feature", "properties": { "name": "Baghbanpura Block A", "label": "Baghbanpura Block A", "dup_count": 1, "area_sqkm": 0.57880366926932592, "source": "official_uc_pdf", "method": "voronoi" }, "geometry": { "type": "Polygon", "coordinates": [ [ [ 74.343506189251912, 31.57700700772719 ], [ 74.346045547565993, 31.584450943112326 ], [ 74.354829211322496, 31.58377870025426 ], [ 74.347378397296751, 31.575588025370063 ], [ 74.343506189251912, 31.57700700772719 ] ] ] } },
{ "type": "Feature", "properties": { "name": "Gajju Matta", "label": "Gajju Matta", "dup_count": 1, "area_sqkm": 7.7152430943619912, "source": null, "method": "voronoi" }, "geometry": { "type": "Polygon", "coordinates": [ [ [ 74.343771229893051, 31.389800172261602 ], [ 74.346991171516024, 31.404868940808456 ], [ 74.354531404949029, 31.408850236709227 ], [ 74.374155488049567, 31.401420393100903 ], [ 74.37808854220971, 31.386824065835363 ], [ 74.357212366368103, 31.378215211780933 ], [ 74.349192110921365, 31.381132665738985 ], [ 74.343771229893051, 31.389800172261602 ] ] ] } },
{ "type": "Feature", "properties": { "name": "R A Bazaar", "label": "R A Bazaar", "dup_count": 1, "area_sqkm": 0.061353565745220204, "source": "user_verified_list_2024", "method": "voronoi" }, "geometry": { "type": "Polygon", "coordinates": [ [ [ 74.343845438208859, 31.553299984975613 ], [ 74.347481848280665, 31.55329998887856 ], [ 74.345436356623836, 31.550299999754383 ], [ 74.345209104287406, 31.550299998900712 ], [ 74.343845438208859, 31.553299984975613 ] ] ] } },
{ "type": "Feature", "properties": { "name": "Engineer Cooperative Society", "label": "Engineer Cooperative Society", "dup_count": 1, "area_sqkm": 0.54186837256601239, "source": "user_verified_list_2024", "method": "voronoi" }, "geometry": { "type": "Polygon", "coordinates": [ [ [ 74.337925393201544, 31.490769975774306 ], [ 74.345324718001663, 31.504351078634567 ], [ 74.347422110526438, 31.502811457104276 ], [ 74.347996846955596, 31.499857921823708 ], [ 74.347209495788903, 31.496967727803973 ], [ 74.338316964964463, 31.490438213698965 ], [ 74.337925393201544, 31.490769975774306 ] ] ] } },
{ "type": "Feature", "properties": { "name": "Rehmat Colony", "label": "Rehmat Colony", "dup_count": 1, "area_sqkm": 6.0328641871824571, "source": null, "method": "voronoi" }, "geometry": { "type": "Polygon", "coordinates": [ [ [ 74.348739748945377, 31.448344225998021 ], [ 74.35369000072798, 31.454729588154152 ], [ 74.36993483652472, 31.461279799070653 ], [ 74.381474471497427, 31.457111532102068 ], [ 74.383763994334132, 31.454159344393556 ], [ 74.377846777129378, 31.433910792028488 ], [ 74.349853783350724, 31.446484993581226 ], [ 74.348739748945377, 31.448344225998021 ] ] ] } },
{ "type": "Feature", "properties": { "name": "Faisal Town Block D", "label": "Faisal Town Block D", "dup_count": 1, "area_sqkm": 0.35701850000785368, "source": "official_uc_pdf", "method": "voronoi" }, "geometry": { "type": "Polygon", "coordinates": [ [ [ 74.3570788632789, 31.497252724131858 ], [ 74.359300003737246, 31.499698788277051 ], [ 74.362875382291634, 31.502323537769808 ], [ 74.363108269871631, 31.502011344374928 ], [ 74.363779659022299, 31.494617916052118 ], [ 74.357373686924149, 31.495088218192969 ], [ 74.3570788632789, 31.497252724131858 ] ] ] } },
{ "type": "Feature", "properties": { "name": "Canal View Colony", "label": "Canal View Colony", "dup_count": 1, "area_sqkm": 0.46987716195080942, "source": "user_verified_list_2024", "method": "voronoi" }, "geometry": { "type": "Polygon", "coordinates": [ [ [ 74.357373686924149, 31.495088218192969 ], [ 74.355933558890513, 31.494030847952384 ], [ 74.347996846955596, 31.499857921823708 ], [ 74.347422110526438, 31.502811457104276 ], [ 74.352053132921412, 31.502325889678744 ], [ 74.355194225328248, 31.500481156536711 ], [ 74.3570788632789, 31.497252724131858 ], [ 74.357373686924149, 31.495088218192969 ] ] ] } },
{ "type": "Feature", "properties": { "name": "Chak Buta", "label": "Chak Buta", "dup_count": 1, "area_sqkm": 5.5812690264741809, "source": null, "method": "voronoi" }, "geometry": { "type": "Polygon", "coordinates": [ [ [ 74.336427115557555, 31.321733662470198 ], [ 74.338638338975372, 31.319093716739754 ], [ 74.341265515411536, 31.301212659364328 ], [ 74.331601141409251, 31.291671655631855 ], [ 74.309017091308021, 31.311505872235809 ], [ 74.336427115557555, 31.321733662470198 ] ] ] } },
{ "type": "Feature", "properties": { "name": "Panju", "label": "Panju", "dup_count": 1, "area_sqkm": 4.5762720681193887, "source": null, "method": "voronoi" }, "geometry": { "type": "Polygon", "coordinates": [ [ [ 74.349192110921365, 31.381132665738985 ], [ 74.357212366368103, 31.378215211780933 ], [ 74.364114403869877, 31.361630297070775 ], [ 74.350302739877691, 31.351727702178227 ], [ 74.338373633384123, 31.367884192639785 ], [ 74.349192110921365, 31.381132665738985 ] ] ] } },
{ "type": "Feature", "properties": { "name": "Valencia Town Block P1", "label": "Valencia Town Block P1", "dup_count": 1, "area_sqkm": 0.076981800397350225, "source": "user_verified_list_2024", "method": "voronoi" }, "geometry": { "type": "Polygon", "coordinates": [ [ [ 74.3483000037251, 31.553899922744421 ], [ 74.348300005422431, 31.549249974150204 ], [ 74.345436356623836, 31.550299999754383 ], [ 74.347481848280665, 31.55329998887856 ], [ 74.3483000037251, 31.553899922744421 ] ] ] } },
{ "type": "Feature", "properties": { "name": "Moon Market", "label": "Moon Market", "dup_count": 1, "area_sqkm": 0.16849419433968074, "source": "user_verified_list_2024", "method": "voronoi" }, "geometry": { "type": "Polygon", "coordinates": [ [ [ 74.345564606053244, 31.532990750627413 ], [ 74.348635249691512, 31.53636959740237 ], [ 74.351184159298995, 31.535123060279826 ], [ 74.346726516941246, 31.530069108913334 ], [ 74.346568131991077, 31.530045866669745 ], [ 74.345564606053244, 31.532990750627413 ] ] ] } },
{ "type": "Feature", "properties": { "name": "Asal Sulaiman", "label": "Asal Sulaiman", "dup_count": 1, "area_sqkm": 4.8110271154669935, "source": null, "method": "voronoi" }, "geometry": { "type": "Polygon", "coordinates": [ [ [ 74.336427115557555, 31.321733662470198 ], [ 74.342423606883713, 31.338276341876373 ], [ 74.345134053656139, 31.339442882322544 ], [ 74.364463149272268, 31.322015249148109 ], [ 74.361966157262444, 31.310110079479951 ], [ 74.338638338975372, 31.319093716739754 ], [ 74.336427115557555, 31.321733662470198 ] ] ] } },
{ "type": "Feature", "properties": { "name": "Shahtaj Colony", "label": "Shahtaj Colony", "dup_count": 1, "area_sqkm": 0.057961121234900992, "source": "user_verified_list_2024", "method": "voronoi" }, "geometry": { "type": "Polygon", "coordinates": [ [ [ 74.348300005422431, 31.549249974150204 ], [ 74.3483000037251, 31.553899922744421 ], [ 74.349300008454435, 31.554999820350087 ], [ 74.349300007944294, 31.548699942587803 ], [ 74.348300005422431, 31.549249974150204 ] ] ] } },
{ "type": "Feature", "properties": { "name": "Shabir Town", "label": "Shabir Town", "dup_count": 1, "area_sqkm": 0.43283666141221783, "source": "user_verified_list_2024", "method": "voronoi" }, "geometry": { "type": "Polygon", "coordinates": [ [ [ 74.347540201902319, 31.537775320618184 ], [ 74.348452769546, 31.543130169926073 ], [ 74.352800034426238, 31.545255727402473 ], [ 74.352800013981195, 31.534739053105113 ], [ 74.351184159298995, 31.535123060279826 ], [ 74.348635249691512, 31.53636959740237 ], [ 74.347540201902319, 31.537775320618184 ] ] ] } },
{ "type": "Feature", "properties": { "name": "Tech Society", "label": "Tech Society", "dup_count": 1, "area_sqkm": 1.4860003668207462, "source": "user_verified_list_2024", "method": "voronoi" }, "geometry": { "type": "Polygon", "coordinates": [ [ [ 74.338316964964463, 31.490438213698965 ], [ 74.347209495788903, 31.496967727803973 ], [ 74.35409640920426, 31.491911104689752 ], [ 74.348271648532773, 31.480789401315061 ], [ 74.345068825994588, 31.481513245189142 ], [ 74.338316964964463, 31.490438213698965 ] ] ] } },
{ "type": "Feature", "properties": { "name": "Shalimar Town", "label": "Shalimar Town", "dup_count": 1, "area_sqkm": 0.75987893900329606, "source": "user_verified_list_2024", "method": "voronoi" }, "geometry": { "type": "Polygon", "coordinates": [ [ [ 74.347378397296751, 31.575588025370063 ], [ 74.354829211322496, 31.58377870025426 ], [ 74.361361039780533, 31.584699310896529 ], [ 74.361162965561761, 31.582086927356698 ], [ 74.351454954796353, 31.573193316940774 ], [ 74.349878581860509, 31.573450079595847 ], [ 74.347378397296751, 31.575588025370063 ] ] ] } },
{ "type": "Feature", "properties": { "name": "Karol", "label": "Karol", "dup_count": 1, "area_sqkm": 2.5903918624995463, "source": null, "method": "voronoi" }, "geometry": { "type": "Polygon", "coordinates": [ [ [ 74.358606832884334, 31.643457386834005 ], [ 74.369659140689961, 31.646328323380374 ], [ 74.377212972280418, 31.637068785312664 ], [ 74.370204469270689, 31.624541632373539 ], [ 74.364090449181475, 31.626933575025255 ], [ 74.358606832884334, 31.643457386834005 ] ] ] } },
{ "type": "Feature", "properties": { "name": "Dharampura", "label": "Dharampura", "dup_count": 1, "area_sqkm": 0.37772653421308727, "source": "user_verified_list_2024", "method": "voronoi" }, "geometry": { "type": "Polygon", "coordinates": [ [ [ 74.349878581860509, 31.573450079595847 ], [ 74.351454954796353, 31.573193316940774 ], [ 74.355300018170382, 31.569247475872022 ], [ 74.355300021218582, 31.566811627205364 ], [ 74.354799897463863, 31.566527628957139 ], [ 74.351978547243604, 31.56633641784104 ], [ 74.347026866949307, 31.569966279859731 ], [ 74.349878581860509, 31.573450079595847 ] ] ] } },
{ "type": "Feature", "properties": { "name": "M M Alam Road", "label": "M M Alam Road", "dup_count": 1, "area_sqkm": 0.62506410031621651, "source": "user_verified_list_2024", "method": "voronoi" }, "geometry": { "type": "Polygon", "coordinates": [ [ [ 74.343567782105097, 31.521799847396171 ], [ 74.350391479425468, 31.521799998799441 ], [ 74.353800012023967, 31.518048109723136 ], [ 74.35380002982879, 31.514799938167393 ], [ 74.345342060046463, 31.514799922935506 ], [ 74.343567782105097, 31.521799847396171 ] ] ] } },
{ "type": "Feature", "properties": { "name": "Nasheman Colony", "label": "Nasheman Colony", "dup_count": 1, "area_sqkm": 0.15699217486368822, "source": "user_verified_list_2024", "method": "voronoi" }, "geometry": { "type": "Polygon", "coordinates": [ [ [ 74.349950382593818, 31.555953585263833 ], [ 74.351300008241836, 31.55471656652281 ], [ 74.351300018262762, 31.547233152003642 ], [ 74.349300007944294, 31.548699942587803 ], [ 74.349300008454435, 31.554999820350087 ], [ 74.349950382593818, 31.555953585263833 ] ] ] } },
{ "type": "Feature", "properties": { "name": "Khudad Town", "label": "Khudad Town", "dup_count": 1, "area_sqkm": 0.5969089672249297, "source": "user_verified_list_2024", "method": "voronoi" }, "geometry": { "type": "Polygon", "coordinates": [ [ [ 74.349300023185251, 31.558330090127374 ], [ 74.350897411117387, 31.55900795781195 ], [ 74.359340836235404, 31.558483312706276 ], [ 74.36116376683043, 31.551799949535535 ], [ 74.360527331812648, 31.5513332461191 ], [ 74.351300008241836, 31.55471656652281 ], [ 74.349950382593818, 31.555953585263833 ], [ 74.349300022281881, 31.558099501807675 ], [ 74.349300023185251, 31.558330090127374 ] ] ] } },
{ "type": "Feature", "properties": { "name": "Fc College", "label": "Fc College", "dup_count": 1, "area_sqkm": 0.32440736216651872, "source": "user_verified_list_2024", "method": "voronoi" }, "geometry": { "type": "Polygon", "coordinates": [ [ [ 74.342110766618717, 31.524481036161401 ], [ 74.351300005885705, 31.526166845732259 ], [ 74.351300002151234, 31.522799991193263 ], [ 74.350391479425468, 31.521799998799441 ], [ 74.343567782105097, 31.521799847396171 ], [ 74.341798022941987, 31.524153203652318 ], [ 74.342110766618717, 31.524481036161401 ] ] ] } },
{ "type": "Feature", "properties": { "name": "Zaman Colony", "label": "Zaman Colony", "dup_count": 1, "area_sqkm": 0.60492663604471963, "source": "user_verified_list_2024", "method": "voronoi" }, "geometry": { "type": "Polygon", "coordinates": [ [ [ 74.351300008241836, 31.55471656652281 ], [ 74.360527331812648, 31.5513332461191 ], [ 74.356538500724071, 31.545482662699655 ], [ 74.352827011129818, 31.545273313525101 ], [ 74.351300018262762, 31.547233152003642 ], [ 74.351300008241836, 31.55471656652281 ] ] ] } },
{ "type": "Feature", "properties": { "name": "Shaukat Khanum Hospital", "label": "Shaukat Khanum Hospital", "dup_count": 1, "area_sqkm": 3.1782687747013005, "source": "user_verified_list_2024", "method": "voronoi" }, "geometry": { "type": "Polygon", "coordinates": [ [ [ 74.357373686924149, 31.495088218192969 ], [ 74.363779659022299, 31.494617916052118 ], [ 74.373094248153876, 31.491935494562561 ], [ 74.37642130084852, 31.482162962469154 ], [ 74.375965329294914, 31.481397524225635 ], [ 74.348944468063934, 31.480295259465066 ], [ 74.348271648532773, 31.480789401315061 ], [ 74.35409640920426, 31.491911104689752 ], [ 74.355933558890513, 31.494030847952384 ], [ 74.357373686924149, 31.495088218192969 ] ] ] } },
{ "type": "Feature", "properties": { "name": "Gulberg", "label": "Gulberg", "dup_count": 1, "area_sqkm": 0.2051127311518208, "source": null, "method": "voronoi" }, "geometry": { "type": "Polygon", "coordinates": [ [ [ 74.351184159298995, 31.535123060279826 ], [ 74.352800013981195, 31.534739053105113 ], [ 74.353788206708543, 31.534300000887431 ], [ 74.350908291715001, 31.529518449738028 ], [ 74.346726516941246, 31.530069108913334 ], [ 74.351184159298995, 31.535123060279826 ] ] ] } },
{ "type": "Feature", "properties": { "name": "Gujarpura", "label": "Gujarpura", "dup_count": 1, "area_sqkm": 5.088110073114505, "source": null, "method": "voronoi" }, "geometry": { "type": "Polygon", "coordinates": [ [ [ 74.348100579966996, 31.60331980665703 ], [ 74.373200113032468, 31.615051284177838 ], [ 74.37950827322706, 31.604847475361833 ], [ 74.377890150839605, 31.592676241647236 ], [ 74.375842339733566, 31.59090056563705 ], [ 74.365185963275593, 31.589464499069994 ], [ 74.347939194244162, 31.603164394918824 ], [ 74.348100579966996, 31.60331980665703 ] ] ] } },
{ "type": "Feature", "properties": { "name": "Garhi Shahu", "label": "Garhi Shahu", "dup_count": 1, "area_sqkm": 0.58591138799777531, "source": "manually_added_2024", "method": "voronoi" }, "geometry": { "type": "Polygon", "coordinates": [ [ [ 74.354799897463863, 31.566527628957139 ], [ 74.355300021218582, 31.566811627205364 ], [ 74.361904120523434, 31.563061138749987 ], [ 74.359340836235404, 31.558483312706276 ], [ 74.350897411117387, 31.55900795781195 ], [ 74.354799897463863, 31.566527628957139 ] ] ] } },
{ "type": "Feature", "properties": { "name": "Gulberg 3", "label": "Gulberg 3", "dup_count": 1, "area_sqkm": 0.11457927133951067, "source": "user_verified_list_2024", "method": "voronoi" }, "geometry": { "type": "Polygon", "coordinates": [ [ [ 74.352209281830085, 31.52683398824367 ], [ 74.354981433496818, 31.52479999753945 ], [ 74.354072865859862, 31.52279999367066 ], [ 74.351300002151234, 31.522799991193263 ], [ 74.351300005885705, 31.526166845732259 ], [ 74.352209281830085, 31.52683398824367 ] ] ] } },
{ "type": "Feature", "properties": { "name": "Canal Road", "label": "Canal Road", "dup_count": 1, "area_sqkm": 0.27232247700747547, "source": "user_verified_list_2024", "method": "voronoi" }, "geometry": { "type": "Polygon", "coordinates": [ [ [ 74.347209495788903, 31.496967727803973 ], [ 74.347996846955596, 31.499857921823708 ], [ 74.355933558890513, 31.494030847952384 ], [ 74.35409640920426, 31.491911104689752 ], [ 74.347209495788903, 31.496967727803973 ] ] ] } },
{ "type": "Feature", "properties": { "name": "Faisal Town Block C", "label": "Faisal Town Block C", "dup_count": 1, "area_sqkm": 0.17397764486498207, "source": "official_uc_pdf", "method": "voronoi" }, "geometry": { "type": "Polygon", "coordinates": [ [ [ 74.355194225328248, 31.500481156536711 ], [ 74.358606129651591, 31.504238186371072 ], [ 74.35930000402395, 31.503983513994683 ], [ 74.359300003737246, 31.499698788277051 ], [ 74.3570788632789, 31.497252724131858 ], [ 74.355194225328248, 31.500481156536711 ] ] ] } },
{ "type": "Feature", "properties": { "name": "Gor I", "label": "Gor I", "dup_count": 1, "area_sqkm": 0.41881877248288313, "source": "user_verified_list_2024", "method": "voronoi" }, "geometry": { "type": "Polygon", "coordinates": [ [ [ 74.350908291715001, 31.529518449738028 ], [ 74.353788206708543, 31.534300000887431 ], [ 74.358804320101527, 31.534299902357191 ], [ 74.36034499983792, 31.532745806205384 ], [ 74.356800005585001, 31.529278220508175 ], [ 74.352252058374702, 31.527053687771414 ], [ 74.350908291715001, 31.529518449738028 ] ] ] } },
{ "type": "Feature", "properties": { "name": "Faisal Town Block A", "label": "Faisal Town Block A", "dup_count": 1, "area_sqkm": 0.47130779629171082, "source": "official_uc_pdf", "method": "voronoi" }, "geometry": { "type": "Polygon", "coordinates": [ [ [ 74.345250369556979, 31.504469328248739 ], [ 74.355905531486712, 31.510335216233727 ], [ 74.356800019780266, 31.509350414336538 ], [ 74.356800012035606, 31.507552612098792 ], [ 74.352053132921412, 31.502325889678744 ], [ 74.347422110526438, 31.502811457104276 ], [ 74.345324718001663, 31.504351078634567 ], [ 74.345250369556979, 31.504469328248739 ] ] ] } },
{ "type": "Feature", "properties": { "name": "Race Course Park Surrounding Area", "label": "Race Course Park Surrounding Area", "dup_count": 1, "area_sqkm": 0.71531726541607787, "source": "user_verified_list_2024", "method": "voronoi" }, "geometry": { "type": "Polygon", "coordinates": [ [ [ 74.352800013981195, 31.534739053105113 ], [ 74.352800034426238, 31.545255727402473 ], [ 74.352827011129818, 31.545273313525101 ], [ 74.356538500724071, 31.545482662699655 ], [ 74.359733815555686, 31.541799899702376 ], [ 74.358804320101527, 31.534299902357191 ], [ 74.353788206708543, 31.534300000887431 ], [ 74.352800013981195, 31.534739053105113 ] ] ] } },
{ "type": "Feature", "properties": { "name": "Main Gulberg Boulevard", "label": "Main Gulberg Boulevard", "dup_count": 1, "area_sqkm": 0.13572158256081004, "source": "user_verified_list_2024", "method": "voronoi" }, "geometry": { "type": "Polygon", "coordinates": [ [ [ 74.350391479425468, 31.521799998799441 ], [ 74.351300002151234, 31.522799991193263 ], [ 74.354072865859862, 31.52279999367066 ], [ 74.355126220292661, 31.520481163927503 ], [ 74.353800012023967, 31.518048109723136 ], [ 74.350391479425468, 31.521799998799441 ] ] ] } },
{ "type": "Feature", "properties": { "name": "Ram Garh", "label": "Ram Garh", "dup_count": 1, "area_sqkm": 2.8054860118536058, "source": "user_verified_list_2024", "method": "voronoi" }, "geometry": { "type": "Polygon", "coordinates": [ [ [ 74.361361039780533, 31.584699310896529 ], [ 74.365185963275593, 31.589464499069994 ], [ 74.375842339733566, 31.59090056563705 ], [ 74.379567527245172, 31.579981289672034 ], [ 74.378158560596304, 31.57585083881634 ], [ 74.377253669234506, 31.574798530827284 ], [ 74.367300029705049, 31.57115066741942 ], [ 74.363661809196017, 31.574150773020705 ], [ 74.361162965561761, 31.582086927356698 ], [ 74.361361039780533, 31.584699310896529 ] ] ] } },
{ "type": "Feature", "properties": { "name": "Gulberg 4", "label": "Gulberg 4", "dup_count": 1, "area_sqkm": 0.38545854767098486, "source": "user_verified_list_2024", "method": "voronoi" }, "geometry": { "type": "Polygon", "coordinates": [ [ [ 74.353800012023967, 31.518048109723136 ], [ 74.355126220292661, 31.520481163927503 ], [ 74.359008843948899, 31.522380526073523 ], [ 74.36120931105684, 31.520765831127296 ], [ 74.361538350517051, 31.519075644700212 ], [ 74.354862357883476, 31.514176214432009 ], [ 74.35380002982879, 31.514799938167393 ], [ 74.353800012023967, 31.518048109723136 ] ] ] } },
{ "type": "Feature", "properties": { "name": "Gor", "label": "Gor", "dup_count": 1, "area_sqkm": 0.13322498273339614, "source": "user_verified_list_2024", "method": "voronoi" }, "geometry": { "type": "Polygon", "coordinates": [ [ [ 74.352209281830085, 31.52683398824367 ], [ 74.352252058374702, 31.527053687771414 ], [ 74.356800005585001, 31.529278220508175 ], [ 74.356800003845265, 31.524799996241459 ], [ 74.354981433496818, 31.52479999753945 ], [ 74.352209281830085, 31.52683398824367 ] ] ] } },
{ "type": "Feature", "properties": { "name": "Gor II", "label": "Gor II", "dup_count": 1, "area_sqkm": 0.41125456275239414, "source": "user_verified_list_2024", "method": "voronoi" }, "geometry": { "type": "Polygon", "coordinates": [ [ [ 74.36034499983792, 31.532745806205384 ], [ 74.365128538664564, 31.530512520913664 ], [ 74.358610132663756, 31.524135894494847 ], [ 74.356800003845265, 31.524799996241459 ], [ 74.356800005585001, 31.529278220508175 ], [ 74.36034499983792, 31.532745806205384 ] ] ] } },
{ "type": "Feature", "properties": { "name": "Shalimar Link Road", "label": "Shalimar Link Road", "dup_count": 1, "area_sqkm": 0.79974123363372429, "source": "user_verified_list_2024", "method": "voronoi" }, "geometry": { "type": "Polygon", "coordinates": [ [ [ 74.351454954796353, 31.573193316940774 ], [ 74.361162965561761, 31.582086927356698 ], [ 74.363661809196017, 31.574150773020705 ], [ 74.355300018170382, 31.569247475872022 ], [ 74.351454954796353, 31.573193316940774 ] ] ] } },
{ "type": "Feature", "properties": { "name": "Taj Bagh", "label": "Taj Bagh", "dup_count": 1, "area_sqkm": 1.0228925752694151, "source": "user_verified_list_2024", "method": "voronoi" }, "geometry": { "type": "Polygon", "coordinates": [ [ [ 74.36116376683043, 31.551799949535535 ], [ 74.368316472812353, 31.551799952906208 ], [ 74.371063903868645, 31.54902962144676 ], [ 74.369800015857422, 31.546866890754366 ], [ 74.362891539304016, 31.541799986367256 ], [ 74.359733815555686, 31.541799899702376 ], [ 74.356538500724071, 31.545482662699655 ], [ 74.360527331812648, 31.5513332461191 ], [ 74.36116376683043, 31.551799949535535 ] ] ] } },
{ "type": "Feature", "properties": { "name": "Faisal Town Block B", "label": "Faisal Town Block B", "dup_count": 1, "area_sqkm": 0.22915743366590741, "source": "official_uc_pdf", "method": "voronoi" }, "geometry": { "type": "Polygon", "coordinates": [ [ [ 74.356800012035606, 31.507552612098792 ], [ 74.358606129651591, 31.504238186371072 ], [ 74.355194225328248, 31.500481156536711 ], [ 74.352053132921412, 31.502325889678744 ], [ 74.356800012035606, 31.507552612098792 ] ] ] } },
{ "type": "Feature", "properties": { "name": "CMA Colony", "label": "CMA Colony", "dup_count": 1, "area_sqkm": 1.1579693346285653, "source": "user_verified_list_2024", "method": "voronoi" }, "geometry": { "type": "Polygon", "coordinates": [ [ [ 74.358804320101527, 31.534299902357191 ], [ 74.359733815555686, 31.541799899702376 ], [ 74.362891539304016, 31.541799986367256 ], [ 74.369800015682017, 31.538759573129937 ], [ 74.372867090500108, 31.53560974840747 ], [ 74.367811487526211, 31.530090663887979 ], [ 74.365128538664564, 31.530512520913664 ], [ 74.36034499983792, 31.532745806205384 ], [ 74.358804320101527, 31.534299902357191 ] ] ] } },
{ "type": "Feature", "properties": { "name": "Kot Khawaja Saeed", "label": "Kot Khawaja Saeed", "dup_count": 1, "area_sqkm": 0.15127676003350671, "source": "official_uc_pdf", "method": "voronoi" }, "geometry": { "type": "Polygon", "coordinates": [ [ [ 74.354981433496818, 31.52479999753945 ], [ 74.356800003845265, 31.524799996241459 ], [ 74.358610132663756, 31.524135894494847 ], [ 74.359008843948899, 31.522380526073523 ], [ 74.355126220292661, 31.520481163927503 ], [ 74.354072865859862, 31.52279999367066 ], [ 74.354981433496818, 31.52479999753945 ] ] ] } },
{ "type": "Feature", "properties": { "name": "Ghousia Colony", "label": "Ghousia Colony", "dup_count": 1, "area_sqkm": 0.88388418964335858, "source": "user_verified_list_2024", "method": "voronoi" }, "geometry": { "type": "Polygon", "coordinates": [ [ [ 74.355300018170382, 31.569247475872022 ], [ 74.363661809196017, 31.574150773020705 ], [ 74.367300029705049, 31.57115066741942 ], [ 74.367300025729904, 31.567999130783189 ], [ 74.36309922348353, 31.563379749007495 ], [ 74.361904120523434, 31.563061138749987 ], [ 74.355300021218582, 31.566811627205364 ], [ 74.355300018170382, 31.569247475872022 ] ] ] } },
{ "type": "Feature", "properties": { "name": "Ittehad Colony", "label": "Ittehad Colony", "dup_count": 1, "area_sqkm": 0.97318320601845298, "source": "user_verified_list_2024", "method": "voronoi" }, "geometry": { "type": "Polygon", "coordinates": [ [ [ 74.361904120523434, 31.563061138749987 ], [ 74.36309922348353, 31.563379749007495 ], [ 74.371136664640815, 31.557486884354919 ], [ 74.368316472812353, 31.551799952906208 ], [ 74.36116376683043, 31.551799949535535 ], [ 74.359340836235404, 31.558483312706276 ], [ 74.361904120523434, 31.563061138749987 ] ] ] } },
{ "type": "Feature", "properties": { "name": "Super Town", "label": "Super Town", "dup_count": 1, "area_sqkm": 0.62092502983852038, "source": "user_verified_list_2024", "method": "voronoi" }, "geometry": { "type": "Polygon", "coordinates": [ [ [ 74.355905531486712, 31.510335216233727 ], [ 74.35511878409423, 31.513799824608217 ], [ 74.366162623929924, 31.513799925318516 ], [ 74.368631284286366, 31.51198805569474 ], [ 74.366062548448653, 31.508217293037809 ], [ 74.356800019780266, 31.509350414336538 ], [ 74.355905531486712, 31.510335216233727 ] ] ] } },
{ "type": "Feature", "properties": { "name": "Bokanwal", "label": "Bokanwal", "dup_count": 1, "area_sqkm": 20.315440767344544, "source": null, "method": "voronoi" }, "geometry": { "type": "Polygon", "coordinates": [ [ [ 74.413073037674693, 31.706035897132274 ], [ 74.414284810945261, 31.7012933760758 ], [ 74.388955228471673, 31.649136067400669 ], [ 74.386238210101126, 31.648582596740461 ], [ 74.374206180959817, 31.652066307478208 ], [ 74.360818501310618, 31.694788421102498 ], [ 74.411168676633324, 31.712338214420544 ], [ 74.413073037674693, 31.706035897132274 ] ] ] } },
{ "type": "Feature", "properties": { "name": "Ano Bhatti", "label": "Ano Bhatti", "dup_count": 1, "area_sqkm": 1.4723643195634024, "source": null, "method": "voronoi" }, "geometry": { "type": "Polygon", "coordinates": [ [ [ 74.374206180959817, 31.652066307478208 ], [ 74.386238210101126, 31.648582596740461 ], [ 74.380105754005399, 31.638211670698105 ], [ 74.377212972280418, 31.637068785312664 ], [ 74.369659140689961, 31.646328323380374 ], [ 74.374206180959817, 31.652066307478208 ] ] ] } },
{ "type": "Feature", "properties": { "name": "Walton Cantt", "label": "Walton Cantt", "dup_count": 1, "area_sqkm": 0.41109695314650835, "source": "official_uc_pdf", "method": "voronoi" }, "geometry": { "type": "Polygon", "coordinates": [ [ [ 74.358606129651591, 31.504238186371072 ], [ 74.356800012035606, 31.507552612098792 ], [ 74.356800019780266, 31.509350414336538 ], [ 74.366062548448653, 31.508217293037809 ], [ 74.366229535876528, 31.506868983051056 ], [ 74.362808408640063, 31.503339632624613 ], [ 74.35930000402395, 31.503983513994683 ], [ 74.358606129651591, 31.504238186371072 ] ] ] } },
{ "type": "Feature", "properties": { "name": "Gor III", "label": "Gor III", "dup_count": 1, "area_sqkm": 0.56159455698556504, "source": "user_verified_list_2024", "method": "voronoi" }, "geometry": { "type": "Polygon", "coordinates": [ [ [ 74.358610132663756, 31.524135894494847 ], [ 74.365128538664564, 31.530512520913664 ], [ 74.367811487526211, 31.530090663887979 ], [ 74.369065424987397, 31.527558229526953 ], [ 74.369074951193483, 31.52653719993944 ], [ 74.36120931105684, 31.520765831127296 ], [ 74.359008843948899, 31.522380526073523 ], [ 74.358610132663756, 31.524135894494847 ] ] ] } },
{ "type": "Feature", "properties": { "name": "Architects Engineers Society", "label": "Architects Engineers Society", "dup_count": 1, "area_sqkm": 5.2141988821867553, "source": "user_verified_list_2024", "method": "voronoi" }, "geometry": { "type": "Polygon", "coordinates": [ [ [ 74.348944468063934, 31.480295259465066 ], [ 74.375965329294914, 31.481397524225635 ], [ 74.375980437509824, 31.481311524468456 ], [ 74.36993483652472, 31.461279799070653 ], [ 74.35369000072798, 31.454729588154152 ], [ 74.348944468063934, 31.480295259465066 ] ] ] } },
{ "type": "Feature", "properties": { "name": "Khand", "label": "Khand", "dup_count": 1, "area_sqkm": 3.647248701916237, "source": null, "method": "voronoi" }, "geometry": { "type": "Polygon", "coordinates": [ [ [ 74.338638338975372, 31.319093716739754 ], [ 74.361966157262444, 31.310110079479951 ], [ 74.366715756155031, 31.302823107016739 ], [ 74.363782481548938, 31.298684473465205 ], [ 74.341265515411536, 31.301212659364328 ], [ 74.338638338975372, 31.319093716739754 ] ] ] } },
{ "type": "Feature", "properties": { "name": "West Wood Colony", "label": "West Wood Colony", "dup_count": 1, "area_sqkm": 0.099788051574578776, "source": "user_verified_list_2024", "method": "voronoi" }, "geometry": { "type": "Polygon", "coordinates": [ [ [ 74.362808408640063, 31.503339632624613 ], [ 74.362875382291634, 31.502323537769808 ], [ 74.359300003737246, 31.499698788277051 ], [ 74.35930000402395, 31.503983513994683 ], [ 74.362808408640063, 31.503339632624613 ] ] ] } },
{ "type": "Feature", "properties": { "name": "Baddoki", "label": "Baddoki", "dup_count": 1, "area_sqkm": 4.5336313649761282, "source": null, "method": "voronoi" }, "geometry": { "type": "Polygon", "coordinates": [ [ [ 74.364463149272268, 31.322015249148109 ], [ 74.379552875921163, 31.326595433454521 ], [ 74.388308082169928, 31.315312068520011 ], [ 74.387500189342205, 31.313316662256252 ], [ 74.382157371052188, 31.306114062108922 ], [ 74.366715756155031, 31.302823107016739 ], [ 74.361966157262444, 31.310110079479951 ], [ 74.364463149272268, 31.322015249148109 ] ] ] } },
{ "type": "Feature", "properties": { "name": "Gulberg 5", "label": "Gulberg 5", "dup_count": 1, "area_sqkm": 0.37627569977672354, "source": "user_verified_list_2024", "method": "voronoi" }, "geometry": { "type": "Polygon", "coordinates": [ [ [ 74.354862357883476, 31.514176214432009 ], [ 74.361538350517051, 31.519075644700212 ], [ 74.364323330834424, 31.51784940769452 ], [ 74.366162623929924, 31.513799925318516 ], [ 74.35511878409423, 31.513799824608217 ], [ 74.354862357883476, 31.514176214432009 ] ] ] } },
{ "type": "Feature", "properties": { "name": "Gor IV", "label": "Gor IV", "dup_count": 1, "area_sqkm": 0.41146042796854315, "source": "user_verified_list_2024", "method": "voronoi" }, "geometry": { "type": "Polygon", "coordinates": [ [ [ 74.36120931105684, 31.520765831127296 ], [ 74.369074951193483, 31.52653719993944 ], [ 74.370569726141767, 31.522433053201336 ], [ 74.364323330834424, 31.51784940769452 ], [ 74.361538350517051, 31.519075644700212 ], [ 74.36120931105684, 31.520765831127296 ] ] ] } },
{ "type": "Feature", "properties": { "name": "Ali Park", "label": "Ali Park", "dup_count": 1, "area_sqkm": 0.61111191417813071, "source": "user_verified_list_2024", "method": "voronoi" }, "geometry": { "type": "Polygon", "coordinates": [ [ [ 74.377253669234506, 31.574798530827284 ], [ 74.377675912818006, 31.569908127590026 ], [ 74.371963089775562, 31.565720282620884 ], [ 74.367300025729904, 31.567999130783189 ], [ 74.367300029705049, 31.57115066741942 ], [ 74.377253669234506, 31.574798530827284 ] ] ] } },
{ "type": "Feature", "properties": { "name": "Jhuggian", "label": "Jhuggian", "dup_count": 1, "area_sqkm": 3.2984042171132288, "source": null, "method": "voronoi" }, "geometry": { "type": "Polygon", "coordinates": [ [ [ 74.370204469270689, 31.624541632373539 ], [ 74.377212972280418, 31.637068785312664 ], [ 74.380105754005399, 31.638211670698105 ], [ 74.393184935094453, 31.634310258045225 ], [ 74.399886454973384, 31.626186640224748 ], [ 74.373634389526231, 31.620493319105108 ], [ 74.370204469270689, 31.624541632373539 ] ] ] } },
{ "type": "Feature", "properties": { "name": "Sufiabad", "label": "Sufiabad", "dup_count": 1, "area_sqkm": 6.3438731146735776, "source": null, "method": "voronoi" }, "geometry": { "type": "Polygon", "coordinates": [ [ [ 74.349853783350724, 31.446484993581226 ], [ 74.377846777129378, 31.433910792028488 ], [ 74.378731647866502, 31.432893714682361 ], [ 74.354532829463622, 31.408857494709267 ], [ 74.347504459180271, 31.431916301530759 ], [ 74.349853783350724, 31.446484993581226 ] ] ] } },
{ "type": "Feature", "properties": { "name": "Walton", "label": "Walton", "dup_count": 1, "area_sqkm": 0.42767433148271683, "source": "manually_added_2024", "method": "voronoi" }, "geometry": { "type": "Polygon", "coordinates": [ [ [ 74.362875382291634, 31.502323537769808 ], [ 74.362808408640063, 31.503339632624613 ], [ 74.366229535876528, 31.506868983051056 ], [ 74.371962591846199, 31.501675560522287 ], [ 74.372245211139273, 31.498178194201802 ], [ 74.363108269871631, 31.502011344374928 ], [ 74.362875382291634, 31.502323537769808 ] ] ] } },
{ "type": "Feature", "properties": { "name": "Sarwar Road", "label": "Sarwar Road", "dup_count": 1, "area_sqkm": 0.82616329870044491, "source": "user_verified_list_2024", "method": "voronoi" }, "geometry": { "type": "Polygon", "coordinates": [ [ [ 74.371063903868645, 31.54902962144676 ], [ 74.37683086612401, 31.547491679342986 ], [ 74.376206272652723, 31.536611152200923 ], [ 74.372867090500108, 31.53560974840747 ], [ 74.369800015682017, 31.538759573129937 ], [ 74.369800015857422, 31.546866890754366 ], [ 74.371063903868645, 31.54902962144676 ] ] ] } },
{ "type": "Feature", "properties": { "name": "Samia Town", "label": "Samia Town", "dup_count": 1, "area_sqkm": 0.77658687352531308, "source": "user_verified_list_2024", "method": "voronoi" }, "geometry": { "type": "Polygon", "coordinates": [ [ [ 74.367300025729904, 31.567999130783189 ], [ 74.371963089775562, 31.565720282620884 ], [ 74.376064355806605, 31.561210121190332 ], [ 74.376512619182307, 31.560114616936524 ], [ 74.371136664640815, 31.557486884354919 ], [ 74.36309922348353, 31.563379749007495 ], [ 74.367300025729904, 31.567999130783189 ] ] ] } },
{ "type": "Feature", "properties": { "name": "Walton Road", "label": "Walton Road", "dup_count": 1, "area_sqkm": 0.6633315895937365, "source": "user_verified_list_2024", "method": "voronoi" }, "geometry": { "type": "Polygon", "coordinates": [ [ [ 74.363779659022299, 31.494617916052118 ], [ 74.363108269871631, 31.502011344374928 ], [ 74.372245211139273, 31.498178194201802 ], [ 74.37337356562945, 31.494332001530392 ], [ 74.373521240506321, 31.493428499654517 ], [ 74.373094248153876, 31.491935494562561 ], [ 74.363779659022299, 31.494617916052118 ] ] ] } },
{ "type": "Feature", "properties": { "name": "Taj Pura", "label": "Taj Pura", "dup_count": 1, "area_sqkm": 0.29651993962569018, "source": "user_verified_list_2024", "method": "voronoi" }, "geometry": { "type": "Polygon", "coordinates": [ [ [ 74.369800015857422, 31.546866890754366 ], [ 74.369800015682017, 31.538759573129937 ], [ 74.362891539304016, 31.541799986367256 ], [ 74.369800015857422, 31.546866890754366 ] ] ] } },
{ "type": "Feature", "properties": { "name": "Gor V", "label": "Gor V", "dup_count": 1, "area_sqkm": 0.78565731097175451, "source": "user_verified_list_2024", "method": "voronoi" }, "geometry": { "type": "Polygon", "coordinates": [ [ [ 74.364323330834424, 31.51784940769452 ], [ 74.370569726141767, 31.522433053201336 ], [ 74.37644353093107, 31.516356100978587 ], [ 74.373977121378985, 31.513414716261074 ], [ 74.368631284286366, 31.51198805569474 ], [ 74.366162623929924, 31.513799925318516 ], [ 74.364323330834424, 31.51784940769452 ] ] ] } },
{ "type": "Feature", "properties": { "name": "Lahore Cantt", "label": "Lahore Cantt", "dup_count": 1, "area_sqkm": 1.1390191788260795, "source": null, "method": "voronoi" }, "geometry": { "type": "Polygon", "coordinates": [ [ [ 74.367811487526211, 31.530090663887979 ], [ 74.372867090500108, 31.53560974840747 ], [ 74.376206272652723, 31.536611152200923 ], [ 74.378894248957408, 31.535998989536118 ], [ 74.382762281407253, 31.528837623383705 ], [ 74.383171483194943, 31.526546786563518 ], [ 74.383064469858766, 31.525939470921923 ], [ 74.369065424987397, 31.527558229526953 ], [ 74.367811487526211, 31.530090663887979 ] ] ] } },
{ "type": "Feature", "properties": { "name": "Cantonment", "label": "Cantonment", "dup_count": 1, "area_sqkm": 1.2732054260736878, "source": null, "method": "voronoi" }, "geometry": { "type": "Polygon", "coordinates": [ [ [ 74.369065424987397, 31.527558229526953 ], [ 74.383064469858766, 31.525939470921923 ], [ 74.384920114593427, 31.521261181554149 ], [ 74.384659645652292, 31.518237515380374 ], [ 74.37644353093107, 31.516356100978587 ], [ 74.370569726141767, 31.522433053201336 ], [ 74.369074951193483, 31.52653719993944 ], [ 74.369065424987397, 31.527558229526953 ] ] ] } },
{ "type": "Feature", "properties": { "name": "Kainchi", "label": "Kainchi", "dup_count": 1, "area_sqkm": 0.80722668655298524, "source": "user_verified_list_2024", "method": "voronoi" }, "geometry": { "type": "Polygon", "coordinates": [ [ [ 74.366062548448653, 31.508217293037809 ], [ 74.368631284286366, 31.51198805569474 ], [ 74.373977121378985, 31.513414716261074 ], [ 74.376859602018371, 31.507067684669934 ], [ 74.371962591846199, 31.501675560522287 ], [ 74.366229535876528, 31.506868983051056 ], [ 74.366062548448653, 31.508217293037809 ] ] ] } },
{ "type": "Feature", "properties": { "name": "Ghazi Road", "label": "Ghazi Road", "dup_count": 1, "area_sqkm": 0.55889674351490082, "source": "user_verified_list_2024", "method": "voronoi" }, "geometry": { "type": "Polygon", "coordinates": [ [ [ 74.372245211139273, 31.498178194201802 ], [ 74.371962591846199, 31.501675560522287 ], [ 74.376859602018371, 31.507067684669934 ], [ 74.381131990842775, 31.505723658372016 ], [ 74.37337356562945, 31.494332001530392 ], [ 74.372245211139273, 31.498178194201802 ] ] ] } },
{ "type": "Feature", "properties": { "name": "Made Shah", "label": "Made Shah", "dup_count": 1, "area_sqkm": 4.1223786258787873, "source": null, "method": "voronoi" }, "geometry": { "type": "Polygon", "coordinates": [ [ [ 74.345917905532104, 31.34009463018312 ], [ 74.379094195842171, 31.338404874880798 ], [ 74.379265629056761, 31.338141374012206 ], [ 74.379552875921163, 31.326595433454521 ], [ 74.364463149272268, 31.322015249148109 ], [ 74.345134053656139, 31.339442882322544 ], [ 74.345917905532104, 31.34009463018312 ] ] ] } },
{ "type": "Feature", "properties": { "name": "Bund Road Area", "label": "Bund Road Area", "dup_count": 1, "area_sqkm": 1.4045953354944392, "source": "official_uc_pdf", "method": "voronoi" }, "geometry": { "type": "Polygon", "coordinates": [ [ [ 74.368316472812353, 31.551799952906208 ], [ 74.371136664640815, 31.557486884354919 ], [ 74.376512619182307, 31.560114616936524 ], [ 74.379955927407252, 31.559273073057177 ], [ 74.384086393470341, 31.551450614988351 ], [ 74.382588986779254, 31.549528947152087 ], [ 74.37683086612401, 31.547491679342986 ], [ 74.371063903868645, 31.54902962144676 ], [ 74.368316472812353, 31.551799952906208 ] ] ] } },
{ "type": "Feature", "properties": { "name": "Mughalpura", "label": "Mughalpura", "dup_count": 1, "area_sqkm": 0.44542751118100671, "source": "manually_added_2024", "method": "voronoi" }, "geometry": { "type": "Polygon", "coordinates": [ [ [ 74.377675912818006, 31.569908127590026 ], [ 74.377253669234506, 31.574798530827284 ], [ 74.378158560596304, 31.57585083881634 ], [ 74.386498083862861, 31.56869021404124 ], [ 74.382701930517626, 31.566773207591957 ], [ 74.378527867518429, 31.568434267877663 ], [ 74.377675912818006, 31.569908127590026 ] ] ] } },
{ "type": "Feature", "properties": { "name": "Nabi Pura", "label": "Nabi Pura", "dup_count": 1, "area_sqkm": 0.27907484399289256, "source": "user_verified_list_2024", "method": "voronoi" }, "geometry": { "type": "Polygon", "coordinates": [ [ [ 74.378527867518429, 31.568434267877663 ], [ 74.376064355806605, 31.561210121190332 ], [ 74.371963089775562, 31.565720282620884 ], [ 74.377675912818006, 31.569908127590026 ], [ 74.378527867518429, 31.568434267877663 ] ] ] } },
{ "type": "Feature", "properties": { "name": "Gulu Kot", "label": "Gulu Kot", "dup_count": 1, "area_sqkm": 6.4020308044766905, "source": null, "method": "voronoi" }, "geometry": { "type": "Polygon", "coordinates": [ [ [ 74.354532829463622, 31.408857494709267 ], [ 74.378731647866502, 31.432893714682361 ], [ 74.386324701103192, 31.430158790572449 ], [ 74.390261949320021, 31.426628668953221 ], [ 74.386247955626487, 31.414543151513175 ], [ 74.382712722647284, 31.40618071464052 ], [ 74.374155488049567, 31.401420393100903 ], [ 74.354531404949029, 31.408850236709227 ], [ 74.354532829463622, 31.408857494709267 ] ] ] } },
{ "type": "Feature", "properties": { "name": "K B Society", "label": "K B Society", "dup_count": 1, "area_sqkm": 0.62658409440551266, "source": "user_verified_list_2024", "method": "voronoi" }, "geometry": { "type": "Polygon", "coordinates": [ [ [ 74.37337356562945, 31.494332001530392 ], [ 74.381131990842775, 31.505723658372016 ], [ 74.383034626271694, 31.505549054022449 ], [ 74.386995351549317, 31.50167238053632 ], [ 74.373521240506321, 31.493428499654517 ], [ 74.37337356562945, 31.494332001530392 ] ] ] } },
{ "type": "Feature", "properties": { "name": "Purana Kahna", "label": "Purana Kahna", "dup_count": 1, "area_sqkm": 6.7672846523834744, "source": null, "method": "voronoi" }, "geometry": { "type": "Polygon", "coordinates": [ [ [ 74.350302739877691, 31.351727702178227 ], [ 74.364114403869877, 31.361630297070775 ], [ 74.378720410210619, 31.360655351219012 ], [ 74.382884929373603, 31.349763391779607 ], [ 74.379094195842171, 31.338404874880798 ], [ 74.345917905532104, 31.34009463018312 ], [ 74.350302739877691, 31.351727702178227 ] ] ] } },
{ "type": "Feature", "properties": { "name": "Muslim Abad", "label": "Muslim Abad", "dup_count": 1, "area_sqkm": 0.40720014018197598, "source": "user_verified_list_2024", "method": "voronoi" }, "geometry": { "type": "Polygon", "coordinates": [ [ [ 74.376512619182307, 31.560114616936524 ], [ 74.376064355806605, 31.561210121190332 ], [ 74.378527867518429, 31.568434267877663 ], [ 74.382701930517626, 31.566773207591957 ], [ 74.380837709182941, 31.559939520632785 ], [ 74.379955927407252, 31.559273073057177 ], [ 74.376512619182307, 31.560114616936524 ] ] ] } },
{ "type": "Feature", "properties": { "name": "Kahna", "label": "Kahna", "dup_count": 1, "area_sqkm": 5.77788693079866, "source": null, "method": "voronoi" }, "geometry": { "type": "Polygon", "coordinates": [ [ [ 74.357212366368103, 31.378215211780933 ], [ 74.37808854220971, 31.386824065835363 ], [ 74.387252838969971, 31.380500873479299 ], [ 74.388003751572924, 31.378554756577309 ], [ 74.383025967079362, 31.365205794181442 ], [ 74.378720410210619, 31.360655351219012 ], [ 74.364114403869877, 31.361630297070775 ], [ 74.357212366368103, 31.378215211780933 ] ] ] } },
{ "type": "Feature", "properties": { "name": "Janda", "label": "Janda", "dup_count": 1, "area_sqkm": 6.1580828021840448, "source": null, "method": "voronoi" }, "geometry": { "type": "Polygon", "coordinates": [ [ [ 74.373634389526231, 31.620493319105108 ], [ 74.399886454973384, 31.626186640224748 ], [ 74.402966234030885, 31.625512082024223 ], [ 74.410816399925494, 31.62125070532181 ], [ 74.410763549999317, 31.610380193077699 ], [ 74.37950827322706, 31.604847475361833 ], [ 74.373200113032468, 31.615051284177838 ], [ 74.373634389526231, 31.620493319105108 ] ] ] } },
{ "type": "Feature", "properties": { "name": "Cavalry Ground", "label": "Cavalry Ground", "dup_count": 1, "area_sqkm": 1.0420103215973551, "source": "manually_added_2024", "method": "voronoi" }, "geometry": { "type": "Polygon", "coordinates": [ [ [ 74.37683086612401, 31.547491679342986 ], [ 74.382588986779254, 31.549528947152087 ], [ 74.385986303921271, 31.54329994303416 ], [ 74.38461775445208, 31.537967111507786 ], [ 74.378894248957408, 31.535998989536118 ], [ 74.376206272652723, 31.536611152200923 ], [ 74.37683086612401, 31.547491679342986 ] ] ] } },
{ "type": "Feature", "properties": { "name": "Talwara Camp", "label": "Talwara Camp", "dup_count": 1, "area_sqkm": 19.633983080603016, "source": null, "method": "voronoi" }, "geometry": { "type": "Polygon", "coordinates": [ [ [ 74.411168676633324, 31.712338214420544 ], [ 74.455619902502804, 31.727808697390209 ], [ 74.475634217305355, 31.696198043387763 ], [ 74.470169758627421, 31.671095464300343 ], [ 74.413073037674693, 31.706035897132274 ], [ 74.411168676633324, 31.712338214420544 ] ] ] } },
{ "type": "Feature", "properties": { "name": "Dera Nawab Sahib", "label": "Dera Nawab Sahib", "dup_count": 1, "area_sqkm": 10.691618397935638, "source": null, "method": "voronoi" }, "geometry": { "type": "Polygon", "coordinates": [ [ [ 74.414284810945261, 31.7012933760758 ], [ 74.426649327549541, 31.673431131115766 ], [ 74.416134509774281, 31.654615602848825 ], [ 74.403925664068694, 31.645146493461873 ], [ 74.391856866346586, 31.646569127740221 ], [ 74.388955228471673, 31.649136067400669 ], [ 74.414284810945261, 31.7012933760758 ] ] ] } },
{ "type": "Feature", "properties": { "name": "Abdalian Housing Society", "label": "Abdalian Housing Society", "dup_count": 1, "area_sqkm": 1.1632217986751161, "source": "user_verified_list_2024", "method": "voronoi" }, "geometry": { "type": "Polygon", "coordinates": [ [ [ 74.37644353093107, 31.516356100978587 ], [ 74.384659645652292, 31.518237515380374 ], [ 74.387237556857585, 31.516345705186108 ], [ 74.383034626271694, 31.505549054022449 ], [ 74.381131990842775, 31.505723658372016 ], [ 74.376859602018371, 31.507067684669934 ], [ 74.373977121378985, 31.513414716261074 ], [ 74.37644353093107, 31.516356100978587 ] ] ] } },
{ "type": "Feature", "properties": { "name": "Laswari", "label": "Laswari", "dup_count": 1, "area_sqkm": 1.0235176783465019, "source": null, "method": "voronoi" }, "geometry": { "type": "Polygon", "coordinates": [ [ [ 74.380837709182941, 31.559939520632785 ], [ 74.392113770828345, 31.563389455222417 ], [ 74.391156920488882, 31.552402412408565 ], [ 74.384086393470341, 31.551450614988351 ], [ 74.379955927407252, 31.559273073057177 ], [ 74.380837709182941, 31.559939520632785 ] ] ] } },
{ "type": "Feature", "properties": { "name": "Mustafa Abad", "label": "Mustafa Abad", "dup_count": 1, "area_sqkm": 0.60491072428281034, "source": "user_verified_list_2024", "method": "voronoi" }, "geometry": { "type": "Polygon", "coordinates": [ [ [ 74.386498083862861, 31.56869021404124 ], [ 74.388033088732882, 31.568549536608202 ], [ 74.392663857024559, 31.564023171395775 ], [ 74.392113770828345, 31.563389455222417 ], [ 74.380837709182941, 31.559939520632785 ], [ 74.382701930517626, 31.566773207591957 ], [ 74.386498083862861, 31.56869021404124 ] ] ] } },
{ "type": "Feature", "properties": { "name": "Sugian Wasuopura", "label": "Sugian Wasuopura", "dup_count": 1, "area_sqkm": 1.2394380062673929, "source": null, "method": "voronoi" }, "geometry": { "type": "Polygon", "coordinates": [ [ [ 74.386238210101126, 31.648582596740461 ], [ 74.388955228471673, 31.649136067400669 ], [ 74.391856866346586, 31.646569127740221 ], [ 74.393184935094453, 31.634310258045225 ], [ 74.380105754005399, 31.638211670698105 ], [ 74.386238210101126, 31.648582596740461 ] ] ] } },
{ "type": "Feature", "properties": { "name": "Guldasht Colony", "label": "Guldasht Colony", "dup_count": 1, "area_sqkm": 0.84865850484328709, "source": "user_verified_list_2024", "method": "voronoi" }, "geometry": { "type": "Polygon", "coordinates": [ [ [ 74.379567527245172, 31.579981289672034 ], [ 74.391033406281139, 31.5762466977957 ], [ 74.388033088732882, 31.568549536608202 ], [ 74.386498083862861, 31.56869021404124 ], [ 74.378158560596304, 31.57585083881634 ], [ 74.379567527245172, 31.579981289672034 ] ] ] } },
{ "type": "Feature", "properties": { "name": "Haveli Tarkana", "label": "Haveli Tarkana", "dup_count": 1, "area_sqkm": 4.9583494507597301, "source": null, "method": "voronoi" }, "geometry": { "type": "Polygon", "coordinates": [ [ [ 74.379094195842171, 31.338404874880798 ], [ 74.382884929373603, 31.349763391779607 ], [ 74.413267398538508, 31.348935630374289 ], [ 74.416268554486507, 31.337149429610168 ], [ 74.409587368880793, 31.333482073080095 ], [ 74.379265629056761, 31.338141374012206 ], [ 74.379094195842171, 31.338404874880798 ] ] ] } },
{ "type": "Feature", "properties": { "name": "Salamatpura", "label": "Salamatpura", "dup_count": 1, "area_sqkm": 3.1395640965815304, "source": "user_verified_list_2024", "method": "voronoi" }, "geometry": { "type": "Polygon", "coordinates": [ [ [ 74.373521240506321, 31.493428499654517 ], [ 74.386995351549317, 31.50167238053632 ], [ 74.396161829301704, 31.499989679662534 ], [ 74.393983572893333, 31.487322425877039 ], [ 74.37642130084852, 31.482162962469154 ], [ 74.373094248153876, 31.491935494562561 ], [ 74.373521240506321, 31.493428499654517 ] ] ] } },
{ "type": "Feature", "properties": { "name": "Jholke", "label": "Jholke", "dup_count": 1, "area_sqkm": 4.5391076414852058, "source": null, "method": "voronoi" }, "geometry": { "type": "Polygon", "coordinates": [ [ [ 74.379265629056761, 31.338141374012206 ], [ 74.409587368880793, 31.333482073080095 ], [ 74.399227805860761, 31.319587516995639 ], [ 74.388308082169928, 31.315312068520011 ], [ 74.379552875921163, 31.326595433454521 ], [ 74.379265629056761, 31.338141374012206 ] ] ] } },
{ "type": "Feature", "properties": { "name": "DHA Phase 1", "label": "DHA Phase 1", "dup_count": 1, "area_sqkm": 2.9969441066708602, "source": "manually_added_2024", "method": "voronoi" }, "geometry": { "type": "Polygon", "coordinates": [ [ [ 74.375980437509824, 31.481311524468456 ], [ 74.388665529922449, 31.47081647333686 ], [ 74.390539696663097, 31.466053386431383 ], [ 74.381474471497427, 31.457111532102068 ], [ 74.36993483652472, 31.461279799070653 ], [ 74.375980437509824, 31.481311524468456 ] ] ] } },
{ "type": "Feature", "properties": { "name": "Punjab Society Near Dha", "label": "Punjab Society Near Dha", "dup_count": 1, "area_sqkm": 2.5345115653031955, "source": "user_verified_list_2024", "method": "voronoi" }, "geometry": { "type": "Polygon", "coordinates": [ [ [ 74.375965329294914, 31.481397524225635 ], [ 74.37642130084852, 31.482162962469154 ], [ 74.393983572893333, 31.487322425877039 ], [ 74.398992298327755, 31.484605689673224 ], [ 74.39985373707016, 31.475747524256519 ], [ 74.388665529922449, 31.47081647333686 ], [ 74.375980437509824, 31.481311524468456 ], [ 74.375965329294914, 31.481397524225635 ] ] ] } },
{ "type": "Feature", "properties": { "name": "Mahmood Booty Ring Road", "label": "Mahmood Booty Ring Road", "dup_count": 1, "area_sqkm": 2.4644258176636353, "source": "user_verified_list_2024", "method": "voronoi" }, "geometry": { "type": "Polygon", "coordinates": [ [ [ 74.375842339733566, 31.59090056563705 ], [ 74.377890150839605, 31.592676241647236 ], [ 74.388202836000332, 31.591323495735338 ], [ 74.398596889871882, 31.583437367845427 ], [ 74.393037821585182, 31.576647344908508 ], [ 74.391033406281139, 31.5762466977957 ], [ 74.379567527245172, 31.579981289672034 ], [ 74.375842339733566, 31.59090056563705 ] ] ] } },
{ "type": "Feature", "properties": { "name": "Shahzada", "label": "Shahzada", "dup_count": 1, "area_sqkm": 4.0915122789794403, "source": null, "method": "voronoi" }, "geometry": { "type": "Polygon", "coordinates": [ [ [ 74.378720410210619, 31.360655351219012 ], [ 74.383025967079362, 31.365205794181442 ], [ 74.413198433573939, 31.356540616082665 ], [ 74.4141870134399, 31.352711887826658 ], [ 74.413267398538508, 31.348935630374289 ], [ 74.382884929373603, 31.349763391779607 ], [ 74.378720410210619, 31.360655351219012 ] ] ] } },
{ "type": "Feature", "properties": { "name": "Askrai Villa 1", "label": "Askrai Villa 1", "dup_count": 1, "area_sqkm": 0.55932507017278477, "source": "user_verified_list_2024", "method": "voronoi" }, "geometry": { "type": "Polygon", "coordinates": [ [ [ 74.378894248957408, 31.535998989536118 ], [ 74.38461775445208, 31.537967111507786 ], [ 74.388023443153386, 31.536718036683592 ], [ 74.388388330406215, 31.535111991253821 ], [ 74.388492839684986, 31.533041886802689 ], [ 74.382762281407253, 31.528837623383705 ], [ 74.378894248957408, 31.535998989536118 ] ] ] } },
{ "type": "Feature", "properties": { "name": "Gujran da Dera", "label": "Gujran da Dera", "dup_count": 1, "area_sqkm": 3.5636092244398254, "source": null, "method": "voronoi" }, "geometry": { "type": "Polygon", "coordinates": [ [ [ 74.410816399925494, 31.62125070532181 ], [ 74.402966234030885, 31.625512082024223 ], [ 74.403925664068694, 31.645146493461873 ], [ 74.416134509774281, 31.654615602848825 ], [ 74.416308876336331, 31.626413441640207 ], [ 74.412293574243336, 31.622143602666284 ], [ 74.410816399925494, 31.62125070532181 ] ] ] } },
{ "type": "Feature", "properties": { "name": "Chah Hakimwala", "label": "Chah Hakimwala", "dup_count": 1, "area_sqkm": 4.5551210827411381, "source": null, "method": "voronoi" }, "geometry": { "type": "Polygon", "coordinates": [ [ [ 74.412293574243336, 31.622143602666284 ], [ 74.441383727286592, 31.617446570434595 ], [ 74.442226020838007, 31.616534257166002 ], [ 74.419829695018109, 31.59804474768573 ], [ 74.413539423435111, 31.604643051603801 ], [ 74.410763549999317, 31.610380193077699 ], [ 74.410816399925494, 31.62125070532181 ], [ 74.412293574243336, 31.622143602666284 ] ] ] } },
{ "type": "Feature", "properties": { "name": "Askrai Villa", "label": "Askrai Villa", "dup_count": 1, "area_sqkm": 0.23771711452472777, "source": "user_verified_list_2024", "method": "voronoi" }, "geometry": { "type": "Polygon", "coordinates": [ [ [ 74.382762281407253, 31.528837623383705 ], [ 74.388492839684986, 31.533041886802689 ], [ 74.390891093447408, 31.530322749168128 ], [ 74.383171483194943, 31.526546786563518 ], [ 74.382762281407253, 31.528837623383705 ] ] ] } },
{ "type": "Feature", "properties": { "name": "Kamahan", "label": "Kamahan", "dup_count": 1, "area_sqkm": 3.2216783054292368, "source": null, "method": "voronoi" }, "geometry": { "type": "Polygon", "coordinates": [ [ [ 74.377846777129378, 31.433910792028488 ], [ 74.383763994334132, 31.454159344393556 ], [ 74.396258234072732, 31.451956619288488 ], [ 74.399358322962826, 31.447235082617691 ], [ 74.386324701103192, 31.430158790572449 ], [ 74.378731647866502, 31.432893714682361 ], [ 74.377846777129378, 31.433910792028488 ] ] ] } },
{ "type": "Feature", "properties": { "name": "Askrai Villa 2", "label": "Askrai Villa 2", "dup_count": 1, "area_sqkm": 0.64370588348904501, "source": "user_verified_list_2024", "method": "voronoi" }, "geometry": { "type": "Polygon", "coordinates": [ [ [ 74.383171483194943, 31.526546786563518 ], [ 74.390891093447408, 31.530322749168128 ], [ 74.397973676621746, 31.528923545025467 ], [ 74.384920114593427, 31.521261181554149 ], [ 74.383064469858766, 31.525939470921923 ], [ 74.383171483194943, 31.526546786563518 ] ] ] } },
{ "type": "Feature", "properties": { "name": "Kanhakar", "label": "Kanhakar", "dup_count": 1, "area_sqkm": 4.8777318628658719, "source": null, "method": "voronoi" }, "geometry": { "type": "Polygon", "coordinates": [ [ [ 74.374155488049567, 31.401420393100903 ], [ 74.382712722647284, 31.40618071464052 ], [ 74.398949345566038, 31.402025761126133 ], [ 74.401421429636571, 31.394370948362436 ], [ 74.400708109163276, 31.391641532479081 ], [ 74.387252838969971, 31.380500873479299 ], [ 74.37808854220971, 31.386824065835363 ], [ 74.374155488049567, 31.401420393100903 ] ] ] } },
{ "type": "Feature", "properties": { "name": "University of Lahore", "label": "University of Lahore", "dup_count": 1, "area_sqkm": 1.6288188358674724, "source": "user_verified_list_2024", "method": "voronoi" }, "geometry": { "type": "Polygon", "coordinates": [ [ [ 74.384086393470341, 31.551450614988351 ], [ 74.391156920488882, 31.552402412408565 ], [ 74.405940536283779, 31.54698101856108 ], [ 74.404936479673779, 31.543299098620025 ], [ 74.385986303921271, 31.54329994303416 ], [ 74.382588986779254, 31.549528947152087 ], [ 74.384086393470341, 31.551450614988351 ] ] ] } },
{ "type": "Feature", "properties": { "name": "Doctoran da Dera", "label": "Doctoran da Dera", "dup_count": 1, "area_sqkm": 1.9413580739653833, "source": null, "method": "voronoi" }, "geometry": { "type": "Polygon", "coordinates": [ [ [ 74.399886454973384, 31.626186640224748 ], [ 74.393184935094453, 31.634310258045225 ], [ 74.391856866346586, 31.646569127740221 ], [ 74.403925664068694, 31.645146493461873 ], [ 74.402966234030885, 31.625512082024223 ], [ 74.399886454973384, 31.626186640224748 ] ] ] } },
{ "type": "Feature", "properties": { "name": "Askrai Villa 3", "label": "Askrai Villa 3", "dup_count": 1, "area_sqkm": 0.79052790396967521, "source": "user_verified_list_2024", "method": "voronoi" }, "geometry": { "type": "Polygon", "coordinates": [ [ [ 74.384920114593427, 31.521261181554149 ], [ 74.397973676621746, 31.528923545025467 ], [ 74.399136636739811, 31.529140979540291 ], [ 74.399183098226175, 31.528731892943501 ], [ 74.391862024531193, 31.517988058136673 ], [ 74.388455799804348, 31.515988114273004 ], [ 74.387237556857585, 31.516345705186108 ], [ 74.384659645652292, 31.518237515380374 ], [ 74.384920114593427, 31.521261181554149 ] ] ] } },
{ "type": "Feature", "properties": { "name": "Officers Colony", "label": "Officers Colony", "dup_count": 1, "area_sqkm": 1.1171758926043565, "source": "user_verified_list_2024", "method": "voronoi" }, "geometry": { "type": "Polygon", "coordinates": [ [ [ 74.388033088732882, 31.568549536608202 ], [ 74.391033406281139, 31.5762466977957 ], [ 74.393037821585182, 31.576647344908508 ], [ 74.403545835349149, 31.565863832086549 ], [ 74.392663857024559, 31.564023171395775 ], [ 74.388033088732882, 31.568549536608202 ] ] ] } },
{ "type": "Feature", "properties": { "name": "Main Khayaban Road", "label": "Main Khayaban Road", "dup_count": 1, "area_sqkm": 1.6166917348753622, "source": "user_verified_list_2024", "method": "voronoi" }, "geometry": { "type": "Polygon", "coordinates": [ [ [ 74.383034626271694, 31.505549054022449 ], [ 74.387237556857585, 31.516345705186108 ], [ 74.388455799804348, 31.515988114273004 ], [ 74.394256210539268, 31.511731147833057 ], [ 74.39709130102699, 31.506875661517476 ], [ 74.397898445788798, 31.501543422387133 ], [ 74.396161829301704, 31.499989679662534 ], [ 74.386995351549317, 31.50167238053632 ], [ 74.383034626271694, 31.505549054022449 ] ] ] } },
{ "type": "Feature", "properties": { "name": "Fortress Stadium", "label": "Fortress Stadium", "dup_count": 1, "area_sqkm": 1.0353193543671566, "source": "user_verified_list_2024", "method": "voronoi" }, "geometry": { "type": "Polygon", "coordinates": [ [ [ 74.385986303921271, 31.54329994303416 ], [ 74.404936479673779, 31.543299098620025 ], [ 74.404797116409597, 31.540232680247485 ], [ 74.388023443153386, 31.536718036683592 ], [ 74.38461775445208, 31.537967111507786 ], [ 74.385986303921271, 31.54329994303416 ] ] ] } },
{ "type": "Feature", "properties": { "name": "Bhagwal Nawan", "label": "Bhagwal Nawan", "dup_count": 1, "area_sqkm": 4.1315391123256759, "source": null, "method": "voronoi" }, "geometry": { "type": "Polygon", "coordinates": [ [ [ 74.37950827322706, 31.604847475361833 ], [ 74.410763549999317, 31.610380193077699 ], [ 74.413539423435111, 31.604643051603801 ], [ 74.388202836000332, 31.591323495735338 ], [ 74.377890150839605, 31.592676241647236 ], [ 74.37950827322706, 31.604847475361833 ] ] ] } },
{ "type": "Feature", "properties": { "name": "Burj Colony", "label": "Burj Colony", "dup_count": 1, "area_sqkm": 3.913967269944699, "source": "user_verified_list_2024", "method": "voronoi" }, "geometry": { "type": "Polygon", "coordinates": [ [ [ 74.392663857024559, 31.564023171395775 ], [ 74.403545835349149, 31.565863832086549 ], [ 74.422152674392436, 31.562830358782467 ], [ 74.405940536283779, 31.54698101856108 ], [ 74.391156920488882, 31.552402412408565 ], [ 74.392113770828345, 31.563389455222417 ], [ 74.392663857024559, 31.564023171395775 ] ] ] } },
{ "type": "Feature", "properties": { "name": "New PAF Colony", "label": "New PAF Colony", "dup_count": 1, "area_sqkm": 5.2779569117714429, "source": "user_verified_list_2024", "method": "voronoi" }, "geometry": { "type": "Polygon", "coordinates": [ [ [ 74.398596889871882, 31.583437367845427 ], [ 74.420400780512779, 31.583811376577025 ], [ 74.42601674002681, 31.569470984770501 ], [ 74.422760815752127, 31.563077988896218 ], [ 74.422152674392436, 31.562830358782467 ], [ 74.403545835349149, 31.565863832086549 ], [ 74.393037821585182, 31.576647344908508 ], [ 74.398596889871882, 31.583437367845427 ] ] ] } },
{ "type": "Feature", "properties": { "name": "Askari", "label": "Askari", "dup_count": 1, "area_sqkm": 0.23825345685167038, "source": "manually_added_2024", "method": "voronoi" }, "geometry": { "type": "Polygon", "coordinates": [ [ [ 74.397973676621746, 31.528923545025467 ], [ 74.390891093447408, 31.530322749168128 ], [ 74.388492839684986, 31.533041886802689 ], [ 74.388388330406215, 31.535111991253821 ], [ 74.399169828491907, 31.529179624739953 ], [ 74.399136636739811, 31.529140979540291 ], [ 74.397973676621746, 31.528923545025467 ] ] ] } },
{ "type": "Feature", "properties": { "name": "Askari Colony", "label": "Askari Colony", "dup_count": 1, "area_sqkm": 1.1474130749920017, "source": "user_verified_list_2024", "method": "voronoi" }, "geometry": { "type": "Polygon", "coordinates": [ [ [ 74.404797116409597, 31.540232680247485 ], [ 74.40598216382719, 31.536176062913849 ], [ 74.399169828491907, 31.529179624739953 ], [ 74.388388330406215, 31.535111991253821 ], [ 74.388023443153386, 31.536718036683592 ], [ 74.404797116409597, 31.540232680247485 ] ] ] } },
{ "type": "Feature", "properties": { "name": "Devioura", "label": "Devioura", "dup_count": 1, "area_sqkm": 4.7783895412703172, "source": null, "method": "voronoi" }, "geometry": { "type": "Polygon", "coordinates": [ [ [ 74.388202836000332, 31.591323495735338 ], [ 74.413539423435111, 31.604643051603801 ], [ 74.419829695018109, 31.59804474768573 ], [ 74.421502378064972, 31.595164371983046 ], [ 74.420400780512779, 31.583811376577025 ], [ 74.398596889871882, 31.583437367845427 ], [ 74.388202836000332, 31.591323495735338 ] ] ] } },
{ "type": "Feature", "properties": { "name": "Army Housing Society", "label": "Army Housing Society", "dup_count": 1, "area_sqkm": 7.8623861482927433, "source": "user_verified_list_2024", "method": "voronoi" }, "geometry": { "type": "Polygon", "coordinates": [ [ [ 74.404936479673779, 31.543299098620025 ], [ 74.405940536283779, 31.54698101856108 ], [ 74.422152674392436, 31.562830358782467 ], [ 74.422760815752127, 31.563077988896218 ], [ 74.438598438278845, 31.543554378518529 ], [ 74.430193830958615, 31.529734671097824 ], [ 74.421288197008749, 31.526350489671934 ], [ 74.40598216382719, 31.536176062913849 ], [ 74.404797116409597, 31.540232680247485 ], [ 74.404936479673779, 31.543299098620025 ] ] ] } },
{ "type": "Feature", "properties": { "name": "Jallo", "label": "Jallo", "dup_count": 1, "area_sqkm": 2.4273603507086663, "source": "official_uc_pdf", "method": "voronoi" }, "geometry": { "type": "Polygon", "coordinates": [ [ [ 74.399169828491907, 31.529179624739953 ], [ 74.40598216382719, 31.536176062913849 ], [ 74.421288197008749, 31.526350489671934 ], [ 74.420113471918356, 31.523315175648953 ], [ 74.405098458284229, 31.518418840735411 ], [ 74.403862915488631, 31.518781524122765 ], [ 74.403844179745491, 31.518799856334198 ], [ 74.400587602975847, 31.523579213198619 ], [ 74.399183098226175, 31.528731892943501 ], [ 74.399136636739811, 31.529140979540291 ], [ 74.399169828491907, 31.529179624739953 ] ] ] } },
{ "type": "Feature", "properties": { "name": "Basti Gujranwala", "label": "Basti Gujranwala", "dup_count": 1, "area_sqkm": 7.0401795550738155, "source": null, "method": "voronoi" }, "geometry": { "type": "Polygon", "coordinates": [ [ [ 74.435911576627817, 31.660902465556184 ], [ 74.434848410641649, 31.636979319281952 ], [ 74.433659511758066, 31.634846789986451 ], [ 74.416308876336331, 31.626413441640207 ], [ 74.416134509774281, 31.654615602848825 ], [ 74.426649327549541, 31.673431131115766 ], [ 74.428772562686916, 31.671315494176977 ], [ 74.435911576627817, 31.660902465556184 ] ] ] } },
{ "type": "Feature", "properties": { "name": "Basti Hayat Shah", "label": "Basti Hayat Shah", "dup_count": 1, "area_sqkm": 4.8756368973521926, "source": null, "method": "voronoi" }, "geometry": { "type": "Polygon", "coordinates": [ [ [ 74.428772562686916, 31.671315494176977 ], [ 74.472401820510029, 31.665031335862331 ], [ 74.473165515912385, 31.664559538991433 ], [ 74.467626131900332, 31.654108437736298 ], [ 74.447940769871352, 31.65448815697285 ], [ 74.442113639387259, 31.657491869478008 ], [ 74.435911576627817, 31.660902465556184 ], [ 74.428772562686916, 31.671315494176977 ] ] ] } },
{ "type": "Feature", "properties": { "name": "Falcon Complex", "label": "Falcon Complex", "dup_count": 1, "area_sqkm": 0.3076838774408065, "source": "user_verified_list_2024", "method": "voronoi" }, "geometry": { "type": "Polygon", "coordinates": [ [ [ 74.400587602975847, 31.523579213198619 ], [ 74.394074525446001, 31.518799945446013 ], [ 74.391862024531193, 31.517988058136673 ], [ 74.399183098226175, 31.528731892943501 ], [ 74.400587602975847, 31.523579213198619 ] ] ] } },
{ "type": "Feature", "properties": { "name": "Askrai Villa 4", "label": "Askrai Villa 4", "dup_count": 1, "area_sqkm": 0.58919069873694074, "source": "user_verified_list_2024", "method": "voronoi" }, "geometry": { "type": "Polygon", "coordinates": [ [ [ 74.394074525446001, 31.518799945446013 ], [ 74.403844179745491, 31.518799856334198 ], [ 74.403862915488631, 31.518781524122765 ], [ 74.394256210539268, 31.511731147833057 ], [ 74.388455799804348, 31.515988114273004 ], [ 74.391862024531193, 31.517988058136673 ], [ 74.394074525446001, 31.518799945446013 ] ] ] } },
{ "type": "Feature", "properties": { "name": "DHA 2", "label": "DHA 2", "dup_count": 1, "area_sqkm": 1.7014807940980194, "source": "user_verified_list_2024", "method": "voronoi" }, "geometry": { "type": "Polygon", "coordinates": [ [ [ 74.381474471497427, 31.457111532102068 ], [ 74.390539696663097, 31.466053386431383 ], [ 74.391683666612622, 31.46582420108605 ], [ 74.400773460229303, 31.459145620545719 ], [ 74.396258234072732, 31.451956619288488 ], [ 74.383763994334132, 31.454159344393556 ], [ 74.381474471497427, 31.457111532102068 ] ] ] } },
{ "type": "Feature", "properties": { "name": "Askrai Villa 5", "label": "Askrai Villa 5", "dup_count": 1, "area_sqkm": 0.70983968378700679, "source": "user_verified_list_2024", "method": "voronoi" }, "geometry": { "type": "Polygon", "coordinates": [ [ [ 74.394256210539268, 31.511731147833057 ], [ 74.403862915488631, 31.518781524122765 ], [ 74.405098458284229, 31.518418840735411 ], [ 74.405956263978553, 31.513382520373877 ], [ 74.39709130102699, 31.506875661517476 ], [ 74.394256210539268, 31.511731147833057 ] ] ] } },
{ "type": "Feature", "properties": { "name": "Airport Road", "label": "Airport Road", "dup_count": 1, "area_sqkm": 0.24727083855971327, "source": "user_verified_list_2024", "method": "voronoi" }, "geometry": { "type": "Polygon", "coordinates": [ [ [ 74.400587602975847, 31.523579213198619 ], [ 74.403844179745491, 31.518799856334198 ], [ 74.394074525446001, 31.518799945446013 ], [ 74.400587602975847, 31.523579213198619 ] ] ] } },
{ "type": "Feature", "properties": { "name": "Sui Gas Society", "label": "Sui Gas Society", "dup_count": 1, "area_sqkm": 0.79354297407106922, "source": "user_verified_list_2024", "method": "voronoi" }, "geometry": { "type": "Polygon", "coordinates": [ [ [ 74.390539696663097, 31.466053386431383 ], [ 74.388665529922449, 31.47081647333686 ], [ 74.39985373707016, 31.475747524256519 ], [ 74.403373264095308, 31.471007806809595 ], [ 74.403350034334977, 31.470966511378268 ], [ 74.391683666612622, 31.46582420108605 ], [ 74.390539696663097, 31.466053386431383 ] ] ] } },
{ "type": "Feature", "properties": { "name": "Balhar", "label": "Balhar", "dup_count": 1, "area_sqkm": 1.7040139157335674, "source": null, "method": "voronoi" }, "geometry": { "type": "Polygon", "coordinates": [ [ [ 74.386247955626487, 31.414543151513175 ], [ 74.405885229737734, 31.408449708718887 ], [ 74.405758744184539, 31.407971025380448 ], [ 74.398949345566038, 31.402025761126133 ], [ 74.382712722647284, 31.40618071464052 ], [ 74.386247955626487, 31.414543151513175 ] ] ] } },
{ "type": "Feature", "properties": { "name": "Askrai Villa 6", "label": "Askrai Villa 6", "dup_count": 1, "area_sqkm": 0.89394217415004662, "source": "user_verified_list_2024", "method": "voronoi" }, "geometry": { "type": "Polygon", "coordinates": [ [ [ 74.39709130102699, 31.506875661517476 ], [ 74.405956263978553, 31.513382520373877 ], [ 74.407800007533041, 31.512299984535854 ], [ 74.407800031928787, 31.503799985820923 ], [ 74.398559517579102, 31.501538500282855 ], [ 74.397898445788798, 31.501543422387133 ], [ 74.39709130102699, 31.506875661517476 ] ] ] } },
{ "type": "Feature", "properties": { "name": "DHA 3", "label": "DHA 3", "dup_count": 1, "area_sqkm": 1.5919591685765833, "source": "user_verified_list_2024", "method": "voronoi" }, "geometry": { "type": "Polygon", "coordinates": [ [ [ 74.396258234072732, 31.451956619288488 ], [ 74.400773460229303, 31.459145620545719 ], [ 74.403350037701088, 31.460249995903048 ], [ 74.40957176171743, 31.459449992367073 ], [ 74.411259459809088, 31.458905687410802 ], [ 74.408625175948217, 31.448016463521018 ], [ 74.406561203779347, 31.445849286057449 ], [ 74.399358322962826, 31.447235082617691 ], [ 74.396258234072732, 31.451956619288488 ] ] ] } },
{ "type": "Feature", "properties": { "name": "Kir Khur", "label": "Kir Khur", "dup_count": 1, "area_sqkm": 2.5653339474988313, "source": null, "method": "voronoi" }, "geometry": { "type": "Polygon", "coordinates": [ [ [ 74.396161829301704, 31.499989679662534 ], [ 74.397898445788798, 31.501543422387133 ], [ 74.398559517579102, 31.501538500282855 ], [ 74.417634297246082, 31.48892493501366 ], [ 74.415468147867998, 31.485470330259432 ], [ 74.398992298327755, 31.484605689673224 ], [ 74.393983572893333, 31.487322425877039 ], [ 74.396161829301704, 31.499989679662534 ] ] ] } },
{ "type": "Feature", "properties": { "name": "State Life Society", "label": "State Life Society", "dup_count": 1, "area_sqkm": 0.80685709903287373, "source": "user_verified_list_2024", "method": "voronoi" }, "geometry": { "type": "Polygon", "coordinates": [ [ [ 74.391683666612622, 31.46582420108605 ], [ 74.403350034334977, 31.470966511378268 ], [ 74.403350037701088, 31.460249995903048 ], [ 74.400773460229303, 31.459145620545719 ], [ 74.391683666612622, 31.46582420108605 ] ] ] } },
{ "type": "Feature", "properties": { "name": "Jathol", "label": "Jathol", "dup_count": 1, "area_sqkm": 3.6031112158842253, "source": null, "method": "voronoi" }, "geometry": { "type": "Polygon", "coordinates": [ [ [ 74.399358322962826, 31.447235082617691 ], [ 74.406561203779347, 31.445849286057449 ], [ 74.410995955285117, 31.440088785691529 ], [ 74.407005027774986, 31.428827329183456 ], [ 74.40519966948176, 31.427695055770702 ], [ 74.400719242684119, 31.425261174085371 ], [ 74.390261949320021, 31.426628668953221 ], [ 74.386324701103192, 31.430158790572449 ], [ 74.399358322962826, 31.447235082617691 ] ] ] } },
{ "type": "Feature", "properties": { "name": "Ghausia", "label": "Ghausia", "dup_count": 1, "area_sqkm": 2.6015942405680681, "source": null, "method": "voronoi" }, "geometry": { "type": "Polygon", "coordinates": [ [ [ 74.390261949320021, 31.426628668953221 ], [ 74.400719242684119, 31.425261174085371 ], [ 74.407835048997242, 31.41375960665194 ], [ 74.405885229737734, 31.408449708718887 ], [ 74.386247955626487, 31.414543151513175 ], [ 74.390261949320021, 31.426628668953221 ] ] ] } },
{ "type": "Feature", "properties": { "name": "Ahluwala", "label": "Ahluwala", "dup_count": 1, "area_sqkm": 2.7424668615342678, "source": null, "method": "voronoi" }, "geometry": { "type": "Polygon", "coordinates": [ [ [ 74.387252838969971, 31.380500873479299 ], [ 74.400708109163276, 31.391641532479081 ], [ 74.416166567103247, 31.383956039989695 ], [ 74.402014990210446, 31.374757930315319 ], [ 74.388003751572924, 31.378554756577309 ], [ 74.387252838969971, 31.380500873479299 ] ] ] } },
{ "type": "Feature", "properties": { "name": "Atto Asal", "label": "Atto Asal", "dup_count": 1, "area_sqkm": 2.7788321189064304, "source": null, "method": "voronoi" }, "geometry": { "type": "Polygon", "coordinates": [ [ [ 74.399227805860761, 31.319587516995639 ], [ 74.414945572122036, 31.308299079849292 ], [ 74.413683805036356, 31.298535343521664 ], [ 74.387500189342205, 31.313316662256252 ], [ 74.388308082169928, 31.315312068520011 ], [ 74.399227805860761, 31.319587516995639 ] ] ] } },
{ "type": "Feature", "properties": { "name": "Haveli Komharanwali", "label": "Haveli Komharanwali", "dup_count": 1, "area_sqkm": 3.8646498155026214, "source": null, "method": "voronoi" }, "geometry": { "type": "Polygon", "coordinates": [ [ [ 74.388003751572924, 31.378554756577309 ], [ 74.402014990210446, 31.374757930315319 ], [ 74.413861348034644, 31.361712985750415 ], [ 74.413198433573939, 31.356540616082665 ], [ 74.383025967079362, 31.365205794181442 ], [ 74.388003751572924, 31.378554756577309 ] ] ] } },
{ "type": "Feature", "properties": { "name": "Kot Alam Din", "label": "Kot Alam Din", "dup_count": 1, "area_sqkm": 5.7667498992540809, "source": null, "method": "voronoi" }, "geometry": { "type": "Polygon", "coordinates": [ [ [ 74.387500189342205, 31.313316662256252 ], [ 74.413683805036356, 31.298535343521664 ], [ 74.415820063562464, 31.285680315417395 ], [ 74.400893748760609, 31.281975258590347 ], [ 74.382157371052188, 31.306114062108922 ], [ 74.387500189342205, 31.313316662256252 ] ] ] } },
{ "type": "Feature", "properties": { "name": "LUMS", "label": "LUMS", "dup_count": 1, "area_sqkm": 2.077465702523885, "source": "user_verified_list_2024", "method": "voronoi" }, "geometry": { "type": "Polygon", "coordinates": [ [ [ 74.398992298327755, 31.484605689673224 ], [ 74.415468147867998, 31.485470330259432 ], [ 74.416591920877138, 31.482445156222866 ], [ 74.411776855490245, 31.472127990641084 ], [ 74.409417640403149, 31.47145186816924 ], [ 74.403373264095308, 31.471007806809595 ], [ 74.39985373707016, 31.475747524256519 ], [ 74.398992298327755, 31.484605689673224 ] ] ] } },
{ "type": "Feature", "properties": { "name": "Khano Harni", "label": "Khano Harni", "dup_count": 1, "area_sqkm": 5.4674730296752445, "source": null, "method": "voronoi" }, "geometry": { "type": "Polygon", "coordinates": [ [ [ 74.409587368880793, 31.333482073080095 ], [ 74.416268554486507, 31.337149429610168 ], [ 74.431882273971752, 31.329649385036745 ], [ 74.424522399902401, 31.319541931152347 ], [ 74.425034940855099, 31.316743300658789 ], [ 74.414945572122036, 31.308299079849292 ], [ 74.399227805860761, 31.319587516995639 ], [ 74.409587368880793, 31.333482073080095 ] ] ] } },
{ "type": "Feature", "properties": { "name": "Askrai Villa 7", "label": "Askrai Villa 7", "dup_count": 1, "area_sqkm": 1.2531754902783607, "source": "user_verified_list_2024", "method": "voronoi" }, "geometry": { "type": "Polygon", "coordinates": [ [ [ 74.405956263978553, 31.513382520373877 ], [ 74.405098458284229, 31.518418840735411 ], [ 74.420113471918356, 31.523315175648953 ], [ 74.42084654298624, 31.515780004262393 ], [ 74.414207432841607, 31.512299923860496 ], [ 74.407800007533041, 31.512299984535854 ], [ 74.405956263978553, 31.513382520373877 ] ] ] } },
{ "type": "Feature", "properties": { "name": "Malakpura", "label": "Malakpura", "dup_count": 1, "area_sqkm": 3.5495667150872938, "source": null, "method": "voronoi" }, "geometry": { "type": "Polygon", "coordinates": [ [ [ 74.421288197008749, 31.526350489671934 ], [ 74.430193830958615, 31.529734671097824 ], [ 74.446900401810211, 31.515382531738179 ], [ 74.446741602015422, 31.515128931110809 ], [ 74.434068014987744, 31.509446333105132 ], [ 74.423692740855429, 31.511609550355466 ], [ 74.42084654298624, 31.515780004262393 ], [ 74.420113471918356, 31.523315175648953 ], [ 74.421288197008749, 31.526350489671934 ] ] ] } },
{ "type": "Feature", "properties": { "name": "Gohawa", "label": "Gohawa", "dup_count": 1, "area_sqkm": 0.36838660965645253, "source": "user_verified_list_2024", "method": "voronoi" }, "geometry": { "type": "Polygon", "coordinates": [ [ [ 74.407800007533041, 31.512299984535854 ], [ 74.414207432841607, 31.512299923860496 ], [ 74.409575399756662, 31.503800001353245 ], [ 74.407800031928787, 31.503799985820923 ], [ 74.407800007533041, 31.512299984535854 ] ] ] } },
{ "type": "Feature", "properties": { "name": "Raja Bole", "label": "Raja Bole", "dup_count": 1, "area_sqkm": 1.6086955170803598, "source": null, "method": "voronoi" }, "geometry": { "type": "Polygon", "coordinates": [ [ [ 74.398949345566038, 31.402025761126133 ], [ 74.405758744184539, 31.407971025380448 ], [ 74.420025813189739, 31.398166603236302 ], [ 74.401421429636571, 31.394370948362436 ], [ 74.398949345566038, 31.402025761126133 ] ] ] } },
{ "type": "Feature", "properties": { "name": "DHA Phase 5", "label": "DHA Phase 5", "dup_count": 1, "area_sqkm": 0.74085175135720227, "source": "manually_added_2024", "method": "voronoi" }, "geometry": { "type": "Polygon", "coordinates": [ [ [ 74.403373264095308, 31.471007806809595 ], [ 74.409417640403149, 31.47145186816924 ], [ 74.40957176171743, 31.459449992367073 ], [ 74.403350037701088, 31.460249995903048 ], [ 74.403350034334977, 31.470966511378268 ], [ 74.403373264095308, 31.471007806809595 ] ] ] } },
{ "type": "Feature", "properties": { "name": "Dhalloke", "label": "Dhalloke", "dup_count": 1, "area_sqkm": 4.7069364671104168, "source": null, "method": "voronoi" }, "geometry": { "type": "Polygon", "coordinates": [ [ [ 74.413861348034644, 31.361712985750415 ], [ 74.429776548015866, 31.377774167695925 ], [ 74.443936993028103, 31.370640060967411 ], [ 74.436826056982596, 31.357446103527536 ], [ 74.4141870134399, 31.352711887826658 ], [ 74.413198433573939, 31.356540616082665 ], [ 74.413861348034644, 31.361712985750415 ] ] ] } },
{ "type": "Feature", "properties": { "name": "Chungi Amar Sidhu", "label": "Chungi Amar Sidhu", "dup_count": 1, "area_sqkm": 1.8023731706716581, "source": "user_verified_list_2024", "method": "voronoi" }, "geometry": { "type": "Polygon", "coordinates": [ [ [ 74.398559517579102, 31.501538500282855 ], [ 74.407800031928787, 31.503799985820923 ], [ 74.409575399756662, 31.503800001353245 ], [ 74.419498160118195, 31.500157663347359 ], [ 74.421014540290528, 31.496877682171593 ], [ 74.420240898154418, 31.491279767161831 ], [ 74.417634297246082, 31.48892493501366 ], [ 74.398559517579102, 31.501538500282855 ] ] ] } },
{ "type": "Feature", "properties": { "name": "DHA 4", "label": "DHA 4", "dup_count": 1, "area_sqkm": 1.0089388480871866, "source": "user_verified_list_2024", "method": "voronoi" }, "geometry": { "type": "Polygon", "coordinates": [ [ [ 74.408625175948217, 31.448016463521018 ], [ 74.417025252606237, 31.450126280922063 ], [ 74.421292749393302, 31.442577553070656 ], [ 74.41826098202381, 31.440978973563759 ], [ 74.410995955285117, 31.440088785691529 ], [ 74.406561203779347, 31.445849286057449 ], [ 74.408625175948217, 31.448016463521018 ] ] ] } },
{ "type": "Feature", "properties": { "name": "Deo Khurd", "label": "Deo Khurd", "dup_count": 1, "area_sqkm": 1.6838415056219116, "source": null, "method": "voronoi" }, "geometry": { "type": "Polygon", "coordinates": [ [ [ 74.405885229737734, 31.408449708718887 ], [ 74.407835048997242, 31.41375960665194 ], [ 74.418828854631414, 31.41360266824621 ], [ 74.422979033393929, 31.397554205634052 ], [ 74.420025813189739, 31.398166603236302 ], [ 74.405758744184539, 31.407971025380448 ], [ 74.405885229737734, 31.408449708718887 ] ] ] } },
{ "type": "Feature", "properties": { "name": "Askrai Villa 8", "label": "Askrai Villa 8", "dup_count": 1, "area_sqkm": 1.3258966840666961, "source": "user_verified_list_2024", "method": "voronoi" }, "geometry": { "type": "Polygon", "coordinates": [ [ [ 74.42084654298624, 31.515780004262393 ], [ 74.423692740855429, 31.511609550355466 ], [ 74.419498160118195, 31.500157663347359 ], [ 74.409575399756662, 31.503800001353245 ], [ 74.414207432841607, 31.512299923860496 ], [ 74.42084654298624, 31.515780004262393 ] ] ] } },
{ "type": "Feature", "properties": { "name": "Bakhshishpura", "label": "Bakhshishpura", "dup_count": 1, "area_sqkm": 1.0908881563220785, "source": null, "method": "voronoi" }, "geometry": { "type": "Polygon", "coordinates": [ [ [ 74.409417640403149, 31.47145186816924 ], [ 74.411776855490245, 31.472127990641084 ], [ 74.421805984302068, 31.463317045151008 ], [ 74.421480830962423, 31.462721305920518 ], [ 74.416978077978371, 31.459785304292861 ], [ 74.411259459809088, 31.458905687410802 ], [ 74.40957176171743, 31.459449992367073 ], [ 74.409417640403149, 31.47145186816924 ] ] ] } },
{ "type": "Feature", "properties": { "name": "Islampura", "label": "Islampura", "dup_count": 1, "area_sqkm": 2.1780534607777828, "source": null, "method": "voronoi" }, "geometry": { "type": "Polygon", "coordinates": [ [ [ 74.415468147867998, 31.485470330259432 ], [ 74.417634297246082, 31.48892493501366 ], [ 74.420240898154418, 31.491279767161831 ], [ 74.436697377354292, 31.487722540982258 ], [ 74.432127461305939, 31.478551636170039 ], [ 74.426933882316703, 31.475502434621145 ], [ 74.416591920877138, 31.482445156222866 ], [ 74.415468147867998, 31.485470330259432 ] ] ] } },
{ "type": "Feature", "properties": { "name": "Khana Haveli", "label": "Khana Haveli", "dup_count": 1, "area_sqkm": 3.3077345940959115, "source": null, "method": "voronoi" }, "geometry": { "type": "Polygon", "coordinates": [ [ [ 74.413683805036356, 31.298535343521664 ], [ 74.414945572122036, 31.308299079849292 ], [ 74.425034940855099, 31.316743300658789 ], [ 74.428527832031307, 31.297668457031303 ], [ 74.423309326171875, 31.28753852844239 ], [ 74.415820063562464, 31.285680315417395 ], [ 74.413683805036356, 31.298535343521664 ] ] ] } },
{ "type": "Feature", "properties": { "name": "Guru Mangat", "label": "Guru Mangat", "dup_count": 1, "area_sqkm": 2.9098606976275065, "source": null, "method": "voronoi" }, "geometry": { "type": "Polygon", "coordinates": [ [ [ 74.401421429636571, 31.394370948362436 ], [ 74.420025813189739, 31.398166603236302 ], [ 74.422979033393929, 31.397554205634052 ], [ 74.4293631976048, 31.39360883114599 ], [ 74.426832902526755, 31.384690316839531 ], [ 74.416166567103247, 31.383956039989695 ], [ 74.400708109163276, 31.391641532479081 ], [ 74.401421429636571, 31.394370948362436 ] ] ] } },
{ "type": "Feature", "properties": { "name": "Lail", "label": "Lail", "dup_count": 1, "area_sqkm": 0.80887202372763589, "source": null, "method": "voronoi" }, "geometry": { "type": "Polygon", "coordinates": [ [ [ 74.411259459809088, 31.458905687410802 ], [ 74.416978077978371, 31.459785304292861 ], [ 74.418200779350528, 31.451851607895644 ], [ 74.417025252606237, 31.450126280922063 ], [ 74.408625175948217, 31.448016463521018 ], [ 74.411259459809088, 31.458905687410802 ] ] ] } },
{ "type": "Feature", "properties": { "name": "Manawala", "label": "Manawala", "dup_count": 1, "area_sqkm": 1.9308421257559443, "source": null, "method": "voronoi" }, "geometry": { "type": "Polygon", "coordinates": [ [ [ 74.416591920877138, 31.482445156222866 ], [ 74.426933882316703, 31.475502434621145 ], [ 74.428012829003023, 31.466974439575075 ], [ 74.421805984302068, 31.463317045151008 ], [ 74.411776855490245, 31.472127990641084 ], [ 74.416591920877138, 31.482445156222866 ] ] ] } },
{ "type": "Feature", "properties": { "name": "Deo Kalan", "label": "Deo Kalan", "dup_count": 1, "area_sqkm": 1.7325745790834488, "source": null, "method": "voronoi" }, "geometry": { "type": "Polygon", "coordinates": [ [ [ 74.400719242684119, 31.425261174085371 ], [ 74.40519966948176, 31.427695055770702 ], [ 74.42351759092665, 31.416469883642424 ], [ 74.418828854631414, 31.41360266824621 ], [ 74.407835048997242, 31.41375960665194 ], [ 74.400719242684119, 31.425261174085371 ] ] ] } },
{ "type": "Feature", "properties": { "name": "Basti Rajputan", "label": "Basti Rajputan", "dup_count": 1, "area_sqkm": 3.6410801555995804, "source": null, "method": "voronoi" }, "geometry": { "type": "Polygon", "coordinates": [ [ [ 74.416166567103247, 31.383956039989695 ], [ 74.426832902526755, 31.384690316839531 ], [ 74.429776548015866, 31.377774167695925 ], [ 74.413861348034644, 31.361712985750415 ], [ 74.402014990210446, 31.374757930315319 ], [ 74.416166567103247, 31.383956039989695 ] ] ] } },
{ "type": "Feature", "properties": { "name": "Hando Gujran", "label": "Hando Gujran", "dup_count": 1, "area_sqkm": 3.2593348539847544, "source": null, "method": "voronoi" }, "geometry": { "type": "Polygon", "coordinates": [ [ [ 74.419829695018109, 31.59804474768573 ], [ 74.442226020838007, 31.616534257166002 ], [ 74.449518038330197, 31.613604278064479 ], [ 74.444231379394168, 31.600488778343728 ], [ 74.438111776675541, 31.597559950671627 ], [ 74.421502378064972, 31.595164371983046 ], [ 74.419829695018109, 31.59804474768573 ] ] ] } },
{ "type": "Feature", "properties": { "name": "Mari", "label": "Mari", "dup_count": 1, "area_sqkm": 2.430418799877704, "source": null, "method": "voronoi" }, "geometry": { "type": "Polygon", "coordinates": [ [ [ 74.442113639387259, 31.657491869478008 ], [ 74.449278123686071, 31.635395488419935 ], [ 74.434848410641649, 31.636979319281952 ], [ 74.435911576627817, 31.660902465556184 ], [ 74.442113639387259, 31.657491869478008 ] ] ] } },
{ "type": "Feature", "properties": { "name": "Basti Islamabad", "label": "Basti Islamabad", "dup_count": 1, "area_sqkm": 3.0211876119022474, "source": null, "method": "voronoi" }, "geometry": { "type": "Polygon", "coordinates": [ [ [ 74.433659511758066, 31.634846789986451 ], [ 74.440773740511034, 31.62671706611615 ], [ 74.441383727286592, 31.617446570434595 ], [ 74.412293574243336, 31.622143602666284 ], [ 74.416308876336331, 31.626413441640207 ], [ 74.433659511758066, 31.634846789986451 ] ] ] } },
{ "type": "Feature", "properties": { "name": "DHA Phase 6", "label": "DHA Phase 6", "dup_count": 1, "area_sqkm": 1.0189962642069421, "source": "manually_added_2024", "method": "voronoi" }, "geometry": { "type": "Polygon", "coordinates": [ [ [ 74.416978077978371, 31.459785304292861 ], [ 74.421480830962423, 31.462721305920518 ], [ 74.431365556567442, 31.448845637593919 ], [ 74.418200779350528, 31.451851607895644 ], [ 74.416978077978371, 31.459785304292861 ] ] ] } },
{ "type": "Feature", "properties": { "name": "Natha Singhwala", "label": "Natha Singhwala", "dup_count": 1, "area_sqkm": 1.9283091419831107, "source": null, "method": "voronoi" }, "geometry": { "type": "Polygon", "coordinates": [ [ [ 74.421805984302068, 31.463317045151008 ], [ 74.428012829003023, 31.466974439575075 ], [ 74.434630556107891, 31.465669032850947 ], [ 74.438158539158238, 31.449313503379052 ], [ 74.431419427906619, 31.448801105173953 ], [ 74.431365556567442, 31.448845637593919 ], [ 74.421480830962423, 31.462721305920518 ], [ 74.421805984302068, 31.463317045151008 ] ] ] } },
{ "type": "Feature", "properties": { "name": "Kot Wadhawa Singh", "label": "Kot Wadhawa Singh", "dup_count": 1, "area_sqkm": 0.7980605701435024, "source": null, "method": "voronoi" }, "geometry": { "type": "Polygon", "coordinates": [ [ [ 74.418200779350528, 31.451851607895644 ], [ 74.431365556567442, 31.448845637593919 ], [ 74.431419427906619, 31.448801105173953 ], [ 74.425618604906333, 31.443186814828135 ], [ 74.421292749393302, 31.442577553070656 ], [ 74.417025252606237, 31.450126280922063 ], [ 74.418200779350528, 31.451851607895644 ] ] ] } },
{ "type": "Feature", "properties": { "name": "Darbar Chiragh Shah", "label": "Darbar Chiragh Shah", "dup_count": 1, "area_sqkm": 1.581061526483136, "source": null, "method": "voronoi" }, "geometry": { "type": "Polygon", "coordinates": [ [ [ 74.419498160118195, 31.500157663347359 ], [ 74.423692740855429, 31.511609550355466 ], [ 74.434068014987744, 31.509446333105132 ], [ 74.433921817093761, 31.500976874607542 ], [ 74.421014540290528, 31.496877682171593 ], [ 74.419498160118195, 31.500157663347359 ] ] ] } },
{ "type": "Feature", "properties": { "name": "Paragon City", "label": "Paragon City", "dup_count": 1, "area_sqkm": 1.5577326038795272, "source": "user_verified_list_2024", "method": "voronoi" }, "geometry": { "type": "Polygon", "coordinates": [ [ [ 74.423795127737677, 31.427798795726645 ], [ 74.407005027774986, 31.428827329183456 ], [ 74.410995955285117, 31.440088785691529 ], [ 74.41826098202381, 31.440978973563759 ], [ 74.423795127737677, 31.427798795726645 ] ] ] } },
{ "type": "Feature", "properties": { "name": "Harpalke", "label": "Harpalke", "dup_count": 1, "area_sqkm": 1.3425908807292157, "source": null, "method": "voronoi" }, "geometry": { "type": "Polygon", "coordinates": [ [ [ 74.41826098202381, 31.440978973563759 ], [ 74.421292749393302, 31.442577553070656 ], [ 74.425618604906333, 31.443186814828135 ], [ 74.430080852067249, 31.433740078625018 ], [ 74.430465094392659, 31.425651318298279 ], [ 74.423795127737677, 31.427798795726645 ], [ 74.41826098202381, 31.440978973563759 ] ] ] } },
{ "type": "Feature", "properties": { "name": "Baba Shah Din", "label": "Baba Shah Din", "dup_count": 1, "area_sqkm": 1.7951446711988075, "source": null, "method": "voronoi" }, "geometry": { "type": "Polygon", "coordinates": [ [ [ 74.407005027774986, 31.428827329183456 ], [ 74.423795127737677, 31.427798795726645 ], [ 74.430465094392659, 31.425651318298279 ], [ 74.431279655481305, 31.424871554344513 ], [ 74.427450078824549, 31.418399325661699 ], [ 74.42351759092665, 31.416469883642424 ], [ 74.40519966948176, 31.427695055770702 ], [ 74.407005027774986, 31.428827329183456 ] ] ] } },
{ "type": "Feature", "properties": { "name": "Thatta", "label": "Thatta", "dup_count": 1, "area_sqkm": 2.6216356204132327, "source": null, "method": "voronoi" }, "geometry": { "type": "Polygon", "coordinates": [ [ [ 74.418828854631414, 31.41360266824621 ], [ 74.42351759092665, 31.416469883642424 ], [ 74.427450078824549, 31.418399325661699 ], [ 74.435986298340055, 31.4002964673472 ], [ 74.431684440534227, 31.395015168240199 ], [ 74.4293631976048, 31.39360883114599 ], [ 74.422979033393929, 31.397554205634052 ], [ 74.418828854631414, 31.41360266824621 ] ] ] } },
{ "type": "Feature", "properties": { "name": "Billanwala Khu", "label": "Billanwala Khu", "dup_count": 1, "area_sqkm": 6.0399595057501907, "source": null, "method": "voronoi" }, "geometry": { "type": "Polygon", "coordinates": [ [ [ 74.4141870134399, 31.352711887826658 ], [ 74.436826056982596, 31.357446103527536 ], [ 74.446216218187246, 31.343687456116612 ], [ 74.440063476562614, 31.34088134765625 ], [ 74.431882273971752, 31.329649385036745 ], [ 74.416268554486507, 31.337149429610168 ], [ 74.413267398538508, 31.348935630374289 ], [ 74.4141870134399, 31.352711887826658 ] ] ] } },
{ "type": "Feature", "properties": { "name": "Bagarian", "label": "Bagarian", "dup_count": 1, "area_sqkm": 5.1851744820782866, "source": null, "method": "voronoi" }, "geometry": { "type": "Polygon", "coordinates": [ [ [ 74.421502378064972, 31.595164371983046 ], [ 74.438111776675541, 31.597559950671627 ], [ 74.44552203741236, 31.590293264797616 ], [ 74.444864130708339, 31.582931461671151 ], [ 74.429541924406678, 31.570042652420543 ], [ 74.42601674002681, 31.569470984770501 ], [ 74.420400780512779, 31.583811376577025 ], [ 74.421502378064972, 31.595164371983046 ] ] ] } },
{ "type": "Feature", "properties": { "name": "Pathanwala", "label": "Pathanwala", "dup_count": 1, "area_sqkm": 1.3940502183665735, "source": null, "method": "voronoi" }, "geometry": { "type": "Polygon", "coordinates": [ [ [ 74.430080852067249, 31.433740078625018 ], [ 74.43985788274469, 31.443465377873682 ], [ 74.441365804054797, 31.432986114694483 ], [ 74.436282767214877, 31.424893050911241 ], [ 74.431279655481305, 31.424871554344513 ], [ 74.430465094392659, 31.425651318298279 ], [ 74.430080852067249, 31.433740078625018 ] ] ] } },
{ "type": "Feature", "properties": { "name": "Rora", "label": "Rora", "dup_count": 1, "area_sqkm": 5.1817564689826057, "source": null, "method": "voronoi" }, "geometry": { "type": "Polygon", "coordinates": [ [ [ 74.426832902526755, 31.384690316839531 ], [ 74.4293631976048, 31.39360883114599 ], [ 74.431684440534227, 31.395015168240199 ], [ 74.448139692093051, 31.38943243259849 ], [ 74.455304764314008, 31.383438921963812 ], [ 74.457005720405419, 31.376659777487767 ], [ 74.45450065283012, 31.373008214838961 ], [ 74.451393790773679, 31.370977933436521 ], [ 74.443936993028103, 31.370640060967411 ], [ 74.429776548015866, 31.377774167695925 ], [ 74.426832902526755, 31.384690316839531 ] ] ] } },
{ "type": "Feature", "properties": { "name": "Ganjewala", "label": "Ganjewala", "dup_count": 1, "area_sqkm": 1.6854109735019878, "source": null, "method": "voronoi" }, "geometry": { "type": "Polygon", "coordinates": [ [ [ 74.434848410641649, 31.636979319281952 ], [ 74.449278123686071, 31.635395488419935 ], [ 74.458661180259909, 31.63348452428097 ], [ 74.45932116096337, 31.630525656252829 ], [ 74.440773740511034, 31.62671706611615 ], [ 74.433659511758066, 31.634846789986451 ], [ 74.434848410641649, 31.636979319281952 ] ] ] } },
{ "type": "Feature", "properties": { "name": "Ganje Sandhu", "label": "Ganje Sandhu", "dup_count": 1, "area_sqkm": 2.1269403289667146, "source": null, "method": "voronoi" }, "geometry": { "type": "Polygon", "coordinates": [ [ [ 74.440773740511034, 31.62671706611615 ], [ 74.45932116096337, 31.630525656252829 ], [ 74.460524257904012, 31.628640696962602 ], [ 74.45025918588172, 31.613760453559809 ], [ 74.449518038330197, 31.613604278064479 ], [ 74.442226020838007, 31.616534257166002 ], [ 74.441383727286592, 31.617446570434595 ], [ 74.440773740511034, 31.62671706611615 ] ] ] } },
{ "type": "Feature", "properties": { "name": "Tibba", "label": "Tibba", "dup_count": 1, "area_sqkm": 2.2150990500389076, "source": null, "method": "voronoi" }, "geometry": { "type": "Polygon", "coordinates": [ [ [ 74.420240898154418, 31.491279767161831 ], [ 74.421014540290528, 31.496877682171593 ], [ 74.433921817093761, 31.500976874607542 ], [ 74.441952494554101, 31.495868449659611 ], [ 74.443512282249984, 31.491502096275116 ], [ 74.443329297411097, 31.489509599441568 ], [ 74.436697377354292, 31.487722540982258 ], [ 74.420240898154418, 31.491279767161831 ] ] ] } },
{ "type": "Feature", "properties": { "name": "Chahowali", "label": "Chahowali", "dup_count": 1, "area_sqkm": 1.8444711438169608, "source": null, "method": "voronoi" }, "geometry": { "type": "Polygon", "coordinates": [ [ [ 74.426933882316703, 31.475502434621145 ], [ 74.432127461305939, 31.478551636170039 ], [ 74.449532874059088, 31.471129276619799 ], [ 74.448907862802585, 31.470037142880784 ], [ 74.434630556107891, 31.465669032850947 ], [ 74.428012829003023, 31.466974439575075 ], [ 74.426933882316703, 31.475502434621145 ] ] ] } },
{ "type": "Feature", "properties": { "name": "Jhugian Alfa", "label": "Jhugian Alfa", "dup_count": 1, "area_sqkm": 1.7791773945927081, "source": null, "method": "voronoi" }, "geometry": { "type": "Polygon", "coordinates": [ [ [ 74.434068014987744, 31.509446333105132 ], [ 74.446741602015422, 31.515128931110809 ], [ 74.447505997221469, 31.507714478460642 ], [ 74.441952494554101, 31.495868449659611 ], [ 74.433921817093761, 31.500976874607542 ], [ 74.434068014987744, 31.509446333105132 ] ] ] } },
{ "type": "Feature", "properties": { "name": "Tera", "label": "Tera", "dup_count": 1, "area_sqkm": 8.0729477968872789, "source": null, "method": "voronoi" }, "geometry": { "type": "Polygon", "coordinates": [ [ [ 74.42601674002681, 31.569470984770501 ], [ 74.429541924406678, 31.570042652420543 ], [ 74.453269397144126, 31.568910406898596 ], [ 74.464345162421196, 31.551646905450433 ], [ 74.464004120552829, 31.550428487449601 ], [ 74.457014721629619, 31.546801161622518 ], [ 74.446083613638109, 31.542896708224504 ], [ 74.438598438278845, 31.543554378518529 ], [ 74.422760815752127, 31.563077988896218 ], [ 74.42601674002681, 31.569470984770501 ] ] ] } },
{ "type": "Feature", "properties": { "name": "DHA 7", "label": "DHA 7", "dup_count": 1, "area_sqkm": 1.4276349720311905, "source": "user_verified_list_2024", "method": "voronoi" }, "geometry": { "type": "Polygon", "coordinates": [ [ [ 74.431419427906619, 31.448801105173953 ], [ 74.438158539158238, 31.449313503379052 ], [ 74.440980390950799, 31.448415316860789 ], [ 74.43985788274469, 31.443465377873682 ], [ 74.430080852067249, 31.433740078625018 ], [ 74.425618604906333, 31.443186814828135 ], [ 74.431419427906619, 31.448801105173953 ] ] ] } },
{ "type": "Feature", "properties": { "name": "Chachowali", "label": "Chachowali", "dup_count": 1, "area_sqkm": 2.2796011597659636, "source": "user_verified_list_2024", "method": "voronoi" }, "geometry": { "type": "Polygon", "coordinates": [ [ [ 74.436697377354292, 31.487722540982258 ], [ 74.443329297411097, 31.489509599441568 ], [ 74.444244805907161, 31.488729225574467 ], [ 74.452071759861255, 31.477835588820302 ], [ 74.452409582810375, 31.474168797052982 ], [ 74.449532874059088, 31.471129276619799 ], [ 74.432127461305939, 31.478551636170039 ], [ 74.436697377354292, 31.487722540982258 ] ] ] } },
{ "type": "Feature", "properties": { "name": "Maral War", "label": "Maral War", "dup_count": 1, "area_sqkm": 1.8668969384895819, "source": null, "method": "voronoi" }, "geometry": { "type": "Polygon", "coordinates": [ [ [ 74.449278123686071, 31.635395488419935 ], [ 74.442113639387259, 31.657491869478008 ], [ 74.447940769871352, 31.65448815697285 ], [ 74.459820405341702, 31.637660465051489 ], [ 74.458661180259909, 31.63348452428097 ], [ 74.449278123686071, 31.635395488419935 ] ] ] } },
{ "type": "Feature", "properties": { "name": "Lidhar", "label": "Lidhar", "dup_count": 1, "area_sqkm": 2.9409097522146608, "source": null, "method": "voronoi" }, "geometry": { "type": "Polygon", "coordinates": [ [ [ 74.434630556107891, 31.465669032850947 ], [ 74.448907862802585, 31.470037142880784 ], [ 74.45331115700661, 31.453101397008787 ], [ 74.443566962181123, 31.448718163835224 ], [ 74.440980390950799, 31.448415316860789 ], [ 74.438158539158238, 31.449313503379052 ], [ 74.434630556107891, 31.465669032850947 ] ] ] } },
{ "type": "Feature", "properties": { "name": "Dagrai Khurb", "label": "Dagrai Khurb", "dup_count": 1, "area_sqkm": 4.3361962667052012, "source": null, "method": "voronoi" }, "geometry": { "type": "Polygon", "coordinates": [ [ [ 74.438598438278845, 31.543554378518529 ], [ 74.446083613638109, 31.542896708224504 ], [ 74.455340077037832, 31.52765778650215 ], [ 74.448974702084328, 31.516070139597335 ], [ 74.446900401810211, 31.515382531738179 ], [ 74.430193830958615, 31.529734671097824 ], [ 74.438598438278845, 31.543554378518529 ] ] ] } },
{ "type": "Feature", "properties": { "name": "Saura", "label": "Saura", "dup_count": 1, "area_sqkm": 3.9507429565524661, "source": null, "method": "voronoi" }, "geometry": { "type": "Polygon", "coordinates": [ [ [ 74.431279655481305, 31.424871554344513 ], [ 74.436282767214877, 31.424893050911241 ], [ 74.446312686342651, 31.420615660043421 ], [ 74.452354995883226, 31.408341630358887 ], [ 74.435986298340055, 31.4002964673472 ], [ 74.427450078824549, 31.418399325661699 ], [ 74.431279655481305, 31.424871554344513 ] ] ] } },
{ "type": "Feature", "properties": { "name": "Talwara", "label": "Talwara", "dup_count": 1, "area_sqkm": 9.2532035954380731, "source": null, "method": "voronoi" }, "geometry": { "type": "Polygon", "coordinates": [ [ [ 74.426649327549541, 31.673431131115766 ], [ 74.414284810945261, 31.7012933760758 ], [ 74.413073037674693, 31.706035897132274 ], [ 74.470169758627421, 31.671095464300343 ], [ 74.472401820510029, 31.665031335862331 ], [ 74.428772562686916, 31.671315494176977 ], [ 74.426649327549541, 31.673431131115766 ] ] ] } },
{ "type": "Feature", "properties": { "name": "K C Colony", "label": "K C Colony", "dup_count": 1, "area_sqkm": 0.91877091828272495, "source": null, "method": "voronoi" }, "geometry": { "type": "Polygon", "coordinates": [ [ [ 74.438111776675541, 31.597559950671627 ], [ 74.444231379394168, 31.600488778343728 ], [ 74.445040455264987, 31.600190255730592 ], [ 74.455612222034887, 31.58968833077012 ], [ 74.44552203741236, 31.590293264797616 ], [ 74.438111776675541, 31.597559950671627 ] ] ] } },
{ "type": "Feature", "properties": { "name": "EME DHA Society", "label": "EME DHA Society", "dup_count": 1, "area_sqkm": 1.0322767913244248, "source": "user_verified_list_2024", "method": "voronoi" }, "geometry": { "type": "Polygon", "coordinates": [ [ [ 74.440980390950799, 31.448415316860789 ], [ 74.443566962181123, 31.448718163835224 ], [ 74.450444765125965, 31.436323444721332 ], [ 74.441365804054797, 31.432986114694483 ], [ 74.43985788274469, 31.443465377873682 ], [ 74.440980390950799, 31.448415316860789 ] ] ] } },
{ "type": "Feature", "properties": { "name": "Kot Dhuni Chand", "label": "Kot Dhuni Chand", "dup_count": 1, "area_sqkm": 0.61284790480792339, "source": null, "method": "voronoi" }, "geometry": { "type": "Polygon", "coordinates": [ [ [ 74.44552203741236, 31.590293264797616 ], [ 74.455612222034887, 31.58968833077012 ], [ 74.456684635356964, 31.589203587661711 ], [ 74.454709897042108, 31.585731428077583 ], [ 74.444864130708339, 31.582931461671151 ], [ 74.44552203741236, 31.590293264797616 ] ] ] } },
{ "type": "Feature", "properties": { "name": "Rakh Bhangali", "label": "Rakh Bhangali", "dup_count": 1, "area_sqkm": 1.1783537206488441, "source": null, "method": "voronoi" }, "geometry": { "type": "Polygon", "coordinates": [ [ [ 74.441952494554101, 31.495868449659611 ], [ 74.447505997221469, 31.507714478460642 ], [ 74.455148893943587, 31.50108819589072 ], [ 74.454809462241016, 31.498287757812605 ], [ 74.443512282249984, 31.491502096275116 ], [ 74.441952494554101, 31.495868449659611 ] ] ] } },
{ "type": "Feature", "properties": { "name": "Chand Khan da Dera", "label": "Chand Khan da Dera", "dup_count": 1, "area_sqkm": 2.4601053851077106, "source": null, "method": "voronoi" }, "geometry": { "type": "Polygon", "coordinates": [ [ [ 74.45932116096337, 31.630525656252829 ], [ 74.458661180259909, 31.63348452428097 ], [ 74.459820405341702, 31.637660465051489 ], [ 74.468287897925308, 31.642308790318282 ], [ 74.480634053799079, 31.638699432915978 ], [ 74.479188407824978, 31.6319179753432 ], [ 74.478589187505193, 31.630797181211278 ], [ 74.464258741375644, 31.627308591434126 ], [ 74.460524257904012, 31.628640696962602 ], [ 74.45932116096337, 31.630525656252829 ] ] ] } },
{ "type": "Feature", "properties": { "name": "Taij Gharh", "label": "Taij Gharh", "dup_count": 1, "area_sqkm": 1.873757479234138, "source": null, "method": "voronoi" }, "geometry": { "type": "Polygon", "coordinates": [ [ [ 74.444231379394168, 31.600488778343728 ], [ 74.449518038330197, 31.613604278064479 ], [ 74.45025918588172, 31.613760453559809 ], [ 74.464141935854684, 31.607488417372313 ], [ 74.458264445582259, 31.599403537665715 ], [ 74.445040455264987, 31.600190255730592 ], [ 74.444231379394168, 31.600488778343728 ] ] ] } },
{ "type": "Feature", "properties": { "name": "Chandrai", "label": "Chandrai", "dup_count": 1, "area_sqkm": 0.87123391369130843, "source": null, "method": "voronoi" }, "geometry": { "type": "Polygon", "coordinates": [ [ [ 74.443512282249984, 31.491502096275116 ], [ 74.454809462241016, 31.498287757812605 ], [ 74.46120530650775, 31.494628799076654 ], [ 74.457499504344028, 31.491783620689141 ], [ 74.444244805907161, 31.488729225574467 ], [ 74.443329297411097, 31.489509599441568 ], [ 74.443512282249984, 31.491502096275116 ] ] ] } },
{ "type": "Feature", "properties": { "name": "Jhindri", "label": "Jhindri", "dup_count": 1, "area_sqkm": 2.0431229298615485, "source": null, "method": "voronoi" }, "geometry": { "type": "Polygon", "coordinates": [ [ [ 74.446900401810211, 31.515382531738179 ], [ 74.448974702084328, 31.516070139597335 ], [ 74.450001725542336, 31.515805381870646 ], [ 74.469755925833951, 31.509241880344579 ], [ 74.47029728128841, 31.507920288009569 ], [ 74.455148893943587, 31.50108819589072 ], [ 74.447505997221469, 31.507714478460642 ], [ 74.446741602015422, 31.515128931110809 ], [ 74.446900401810211, 31.515382531738179 ] ] ] } },
{ "type": "Feature", "properties": { "name": "Bole", "label": "Bole", "dup_count": 1, "area_sqkm": 4.0116960326238109, "source": null, "method": "voronoi" }, "geometry": { "type": "Polygon", "coordinates": [ [ [ 74.436826056982596, 31.357446103527536 ], [ 74.443936993028103, 31.370640060967411 ], [ 74.451393790773679, 31.370977933436521 ], [ 74.459559683503414, 31.349771378864933 ], [ 74.446216218187246, 31.343687456116612 ], [ 74.436826056982596, 31.357446103527536 ] ] ] } },
{ "type": "Feature", "properties": { "name": "Lehna Singhwala", "label": "Lehna Singhwala", "dup_count": 1, "area_sqkm": 3.9061607284033473, "source": null, "method": "voronoi" }, "geometry": { "type": "Polygon", "coordinates": [ [ [ 74.449532874059088, 31.471129276619799 ], [ 74.452409582810375, 31.474168797052982 ], [ 74.457663967844425, 31.473171472782425 ], [ 74.476564001979057, 31.457949541485799 ], [ 74.476579852537867, 31.45736964915756 ], [ 74.461704580435722, 31.450801399218342 ], [ 74.45331115700661, 31.453101397008787 ], [ 74.448907862802585, 31.470037142880784 ], [ 74.449532874059088, 31.471129276619799 ] ] ] } },
{ "type": "Feature", "properties": { "name": "Chya", "label": "Chya", "dup_count": 1, "area_sqkm": 0.80248958564670203, "source": null, "method": "voronoi" }, "geometry": { "type": "Polygon", "coordinates": [ [ [ 74.455612222034887, 31.58968833077012 ], [ 74.445040455264987, 31.600190255730592 ], [ 74.458264445582259, 31.599403537665715 ], [ 74.458737300000578, 31.597117257754192 ], [ 74.456816798046006, 31.589255031018226 ], [ 74.456684635356964, 31.589203587661711 ], [ 74.455612222034887, 31.58968833077012 ] ] ] } },
{ "type": "Feature", "properties": { "name": "DHA 8", "label": "DHA 8", "dup_count": 1, "area_sqkm": 2.1920502894496225, "source": "user_verified_list_2024", "method": "voronoi" }, "geometry": { "type": "Polygon", "coordinates": [ [ [ 74.441365804054797, 31.432986114694483 ], [ 74.450444765125965, 31.436323444721332 ], [ 74.460941935378045, 31.432242332843167 ], [ 74.446312686342651, 31.420615660043421 ], [ 74.436282767214877, 31.424893050911241 ], [ 74.441365804054797, 31.432986114694483 ] ] ] } },
{ "type": "Feature", "properties": { "name": "Kot Abdul Malik", "label": "Kot Abdul Malik", "dup_count": 1, "area_sqkm": 2.947924436296359, "source": "official_uc_pdf", "method": "voronoi" }, "geometry": { "type": "Polygon", "coordinates": [ [ [ 74.444864130708339, 31.582931461671151 ], [ 74.454709897042108, 31.585731428077583 ], [ 74.457864083841173, 31.572460097721578 ], [ 74.453269397144126, 31.568910406898596 ], [ 74.429541924406678, 31.570042652420543 ], [ 74.444864130708339, 31.582931461671151 ] ] ] } },
{ "type": "Feature", "properties": { "name": "Tulspura", "label": "Tulspura", "dup_count": 1, "area_sqkm": 2.3201240925125721, "source": null, "method": "voronoi" }, "geometry": { "type": "Polygon", "coordinates": [ [ [ 74.456816798046006, 31.589255031018226 ], [ 74.468822965374457, 31.587278513675592 ], [ 74.4735840512717, 31.580308706738254 ], [ 74.472512638381133, 31.576440954538004 ], [ 74.457864083841173, 31.572460097721578 ], [ 74.454709897042108, 31.585731428077583 ], [ 74.456684635356964, 31.589203587661711 ], [ 74.456816798046006, 31.589255031018226 ] ] ] } },
{ "type": "Feature", "properties": { "name": "Nat", "label": "Nat", "dup_count": 1, "area_sqkm": 2.8753862251959252, "source": null, "method": "voronoi" }, "geometry": { "type": "Polygon", "coordinates": [ [ [ 74.45025918588172, 31.613760453559809 ], [ 74.460524257904012, 31.628640696962602 ], [ 74.464258741375644, 31.627308591434126 ], [ 74.47036851146953, 31.618228997421316 ], [ 74.471731982566524, 31.609611807786809 ], [ 74.468985946364199, 31.60781099509752 ], [ 74.464141935854684, 31.607488417372313 ], [ 74.45025918588172, 31.613760453559809 ] ] ] } },
{ "type": "Feature", "properties": { "name": "Awan Dhaewala", "label": "Awan Dhaewala", "dup_count": 1, "area_sqkm": 2.3976142905488991, "source": null, "method": "voronoi" }, "geometry": { "type": "Polygon", "coordinates": [ [ [ 74.447940769871352, 31.65448815697285 ], [ 74.467626131900332, 31.654108437736298 ], [ 74.469783261686331, 31.651246841283072 ], [ 74.468287897925308, 31.642308790318282 ], [ 74.459820405341702, 31.637660465051489 ], [ 74.447940769871352, 31.65448815697285 ] ] ] } },
{ "type": "Feature", "properties": { "name": "Dhalla", "label": "Dhalla", "dup_count": 1, "area_sqkm": 2.8583026801048335, "source": null, "method": "voronoi" }, "geometry": { "type": "Polygon", "coordinates": [ [ [ 74.435986298340055, 31.4002964673472 ], [ 74.452354995883226, 31.408341630358887 ], [ 74.459930080167737, 31.406153013980603 ], [ 74.448139692093051, 31.38943243259849 ], [ 74.431684440534227, 31.395015168240199 ], [ 74.435986298340055, 31.4002964673472 ] ] ] } },
{ "type": "Feature", "properties": { "name": "Gopalpura", "label": "Gopalpura", "dup_count": 1, "area_sqkm": 1.0187320980100563, "source": null, "method": "voronoi" }, "geometry": { "type": "Polygon", "coordinates": [ [ [ 74.458737300000578, 31.597117257754192 ], [ 74.471018090607416, 31.594486416690955 ], [ 74.468822965374457, 31.587278513675592 ], [ 74.456816798046006, 31.589255031018226 ], [ 74.458737300000578, 31.597117257754192 ] ] ] } },
{ "type": "Feature", "properties": { "name": "Mota Singhwala", "label": "Mota Singhwala", "dup_count": 1, "area_sqkm": 2.9396947425161701, "source": null, "method": "voronoi" }, "geometry": { "type": "Polygon", "coordinates": [ [ [ 74.443566962181123, 31.448718163835224 ], [ 74.45331115700661, 31.453101397008787 ], [ 74.461704580435722, 31.450801399218342 ], [ 74.46411607423525, 31.433032119923116 ], [ 74.460941935378045, 31.432242332843167 ], [ 74.450444765125965, 31.436323444721332 ], [ 74.443566962181123, 31.448718163835224 ] ] ] } },
{ "type": "Feature", "properties": { "name": "Thethar", "label": "Thethar", "dup_count": 1, "area_sqkm": 6.3287657446204468, "source": null, "method": "voronoi" }, "geometry": { "type": "Polygon", "coordinates": [ [ [ 74.446312686342651, 31.420615660043421 ], [ 74.460941935378045, 31.432242332843167 ], [ 74.46411607423525, 31.433032119923116 ], [ 74.480890190277549, 31.425360177697652 ], [ 74.481026741939559, 31.425148056787322 ], [ 74.468123525185248, 31.405580166842626 ], [ 74.465258292469215, 31.405272733369291 ], [ 74.459930080167737, 31.406153013980603 ], [ 74.452354995883226, 31.408341630358887 ], [ 74.446312686342651, 31.420615660043421 ] ] ] } },
{ "type": "Feature", "properties": { "name": "Pir Bakhshwala", "label": "Pir Bakhshwala", "dup_count": 1, "area_sqkm": 1.3184356412181832, "source": null, "method": "voronoi" }, "geometry": { "type": "Polygon", "coordinates": [ [ [ 74.444244805907161, 31.488729225574467 ], [ 74.457499504344028, 31.491783620689141 ], [ 74.460349912582473, 31.484269859028188 ], [ 74.452071759861255, 31.477835588820302 ], [ 74.444244805907161, 31.488729225574467 ] ] ] } },
{ "type": "Feature", "properties": { "name": "Malakpur", "label": "Malakpur", "dup_count": 1, "area_sqkm": 1.7734964309508225, "source": null, "method": "voronoi" }, "geometry": { "type": "Polygon", "coordinates": [ [ [ 74.470169758627421, 31.671095464300343 ], [ 74.475634217305355, 31.696198043387763 ], [ 74.479344018842454, 31.691743102639244 ], [ 74.48042068107118, 31.687134226763725 ], [ 74.474759866205332, 31.664725458977834 ], [ 74.473165515912385, 31.664559538991433 ], [ 74.472401820510029, 31.665031335862331 ], [ 74.470169758627421, 31.671095464300343 ] ] ] } },
{ "type": "Feature", "properties": { "name": "Bhagwanpura", "label": "Bhagwanpura", "dup_count": 1, "area_sqkm": 4.2018448074854131, "source": null, "method": "voronoi" }, "geometry": { "type": "Polygon", "coordinates": [ [ [ 74.457864083841173, 31.572460097721578 ], [ 74.472512638381133, 31.576440954538004 ], [ 74.482086135807506, 31.564690919669761 ], [ 74.479785585039053, 31.562376749896146 ], [ 74.464345162421196, 31.551646905450433 ], [ 74.453269397144126, 31.568910406898596 ], [ 74.457864083841173, 31.572460097721578 ] ] ] } },
{ "type": "Feature", "properties": { "name": "Kot Shah", "label": "Kot Shah", "dup_count": 1, "area_sqkm": 3.3072594639408246, "source": null, "method": "voronoi" }, "geometry": { "type": "Polygon", "coordinates": [ [ [ 74.451393790773679, 31.370977933436521 ], [ 74.45450065283012, 31.373008214838961 ], [ 74.457008683038381, 31.371871539162115 ], [ 74.482149120511167, 31.355769711992995 ], [ 74.465652465820312, 31.3525485992431 ], [ 74.459559683503414, 31.349771378864933 ], [ 74.451393790773679, 31.370977933436521 ] ] ] } },
{ "type": "Feature", "properties": { "name": "Ichagil Khurd", "label": "Ichagil Khurd", "dup_count": 1, "area_sqkm": 32.339816636524127, "source": null, "method": "voronoi" }, "geometry": { "type": "Polygon", "coordinates": [ [ [ 74.523919269193172, 31.688778573709069 ], [ 74.49517135119622, 31.684292827388013 ], [ 74.479344018842454, 31.691743102639244 ], [ 74.475634217305355, 31.696198043387763 ], [ 74.455619902502804, 31.727808697390209 ], [ 74.463027954101562, 31.730384826660163 ], [ 74.472785949707088, 31.733173370361332 ], [ 74.506828308105426, 31.738651275634705 ], [ 74.518104553222656, 31.740575790405384 ], [ 74.538898482945697, 31.699741611121553 ], [ 74.523919269193172, 31.688778573709069 ] ] ] } },
{ "type": "Feature", "properties": { "name": "Theh Dhalla", "label": "Theh Dhalla", "dup_count": 1, "area_sqkm": 1.6735797068122034, "source": null, "method": "voronoi" }, "geometry": { "type": "Polygon", "coordinates": [ [ [ 74.448139692093051, 31.38943243259849 ], [ 74.459930080167737, 31.406153013980603 ], [ 74.465258292469215, 31.405272733369291 ], [ 74.455304764314008, 31.383438921963812 ], [ 74.448139692093051, 31.38943243259849 ] ] ] } },
{ "type": "Feature", "properties": { "name": "Rehmat Town", "label": "Rehmat Town", "dup_count": 1, "area_sqkm": 1.2486697717118984, "source": null, "method": "voronoi" }, "geometry": { "type": "Polygon", "coordinates": [ [ [ 74.464141935854684, 31.607488417372313 ], [ 74.468985946364199, 31.60781099509752 ], [ 74.47174644230833, 31.595569659177183 ], [ 74.471018090607416, 31.594486416690955 ], [ 74.458737300000578, 31.597117257754192 ], [ 74.458264445582259, 31.599403537665715 ], [ 74.464141935854684, 31.607488417372313 ] ] ] } },
{ "type": "Feature", "properties": { "name": "Jandiala", "label": "Jandiala", "dup_count": 1, "area_sqkm": 1.8030773412751415, "source": null, "method": "voronoi" }, "geometry": { "type": "Polygon", "coordinates": [ [ [ 74.469783261686331, 31.651246841283072 ], [ 74.483549143278282, 31.650076732253098 ], [ 74.487595989402678, 31.643543070437428 ], [ 74.480634053799079, 31.638699432915978 ], [ 74.468287897925308, 31.642308790318282 ], [ 74.469783261686331, 31.651246841283072 ] ] ] } },
{ "type": "Feature", "properties": { "name": "Solehrian da Dera", "label": "Solehrian da Dera", "dup_count": 1, "area_sqkm": 2.7684560815661814, "source": null, "method": "voronoi" }, "geometry": { "type": "Polygon", "coordinates": [ [ [ 74.464004120552829, 31.550428487449601 ], [ 74.478385009677552, 31.538706137956897 ], [ 74.476779286994116, 31.534803646498641 ], [ 74.469874996073827, 31.528047168517116 ], [ 74.465454551194625, 31.52858974412603 ], [ 74.457014721629619, 31.546801161622518 ], [ 74.464004120552829, 31.550428487449601 ] ] ] } },
{ "type": "Feature", "properties": { "name": "Phullarwan", "label": "Phullarwan", "dup_count": 1, "area_sqkm": 2.0906080639022413, "source": null, "method": "voronoi" }, "geometry": { "type": "Polygon", "coordinates": [ [ [ 74.446083613638109, 31.542896708224504 ], [ 74.457014721629619, 31.546801161622518 ], [ 74.465454551194625, 31.52858974412603 ], [ 74.455340077037832, 31.52765778650215 ], [ 74.446083613638109, 31.542896708224504 ] ] ] } },
{ "type": "Feature", "properties": { "name": "Jindra Sarkari", "label": "Jindra Sarkari", "dup_count": 1, "area_sqkm": 1.6969027166993513, "source": null, "method": "voronoi" }, "geometry": { "type": "Polygon", "coordinates": [ [ [ 74.455148893943587, 31.50108819589072 ], [ 74.47029728128841, 31.507920288009569 ], [ 74.474620992431568, 31.50256542227126 ], [ 74.468304722893322, 31.494671777518782 ], [ 74.46120530650775, 31.494628799076654 ], [ 74.454809462241016, 31.498287757812605 ], [ 74.455148893943587, 31.50108819589072 ] ] ] } },
{ "type": "Feature", "properties": { "name": "Ziarat Jandiala", "label": "Ziarat Jandiala", "dup_count": 1, "area_sqkm": 2.1222151946080832, "source": null, "method": "voronoi" }, "geometry": { "type": "Polygon", "coordinates": [ [ [ 74.467626131900332, 31.654108437736298 ], [ 74.473165515912385, 31.664559538991433 ], [ 74.474759866205332, 31.664725458977834 ], [ 74.485960441062886, 31.663217774790755 ], [ 74.483549143278282, 31.650076732253098 ], [ 74.469783261686331, 31.651246841283072 ], [ 74.467626131900332, 31.654108437736298 ] ] ] } },
{ "type": "Feature", "properties": { "name": "Basti Shafi", "label": "Basti Shafi", "dup_count": 1, "area_sqkm": 2.0464695672840509, "source": null, "method": "voronoi" }, "geometry": { "type": "Polygon", "coordinates": [ [ [ 74.452071759861255, 31.477835588820302 ], [ 74.460349912582473, 31.484269859028188 ], [ 74.468158345075381, 31.487988866357966 ], [ 74.47511032094981, 31.481413726711825 ], [ 74.47508363794779, 31.481358897918454 ], [ 74.471005766185954, 31.476958395180421 ], [ 74.457663967844425, 31.473171472782425 ], [ 74.452409582810375, 31.474168797052982 ], [ 74.452071759861255, 31.477835588820302 ] ] ] } },
{ "type": "Feature", "properties": { "name": "Bedian Road", "label": "Bedian Road", "dup_count": 1, "area_sqkm": 0.85353705390064993, "source": "user_verified_list_2024", "method": "voronoi" }, "geometry": { "type": "Polygon", "coordinates": [ [ [ 74.46120530650775, 31.494628799076654 ], [ 74.468304722893322, 31.494671777518782 ], [ 74.468158345075381, 31.487988866357966 ], [ 74.460349912582473, 31.484269859028188 ], [ 74.457499504344028, 31.491783620689141 ], [ 74.46120530650775, 31.494628799076654 ] ] ] } },
{ "type": "Feature", "properties": { "name": "Kalas Mari", "label": "Kalas Mari", "dup_count": 1, "area_sqkm": 1.4737295168342159, "source": null, "method": "voronoi" }, "geometry": { "type": "Polygon", "coordinates": [ [ [ 74.455340077037832, 31.52765778650215 ], [ 74.465454551194625, 31.52858974412603 ], [ 74.469874996073827, 31.528047168517116 ], [ 74.470652764903789, 31.52425531482184 ], [ 74.450001725542336, 31.515805381870646 ], [ 74.448974702084328, 31.516070139597335 ], [ 74.455340077037832, 31.52765778650215 ] ] ] } },
{ "type": "Feature", "properties": { "name": "Mallian Kalan", "label": "Mallian Kalan", "dup_count": 1, "area_sqkm": 2.6924856394479897, "source": null, "method": "voronoi" }, "geometry": { "type": "Polygon", "coordinates": [ [ [ 74.465258292469215, 31.405272733369291 ], [ 74.468123525185248, 31.405580166842626 ], [ 74.474459748651711, 31.399522989963884 ], [ 74.461237542486757, 31.378020162686525 ], [ 74.457005720405419, 31.376659777487767 ], [ 74.455304764314008, 31.383438921963812 ], [ 74.465258292469215, 31.405272733369291 ] ] ] } },
{ "type": "Feature", "properties": { "name": "Nai Abadi", "label": "Nai Abadi", "dup_count": 1, "area_sqkm": 1.8379489711234422, "source": null, "method": "voronoi" }, "geometry": { "type": "Polygon", "coordinates": [ [ [ 74.450001725542336, 31.515805381870646 ], [ 74.470652764903789, 31.52425531482184 ], [ 74.473184172761648, 31.51698735030158 ], [ 74.469755925833951, 31.509241880344579 ], [ 74.450001725542336, 31.515805381870646 ] ] ] } },
{ "type": "Feature", "properties": { "name": "Chauk Yadgar Asim Town", "label": "Chauk Yadgar Asim Town", "dup_count": 1, "area_sqkm": 1.8273726810016375, "source": null, "method": "voronoi" }, "geometry": { "type": "Polygon", "coordinates": [ [ [ 74.471018090607416, 31.594486416690955 ], [ 74.47174644230833, 31.595569659177183 ], [ 74.479953104268745, 31.595542760769138 ], [ 74.48635125808309, 31.586142923279326 ], [ 74.4735840512717, 31.580308706738254 ], [ 74.468822965374457, 31.587278513675592 ], [ 74.471018090607416, 31.594486416690955 ] ] ] } },
{ "type": "Feature", "properties": { "name": "Pidri Village", "label": "Pidri Village", "dup_count": 1, "area_sqkm": 3.2342831122398614, "source": null, "method": "voronoi" }, "geometry": { "type": "Polygon", "coordinates": [ [ [ 74.469755925833951, 31.509241880344579 ], [ 74.473184172761648, 31.51698735030158 ], [ 74.48887742184867, 31.520571205743725 ], [ 74.492072210546851, 31.519958071987904 ], [ 74.492354122138821, 31.51249266672319 ], [ 74.488868082386702, 31.507109213470006 ], [ 74.481758932711799, 31.501095328358943 ], [ 74.474620992431568, 31.50256542227126 ], [ 74.47029728128841, 31.507920288009569 ], [ 74.469755925833951, 31.509241880344579 ] ] ] } },
{ "type": "Feature", "properties": { "name": "Bhangali", "label": "Bhangali", "dup_count": 1, "area_sqkm": 2.9150234410013574, "source": null, "method": "voronoi" }, "geometry": { "type": "Polygon", "coordinates": [ [ [ 74.468304722893322, 31.494671777518782 ], [ 74.474620992431568, 31.50256542227126 ], [ 74.481758932711799, 31.501095328358943 ], [ 74.483270764321574, 31.499388641378378 ], [ 74.485275349089662, 31.493282218731554 ], [ 74.484582498435344, 31.484024699990446 ], [ 74.484337661691413, 31.483726387682932 ], [ 74.47511032094981, 31.481413726711825 ], [ 74.468158345075381, 31.487988866357966 ], [ 74.468304722893322, 31.494671777518782 ] ] ] } },
{ "type": "Feature", "properties": { "name": "Basti Habibabad", "label": "Basti Habibabad", "dup_count": 1, "area_sqkm": 1.9564257480418061, "source": null, "method": "voronoi" }, "geometry": { "type": "Polygon", "coordinates": [ [ [ 74.469874996073827, 31.528047168517116 ], [ 74.476779286994116, 31.534803646498641 ], [ 74.48887742184867, 31.520571205743725 ], [ 74.473184172761648, 31.51698735030158 ], [ 74.470652764903789, 31.52425531482184 ], [ 74.469874996073827, 31.528047168517116 ] ] ] } },
{ "type": "Feature", "properties": { "name": "Jattan da Dera", "label": "Jattan da Dera", "dup_count": 1, "area_sqkm": 1.3899268214220923, "source": null, "method": "voronoi" }, "geometry": { "type": "Polygon", "coordinates": [ [ [ 74.464258741375644, 31.627308591434126 ], [ 74.478589187505193, 31.630797181211278 ], [ 74.483031077919094, 31.624051731536277 ], [ 74.47036851146953, 31.618228997421316 ], [ 74.464258741375644, 31.627308591434126 ] ] ] } },
{ "type": "Feature", "properties": { "name": "Brahmanabad", "label": "Brahmanabad", "dup_count": 1, "area_sqkm": 2.9281461591470044, "source": null, "method": "voronoi" }, "geometry": { "type": "Polygon", "coordinates": [ [ [ 74.464345162421196, 31.551646905450433 ], [ 74.479785585039053, 31.562376749896146 ], [ 74.485793807629705, 31.542917507470037 ], [ 74.482885535044133, 31.53970708843574 ], [ 74.478385009677552, 31.538706137956897 ], [ 74.464004120552829, 31.550428487449601 ], [ 74.464345162421196, 31.551646905450433 ] ] ] } },
{ "type": "Feature", "properties": { "name": "Thairi", "label": "Thairi", "dup_count": 1, "area_sqkm": 2.4965209287558596, "source": null, "method": "voronoi" }, "geometry": { "type": "Polygon", "coordinates": [ [ [ 74.47036851146953, 31.618228997421316 ], [ 74.483031077919094, 31.624051731536277 ], [ 74.494589158964402, 31.616584768313473 ], [ 74.49516423249635, 31.615675592389604 ], [ 74.483707697708653, 31.609352643972226 ], [ 74.471731982566524, 31.609611807786809 ], [ 74.47036851146953, 31.618228997421316 ] ] ] } },
{ "type": "Feature", "properties": { "name": "Dera Malik Din Muhammad Awan", "label": "Dera Malik Din Muhammad Awan", "dup_count": 1, "area_sqkm": 1.9887269317168603, "source": null, "method": "voronoi" }, "geometry": { "type": "Polygon", "coordinates": [ [ [ 74.479344018842454, 31.691743102639244 ], [ 74.49517135119622, 31.684292827388013 ], [ 74.502848755919558, 31.665256580589276 ], [ 74.500691012066298, 31.665267339157985 ], [ 74.480665953343262, 31.686611221574235 ], [ 74.48042068107118, 31.687134226763725 ], [ 74.479344018842454, 31.691743102639244 ] ] ] } },
{ "type": "Feature", "properties": { "name": "Bhaini Dhalwan", "label": "Bhaini Dhalwan", "dup_count": 1, "area_sqkm": 1.5904653451847324, "source": null, "method": "voronoi" }, "geometry": { "type": "Polygon", "coordinates": [ [ [ 74.474759866205332, 31.664725458977834 ], [ 74.48042068107118, 31.687134226763725 ], [ 74.480665953343262, 31.686611221574235 ], [ 74.487444684830365, 31.663882158601339 ], [ 74.485960441062886, 31.663217774790755 ], [ 74.474759866205332, 31.664725458977834 ] ] ] } },
{ "type": "Feature", "properties": { "name": "Dera Chahl", "label": "Dera Chahl", "dup_count": 1, "area_sqkm": 5.8102442308837556, "source": null, "method": "voronoi" }, "geometry": { "type": "Polygon", "coordinates": [ [ [ 74.476579852537867, 31.45736964915756 ], [ 74.487279891805287, 31.45030268987896 ], [ 74.480890190277549, 31.425360177697652 ], [ 74.46411607423525, 31.433032119923116 ], [ 74.461704580435722, 31.450801399218342 ], [ 74.476579852537867, 31.45736964915756 ] ] ] } },
{ "type": "Feature", "properties": { "name": "Robiwala", "label": "Robiwala", "dup_count": 1, "area_sqkm": 1.9339909818335266, "source": null, "method": "voronoi" }, "geometry": { "type": "Polygon", "coordinates": [ [ [ 74.468985946364199, 31.60781099509752 ], [ 74.471731982566524, 31.609611807786809 ], [ 74.483707697708653, 31.609352643972226 ], [ 74.484703227036519, 31.60095734377899 ], [ 74.479953104268745, 31.595542760769138 ], [ 74.47174644230833, 31.595569659177183 ], [ 74.468985946364199, 31.60781099509752 ] ] ] } },
{ "type": "Feature", "properties": { "name": "Jalalabad", "label": "Jalalabad", "dup_count": 1, "area_sqkm": 1.678943274940814, "source": null, "method": "voronoi" }, "geometry": { "type": "Polygon", "coordinates": [ [ [ 74.457663967844425, 31.473171472782425 ], [ 74.471005766185954, 31.476958395180421 ], [ 74.477882456506762, 31.461025911479528 ], [ 74.476564001979057, 31.457949541485799 ], [ 74.457663967844425, 31.473171472782425 ] ] ] } },
{ "type": "Feature", "properties": { "name": "Basti Mewani", "label": "Basti Mewani", "dup_count": 1, "area_sqkm": 1.492971388195913, "source": null, "method": "voronoi" }, "geometry": { "type": "Polygon", "coordinates": [ [ [ 74.479188407824978, 31.6319179753432 ], [ 74.49429574301368, 31.630573029673307 ], [ 74.494589158964402, 31.616584768313473 ], [ 74.483031077919094, 31.624051731536277 ], [ 74.478589187505193, 31.630797181211278 ], [ 74.479188407824978, 31.6319179753432 ] ] ] } },
{ "type": "Feature", "properties": { "name": "Kot Nur Muhammad", "label": "Kot Nur Muhammad", "dup_count": 1, "area_sqkm": 1.6642813127107998, "source": null, "method": "voronoi" }, "geometry": { "type": "Polygon", "coordinates": [ [ [ 74.487595989402678, 31.643543070437428 ], [ 74.490995935222273, 31.643048604205578 ], [ 74.492802524574145, 31.642109320074354 ], [ 74.496009729478374, 31.635441980480188 ], [ 74.495924874150532, 31.635093816232626 ], [ 74.49429574301368, 31.630573029673307 ], [ 74.479188407824978, 31.6319179753432 ], [ 74.480634053799079, 31.638699432915978 ], [ 74.487595989402678, 31.643543070437428 ] ] ] } },
{ "type": "Feature", "properties": { "name": "Jalloana", "label": "Jalloana", "dup_count": 1, "area_sqkm": 3.5636432488303185, "source": null, "method": "voronoi" }, "geometry": { "type": "Polygon", "coordinates": [ [ [ 74.4735840512717, 31.580308706738254 ], [ 74.48635125808309, 31.586142923279326 ], [ 74.487684140639715, 31.586187507618092 ], [ 74.495583969084237, 31.576836137992395 ], [ 74.492035928714571, 31.564457485196822 ], [ 74.482086135807506, 31.564690919669761 ], [ 74.472512638381133, 31.576440954538004 ], [ 74.4735840512717, 31.580308706738254 ] ] ] } },
{ "type": "Feature", "properties": { "name": "Rampura", "label": "Rampura", "dup_count": 1, "area_sqkm": 1.1970461961535424, "source": null, "method": "voronoi" }, "geometry": { "type": "Polygon", "coordinates": [ [ [ 74.484703227036519, 31.60095734377899 ], [ 74.492881139128755, 31.595024232530854 ], [ 74.493200863625347, 31.590958538591565 ], [ 74.487684140639715, 31.586187507618092 ], [ 74.48635125808309, 31.586142923279326 ], [ 74.479953104268745, 31.595542760769138 ], [ 74.484703227036519, 31.60095734377899 ] ] ] } },
{ "type": "Feature", "properties": { "name": "Hair", "label": "Hair", "dup_count": 1, "area_sqkm": 7.8382883984753766, "source": null, "method": "voronoi" }, "geometry": { "type": "Polygon", "coordinates": [ [ [ 74.468123525185248, 31.405580166842626 ], [ 74.481026741939559, 31.425148056787322 ], [ 74.489894480137053, 31.423378979224097 ], [ 74.499744347312898, 31.408563999215765 ], [ 74.501521990572826, 31.39764013094906 ], [ 74.494598367355877, 31.389527739442247 ], [ 74.491912680132998, 31.388452109469259 ], [ 74.474459748651711, 31.399522989963884 ], [ 74.468123525185248, 31.405580166842626 ] ] ] } },
{ "type": "Feature", "properties": { "name": "Sangatpura", "label": "Sangatpura", "dup_count": 1, "area_sqkm": 5.1161610215288462, "source": null, "method": "voronoi" }, "geometry": { "type": "Polygon", "coordinates": [ [ [ 74.476564001979057, 31.457949541485799 ], [ 74.477882456506762, 31.461025911479528 ], [ 74.483145616933356, 31.467218897986974 ], [ 74.487913636056106, 31.470419774685553 ], [ 74.506762329294347, 31.466675075195006 ], [ 74.509462226580922, 31.463796313458115 ], [ 74.509326588997808, 31.45562995546069 ], [ 74.507574712897053, 31.453100888971793 ], [ 74.487279891805287, 31.45030268987896 ], [ 74.476579852537867, 31.45736964915756 ], [ 74.476564001979057, 31.457949541485799 ] ] ] } },
{ "type": "Feature", "properties": { "name": "Basti Pir Mandiala", "label": "Basti Pir Mandiala", "dup_count": 1, "area_sqkm": 2.7433681739595257, "source": null, "method": "voronoi" }, "geometry": { "type": "Polygon", "coordinates": [ [ [ 74.487444684830365, 31.663882158601339 ], [ 74.500691012066298, 31.665267339157985 ], [ 74.502848755919558, 31.665256580589276 ], [ 74.503685462334062, 31.665014126459152 ], [ 74.490995935222273, 31.643048604205578 ], [ 74.487595989402678, 31.643543070437428 ], [ 74.483549143278282, 31.650076732253098 ], [ 74.485960441062886, 31.663217774790755 ], [ 74.487444684830365, 31.663882158601339 ] ] ] } },
{ "type": "Feature", "properties": { "name": "Tikki Mohallah", "label": "Tikki Mohallah", "dup_count": 1, "area_sqkm": 2.1150603080956945, "source": null, "method": "voronoi" }, "geometry": { "type": "Polygon", "coordinates": [ [ [ 74.483707697708653, 31.609352643972226 ], [ 74.49516423249635, 31.615675592389604 ], [ 74.498362612522172, 31.614893749582549 ], [ 74.499296092975356, 31.612377608195033 ], [ 74.494343293081599, 31.596705870785904 ], [ 74.492881139128755, 31.595024232530854 ], [ 74.484703227036519, 31.60095734377899 ], [ 74.483707697708653, 31.609352643972226 ] ] ] } },
{ "type": "Feature", "properties": { "name": "Jahman", "label": "Jahman", "dup_count": 1, "area_sqkm": 3.4238689484704099, "source": null, "method": "voronoi" }, "geometry": { "type": "Polygon", "coordinates": [ [ [ 74.51737458064558, 31.376673447475127 ], [ 74.519028043818537, 31.376248231649555 ], [ 74.524729746161142, 31.363866959629348 ], [ 74.51177213601602, 31.3521387697653 ], [ 74.497140703759541, 31.354996036642628 ], [ 74.51737458064558, 31.376673447475127 ] ] ] } },
{ "type": "Feature", "properties": { "name": "Bohgan", "label": "Bohgan", "dup_count": 1, "area_sqkm": 2.6144690575134684, "source": null, "method": "voronoi" }, "geometry": { "type": "Polygon", "coordinates": [ [ [ 74.457008683038381, 31.371871539162115 ], [ 74.489445753980121, 31.366807408493177 ], [ 74.49200689626015, 31.355998154197298 ], [ 74.487663269043026, 31.356845855712884 ], [ 74.482149120511167, 31.355769711992995 ], [ 74.457008683038381, 31.371871539162115 ] ] ] } },
{ "type": "Feature", "properties": { "name": "Nepal", "label": "Nepal", "dup_count": 1, "area_sqkm": 3.2965521071229533, "source": null, "method": "voronoi" }, "geometry": { "type": "Polygon", "coordinates": [ [ [ 74.45450065283012, 31.373008214838961 ], [ 74.457005720405419, 31.376659777487767 ], [ 74.461237542486757, 31.378020162686525 ], [ 74.488197045982503, 31.380360260370797 ], [ 74.489445753980121, 31.366807408493177 ], [ 74.457008683038381, 31.371871539162115 ], [ 74.45450065283012, 31.373008214838961 ] ] ] } },
{ "type": "Feature", "properties": { "name": "Natha Singhwala", "label": "Natha Singhwala", "dup_count": 1, "area_sqkm": 1.1636633624035388, "source": null, "method": "voronoi" }, "geometry": { "type": "Polygon", "coordinates": [ [ [ 74.47508363794779, 31.481358897918454 ], [ 74.483145616933356, 31.467218897986974 ], [ 74.477882456506762, 31.461025911479528 ], [ 74.471005766185954, 31.476958395180421 ], [ 74.47508363794779, 31.481358897918454 ] ] ] } },
{ "type": "Feature", "properties": { "name": "Mallian Khurd", "label": "Mallian Khurd", "dup_count": 1, "area_sqkm": 3.8781512654471211, "source": null, "method": "voronoi" }, "geometry": { "type": "Polygon", "coordinates": [ [ [ 74.474459748651711, 31.399522989963884 ], [ 74.491912680132998, 31.388452109469259 ], [ 74.488197045982503, 31.380360260370797 ], [ 74.461237542486757, 31.378020162686525 ], [ 74.474459748651711, 31.399522989963884 ] ] ] } },
{ "type": "Feature", "properties": { "name": "Dogarwala", "label": "Dogarwala", "dup_count": 1, "area_sqkm": 2.9341376634876442, "source": null, "method": "voronoi" }, "geometry": { "type": "Polygon", "coordinates": [ [ [ 74.482086135807506, 31.564690919669761 ], [ 74.492035928714571, 31.564457485196822 ], [ 74.492757609996076, 31.564006728720702 ], [ 74.501808178693722, 31.553885531937791 ], [ 74.485793807629705, 31.542917507470037 ], [ 74.479785585039053, 31.562376749896146 ], [ 74.482086135807506, 31.564690919669761 ] ] ] } },
{ "type": "Feature", "properties": { "name": "Chak Dhira", "label": "Chak Dhira", "dup_count": 1, "area_sqkm": 1.3123551913554374, "source": null, "method": "voronoi" }, "geometry": { "type": "Polygon", "coordinates": [ [ [ 74.47511032094981, 31.481413726711825 ], [ 74.484337661691413, 31.483726387682932 ], [ 74.488163677732359, 31.475746614460963 ], [ 74.487913636056106, 31.470419774685553 ], [ 74.483145616933356, 31.467218897986974 ], [ 74.47508363794779, 31.481358897918454 ], [ 74.47511032094981, 31.481413726711825 ] ] ] } },
{ "type": "Feature", "properties": { "name": "Dhaurwala", "label": "Dhaurwala", "dup_count": 1, "area_sqkm": 2.828852540674653, "source": null, "method": "voronoi" }, "geometry": { "type": "Polygon", "coordinates": [ [ [ 74.482885535044133, 31.53970708843574 ], [ 74.504195345994006, 31.5281264330618 ], [ 74.492072210546851, 31.519958071987904 ], [ 74.48887742184867, 31.520571205743725 ], [ 74.476779286994116, 31.534803646498641 ], [ 74.478385009677552, 31.538706137956897 ], [ 74.482885535044133, 31.53970708843574 ] ] ] } },
{ "type": "Feature", "properties": { "name": "Nabi Bakhsh di Haveli", "label": "Nabi Bakhsh di Haveli", "dup_count": 1, "area_sqkm": 6.3605711891153698, "source": null, "method": "voronoi" }, "geometry": { "type": "Polygon", "coordinates": [ [ [ 74.489445753980121, 31.366807408493177 ], [ 74.488197045982503, 31.380360260370797 ], [ 74.491912680132998, 31.388452109469259 ], [ 74.494598367355877, 31.389527739442247 ], [ 74.514018756711536, 31.38034842313283 ], [ 74.51737458064558, 31.376673447475127 ], [ 74.497140703759541, 31.354996036642628 ], [ 74.49200689626015, 31.355998154197298 ], [ 74.489445753980121, 31.366807408493177 ] ] ] } },
{ "type": "Feature", "properties": { "name": "Bhdini Dhilwal", "label": "Bhdini Dhilwal", "dup_count": 1, "area_sqkm": 1.6419906123854695, "source": null, "method": "voronoi" }, "geometry": { "type": "Polygon", "coordinates": [ [ [ 74.480665953343262, 31.686611221574235 ], [ 74.500691012066298, 31.665267339157985 ], [ 74.487444684830365, 31.663882158601339 ], [ 74.480665953343262, 31.686611221574235 ] ] ] } },
{ "type": "Feature", "properties": { "name": "Dogaich", "label": "Dogaich", "dup_count": 1, "area_sqkm": 1.8536107956191648, "source": null, "method": "voronoi" }, "geometry": { "type": "Polygon", "coordinates": [ [ [ 74.494589158964402, 31.616584768313473 ], [ 74.49429574301368, 31.630573029673307 ], [ 74.495924874150532, 31.635093816232626 ], [ 74.508808881320618, 31.623734617902812 ], [ 74.502326264731778, 31.616422601606413 ], [ 74.498362612522172, 31.614893749582549 ], [ 74.49516423249635, 31.615675592389604 ], [ 74.494589158964402, 31.616584768313473 ] ] ] } },
{ "type": "Feature", "properties": { "name": "Ichogil Kalan", "label": "Ichogil Kalan", "dup_count": 1, "area_sqkm": 3.3183685960315756, "source": null, "method": "voronoi" }, "geometry": { "type": "Polygon", "coordinates": [ [ [ 74.502848755919558, 31.665256580589276 ], [ 74.49517135119622, 31.684292827388013 ], [ 74.523919269193172, 31.688778573709069 ], [ 74.504525748560596, 31.664960401943162 ], [ 74.503685462334062, 31.665014126459152 ], [ 74.502848755919558, 31.665256580589276 ] ] ] } },
{ "type": "Feature", "properties": { "name": "Dhauri", "label": "Dhauri", "dup_count": 1, "area_sqkm": 4.248924631389225, "source": null, "method": "voronoi" }, "geometry": { "type": "Polygon", "coordinates": [ [ [ 74.485793807629705, 31.542917507470037 ], [ 74.501808178693722, 31.553885531937791 ], [ 74.506110747574695, 31.552406583968281 ], [ 74.510985862235643, 31.539762726895873 ], [ 74.505288436258454, 31.528285103459442 ], [ 74.504195345994006, 31.5281264330618 ], [ 74.482885535044133, 31.53970708843574 ], [ 74.485793807629705, 31.542917507470037 ] ] ] } },
{ "type": "Feature", "properties": { "name": "Gobinpura", "label": "Gobinpura", "dup_count": 1, "area_sqkm": 1.2237733230513497, "source": null, "method": "voronoi" }, "geometry": { "type": "Polygon", "coordinates": [ [ [ 74.484582498435344, 31.484024699990446 ], [ 74.503539017277632, 31.484024591041759 ], [ 74.503250631907093, 31.479257072230602 ], [ 74.488163677732359, 31.475746614460963 ], [ 74.484337661691413, 31.483726387682932 ], [ 74.484582498435344, 31.484024699990446 ] ] ] } },
{ "type": "Feature", "properties": { "name": "Bhaiwala", "label": "Bhaiwala", "dup_count": 1, "area_sqkm": 1.4124033201713695, "source": null, "method": "voronoi" }, "geometry": { "type": "Polygon", "coordinates": [ [ [ 74.485275349089662, 31.493282218731554 ], [ 74.502113761651117, 31.489492192270021 ], [ 74.50412319026367, 31.48487022036112 ], [ 74.503539017277632, 31.484024591041759 ], [ 74.484582498435344, 31.484024699990446 ], [ 74.485275349089662, 31.493282218731554 ] ] ] } },
{ "type": "Feature", "properties": { "name": "Karbath", "label": "Karbath", "dup_count": 1, "area_sqkm": 6.9103020605472585, "source": null, "method": "voronoi" }, "geometry": { "type": "Polygon", "coordinates": [ [ [ 74.480890190277549, 31.425360177697652 ], [ 74.487279891805287, 31.45030268987896 ], [ 74.507574712897053, 31.453100888971793 ], [ 74.511661056830135, 31.441718765785225 ], [ 74.507412848010091, 31.429497335656631 ], [ 74.489894480137053, 31.423378979224097 ], [ 74.481026741939559, 31.425148056787322 ], [ 74.480890190277549, 31.425360177697652 ] ] ] } },
{ "type": "Feature", "properties": { "name": "Bhasin", "label": "Bhasin", "dup_count": 1, "area_sqkm": 2.9788365119598805, "source": null, "method": "voronoi" }, "geometry": { "type": "Polygon", "coordinates": [ [ [ 74.503685462334062, 31.665014126459152 ], [ 74.504525748560596, 31.664960401943162 ], [ 74.510940984045277, 31.659458139731893 ], [ 74.514200268626098, 31.649433575866212 ], [ 74.512150349967314, 31.64675882412789 ], [ 74.492802524574145, 31.642109320074354 ], [ 74.490995935222273, 31.643048604205578 ], [ 74.503685462334062, 31.665014126459152 ] ] ] } },
{ "type": "Feature", "properties": { "name": "Khera", "label": "Khera", "dup_count": 1, "area_sqkm": 1.5284098008194389, "source": null, "method": "voronoi" }, "geometry": { "type": "Polygon", "coordinates": [ [ [ 74.487684140639715, 31.586187507618092 ], [ 74.493200863625347, 31.590958538591565 ], [ 74.502355971194675, 31.589697199997779 ], [ 74.503093829254169, 31.582412875602017 ], [ 74.501199060653761, 31.579094012103162 ], [ 74.495583969084237, 31.576836137992395 ], [ 74.487684140639715, 31.586187507618092 ] ] ] } },
{ "type": "Feature", "properties": { "name": "Ghawandi Khushhal Singh", "label": "Ghawandi Khushhal Singh", "dup_count": 1, "area_sqkm": 1.3767893176235351, "source": null, "method": "voronoi" }, "geometry": { "type": "Polygon", "coordinates": [ [ [ 74.481758932711799, 31.501095328358943 ], [ 74.488868082386702, 31.507109213470006 ], [ 74.498738171591711, 31.503766887951574 ], [ 74.505136550921961, 31.500691233205746 ], [ 74.502270238850926, 31.49740359196759 ], [ 74.483270764321574, 31.499388641378378 ], [ 74.481758932711799, 31.501095328358943 ] ] ] } },
{ "type": "Feature", "properties": { "name": "Wara Mole Wasian", "label": "Wara Mole Wasian", "dup_count": 1, "area_sqkm": 1.625250556645117, "source": null, "method": "voronoi" }, "geometry": { "type": "Polygon", "coordinates": [ [ [ 74.495583969084237, 31.576836137992395 ], [ 74.501199060653761, 31.579094012103162 ], [ 74.513399725744009, 31.573556991106184 ], [ 74.492757609996076, 31.564006728720702 ], [ 74.492035928714571, 31.564457485196822 ], [ 74.495583969084237, 31.576836137992395 ] ] ] } },
{ "type": "Feature", "properties": { "name": "Thatta Dhilwan", "label": "Thatta Dhilwan", "dup_count": 1, "area_sqkm": 10.693422034607112, "source": null, "method": "voronoi" }, "geometry": { "type": "Polygon", "coordinates": [ [ [ 74.510940984045277, 31.659458139731893 ], [ 74.504525748560596, 31.664960401943162 ], [ 74.523919269193172, 31.688778573709069 ], [ 74.538898482945697, 31.699741611121553 ], [ 74.554289221377331, 31.669496688283534 ], [ 74.510940984045277, 31.659458139731893 ] ] ] } },
{ "type": "Feature", "properties": { "name": "Jallo Mor", "label": "Jallo Mor", "dup_count": 1, "area_sqkm": 1.1962009135953391, "source": null, "method": "voronoi" }, "geometry": { "type": "Polygon", "coordinates": [ [ [ 74.494343293081599, 31.596705870785904 ], [ 74.508765650643767, 31.599244890459207 ], [ 74.509438331191163, 31.593377175038253 ], [ 74.502355971194675, 31.589697199997779 ], [ 74.493200863625347, 31.590958538591565 ], [ 74.492881139128755, 31.595024232530854 ], [ 74.494343293081599, 31.596705870785904 ] ] ] } },
{ "type": "Feature", "properties": { "name": "Dograi Kalan", "label": "Dograi Kalan", "dup_count": 1, "area_sqkm": 1.1541146931369506, "source": null, "method": "voronoi" }, "geometry": { "type": "Polygon", "coordinates": [ [ [ 74.499296092975356, 31.612377608195033 ], [ 74.50882766485087, 31.599646246970448 ], [ 74.508765650643767, 31.599244890459207 ], [ 74.494343293081599, 31.596705870785904 ], [ 74.499296092975356, 31.612377608195033 ] ] ] } },
{ "type": "Feature", "properties": { "name": "Dogdich", "label": "Dogdich", "dup_count": 1, "area_sqkm": 1.075097665862075, "source": null, "method": "voronoi" }, "geometry": { "type": "Polygon", "coordinates": [ [ [ 74.496009729478374, 31.635441980480188 ], [ 74.512084399023081, 31.633314291985005 ], [ 74.514539709308522, 31.629262876463354 ], [ 74.508808881320618, 31.623734617902812 ], [ 74.495924874150532, 31.635093816232626 ], [ 74.496009729478374, 31.635441980480188 ] ] ] } },
{ "type": "Feature", "properties": { "name": "Darswali", "label": "Darswali", "dup_count": 1, "area_sqkm": 2.05103243991771, "source": null, "method": "voronoi" }, "geometry": { "type": "Polygon", "coordinates": [ [ [ 74.50882766485087, 31.599646246970448 ], [ 74.521865515009026, 31.604569781122901 ], [ 74.523996324367388, 31.603161766100083 ], [ 74.526920918475895, 31.596603349176714 ], [ 74.523347172546224, 31.59154963684453 ], [ 74.521671024227672, 31.589433810441239 ], [ 74.516939456454963, 31.588721818492989 ], [ 74.509438331191163, 31.593377175038253 ], [ 74.508765650643767, 31.599244890459207 ], [ 74.50882766485087, 31.599646246970448 ] ] ] } },
{ "type": "Feature", "properties": { "name": "Bhasin", "label": "Bhasin", "dup_count": 1, "area_sqkm": 1.9054356420793097, "source": null, "method": "voronoi" }, "geometry": { "type": "Polygon", "coordinates": [ [ [ 74.492802524574145, 31.642109320074354 ], [ 74.512150349967314, 31.64675882412789 ], [ 74.512084399023081, 31.633314291985005 ], [ 74.496009729478374, 31.635441980480188 ], [ 74.492802524574145, 31.642109320074354 ] ] ] } },
{ "type": "Feature", "properties": { "name": "Lakhan Sharif", "label": "Lakhan Sharif", "dup_count": 1, "area_sqkm": 2.3412372827687311, "source": null, "method": "voronoi" }, "geometry": { "type": "Polygon", "coordinates": [ [ [ 74.498362612522172, 31.614893749582549 ], [ 74.502326264731778, 31.616422601606413 ], [ 74.513550587419061, 31.613434228681339 ], [ 74.520873391894298, 31.609052738239836 ], [ 74.521865515009026, 31.604569781122901 ], [ 74.50882766485087, 31.599646246970448 ], [ 74.499296092975356, 31.612377608195033 ], [ 74.498362612522172, 31.614893749582549 ] ] ] } },
{ "type": "Feature", "properties": { "name": "Tota Pind", "label": "Tota Pind", "dup_count": 1, "area_sqkm": 2.656756239255631, "source": null, "method": "voronoi" }, "geometry": { "type": "Polygon", "coordinates": [ [ [ 74.502113761651117, 31.489492192270021 ], [ 74.502270238850926, 31.49740359196759 ], [ 74.505136550921961, 31.500691233205746 ], [ 74.514912923869446, 31.50664110293296 ], [ 74.517413072509825, 31.507378226330388 ], [ 74.516429470930234, 31.487077570100727 ], [ 74.50412319026367, 31.48487022036112 ], [ 74.502113761651117, 31.489492192270021 ] ] ] } },
{ "type": "Feature", "properties": { "name": "Pathanwala", "label": "Pathanwala", "dup_count": 1, "area_sqkm": 1.3026082002962407, "source": null, "method": "voronoi" }, "geometry": { "type": "Polygon", "coordinates": [ [ [ 74.483270764321574, 31.499388641378378 ], [ 74.502270238850926, 31.49740359196759 ], [ 74.502113761651117, 31.489492192270021 ], [ 74.485275349089662, 31.493282218731554 ], [ 74.483270764321574, 31.499388641378378 ] ] ] } },
{ "type": "Feature", "properties": { "name": "Ghawindi", "label": "Ghawindi", "dup_count": 1, "area_sqkm": 0.545619622367013, "source": null, "method": "voronoi" }, "geometry": { "type": "Polygon", "coordinates": [ [ [ 74.492354122138821, 31.51249266672319 ], [ 74.498066454958717, 31.510669751789401 ], [ 74.498738171591711, 31.503766887951574 ], [ 74.488868082386702, 31.507109213470006 ], [ 74.492354122138821, 31.51249266672319 ] ] ] } },
{ "type": "Feature", "properties": { "name": "Jhuggian Muhammad Bakhsh", "label": "Jhuggian Muhammad Bakhsh", "dup_count": 1, "area_sqkm": 1.2110089476501351, "source": null, "method": "voronoi" }, "geometry": { "type": "Polygon", "coordinates": [ [ [ 74.509438331191163, 31.593377175038253 ], [ 74.516939456454963, 31.588721818492989 ], [ 74.51455786798293, 31.583108641621472 ], [ 74.503093829254169, 31.582412875602017 ], [ 74.502355971194675, 31.589697199997779 ], [ 74.509438331191163, 31.593377175038253 ] ] ] } },
{ "type": "Feature", "properties": { "name": "Barki Road", "label": "Barki Road", "dup_count": 1, "area_sqkm": 1.608395979399269, "source": "user_verified_list_2024", "method": "voronoi" }, "geometry": { "type": "Polygon", "coordinates": [ [ [ 74.503250631907093, 31.479257072230602 ], [ 74.506762329294347, 31.466675075195006 ], [ 74.487913636056106, 31.470419774685553 ], [ 74.488163677732359, 31.475746614460963 ], [ 74.503250631907093, 31.479257072230602 ] ] ] } },
{ "type": "Feature", "properties": { "name": "Padri", "label": "Padri", "dup_count": 1, "area_sqkm": 4.1655289915221649, "source": null, "method": "voronoi" }, "geometry": { "type": "Polygon", "coordinates": [ [ [ 74.492354122138821, 31.51249266672319 ], [ 74.492072210546851, 31.519958071987904 ], [ 74.504195345994006, 31.5281264330618 ], [ 74.505288436258454, 31.528285103459442 ], [ 74.52195206085679, 31.513540829775657 ], [ 74.520548339123252, 31.509906332344563 ], [ 74.517413072509825, 31.507378226330388 ], [ 74.514912923869446, 31.50664110293296 ], [ 74.498066454958717, 31.510669751789401 ], [ 74.492354122138821, 31.51249266672319 ] ] ] } },
{ "type": "Feature", "properties": { "name": "Barki", "label": "Barki", "dup_count": 1, "area_sqkm": 4.0098498694813252, "source": null, "method": "voronoi" }, "geometry": { "type": "Polygon", "coordinates": [ [ [ 74.50412319026367, 31.48487022036112 ], [ 74.516429470930234, 31.487077570100727 ], [ 74.531594155064738, 31.478794437417591 ], [ 74.509462226580922, 31.463796313458115 ], [ 74.506762329294347, 31.466675075195006 ], [ 74.503250631907093, 31.479257072230602 ], [ 74.503539017277632, 31.484024591041759 ], [ 74.50412319026367, 31.48487022036112 ] ] ] } },
{ "type": "Feature", "properties": { "name": "Sadawali", "label": "Sadawali", "dup_count": 1, "area_sqkm": 2.3853399175815784, "source": null, "method": "voronoi" }, "geometry": { "type": "Polygon", "coordinates": [ [ [ 74.514539709308522, 31.629262876463354 ], [ 74.527978442901613, 31.627706011536755 ], [ 74.528950578247162, 31.625212451094729 ], [ 74.513550587419061, 31.613434228681339 ], [ 74.502326264731778, 31.616422601606413 ], [ 74.508808881320618, 31.623734617902812 ], [ 74.514539709308522, 31.629262876463354 ] ] ] } },
{ "type": "Feature", "properties": { "name": "Sadhu Singh", "label": "Sadhu Singh", "dup_count": 1, "area_sqkm": 0.96276346163202764, "source": null, "method": "voronoi" }, "geometry": { "type": "Polygon", "coordinates": [ [ [ 74.498738171591711, 31.503766887951574 ], [ 74.498066454958717, 31.510669751789401 ], [ 74.514912923869446, 31.50664110293296 ], [ 74.505136550921961, 31.500691233205746 ], [ 74.498738171591711, 31.503766887951574 ] ] ] } },
{ "type": "Feature", "properties": { "name": "Wara Allahdad", "label": "Wara Allahdad", "dup_count": 1, "area_sqkm": 3.5566594650903194, "source": null, "method": "voronoi" }, "geometry": { "type": "Polygon", "coordinates": [ [ [ 74.492757609996076, 31.564006728720702 ], [ 74.513399725744009, 31.573556991106184 ], [ 74.515244972330933, 31.573570003457181 ], [ 74.519965702963859, 31.570352257745032 ], [ 74.516475126514763, 31.55815471625089 ], [ 74.506110747574695, 31.552406583968281 ], [ 74.501808178693722, 31.553885531937791 ], [ 74.492757609996076, 31.564006728720702 ] ] ] } },
{ "type": "Feature", "properties": { "name": "Phulwana", "label": "Phulwana", "dup_count": 1, "area_sqkm": 0.93853089707049642, "source": null, "method": "voronoi" }, "geometry": { "type": "Polygon", "coordinates": [ [ [ 74.501199060653761, 31.579094012103162 ], [ 74.503093829254169, 31.582412875602017 ], [ 74.51455786798293, 31.583108641621472 ], [ 74.515244972330933, 31.573570003457181 ], [ 74.513399725744009, 31.573556991106184 ], [ 74.501199060653761, 31.579094012103162 ] ] ] } },
{ "type": "Feature", "properties": { "name": "Brahmanabad", "label": "Brahmanabad", "dup_count": 1, "area_sqkm": 4.5423965159502186, "source": null, "method": "voronoi" }, "geometry": { "type": "Polygon", "coordinates": [ [ [ 74.509326588997808, 31.45562995546069 ], [ 74.540999586071749, 31.454372949608835 ], [ 74.533117682867143, 31.438230385046012 ], [ 74.532009060035193, 31.437711691120441 ], [ 74.511661056830135, 31.441718765785225 ], [ 74.507574712897053, 31.453100888971793 ], [ 74.509326588997808, 31.45562995546069 ] ] ] } },
{ "type": "Feature", "properties": { "name": "Bhatta", "label": "Bhatta", "dup_count": 1, "area_sqkm": 2.7412872514553914, "source": null, "method": "voronoi" }, "geometry": { "type": "Polygon", "coordinates": [ [ [ 74.516939456454963, 31.588721818492989 ], [ 74.521671024227672, 31.589433810441239 ], [ 74.536420100741125, 31.576427924068703 ], [ 74.535095937795489, 31.574628565400978 ], [ 74.519965702963859, 31.570352257745032 ], [ 74.515244972330933, 31.573570003457181 ], [ 74.51455786798293, 31.583108641621472 ], [ 74.516939456454963, 31.588721818492989 ] ] ] } },
{ "type": "Feature", "properties": { "name": "Nathoki", "label": "Nathoki", "dup_count": 1, "area_sqkm": 4.9835295540100182, "source": null, "method": "voronoi" }, "geometry": { "type": "Polygon", "coordinates": [ [ [ 74.506110747574695, 31.552406583968281 ], [ 74.516475126514763, 31.55815471625089 ], [ 74.542383689132492, 31.550074099778833 ], [ 74.54273099221551, 31.549726678598766 ], [ 74.536193384481692, 31.540792817829193 ], [ 74.534775767418878, 31.53961865027274 ], [ 74.510985862235643, 31.539762726895873 ], [ 74.506110747574695, 31.552406583968281 ] ] ] } },
{ "type": "Feature", "properties": { "name": "Khara Khu", "label": "Khara Khu", "dup_count": 1, "area_sqkm": 3.647110889811648, "source": null, "method": "voronoi" }, "geometry": { "type": "Polygon", "coordinates": [ [ [ 74.512084399023081, 31.633314291985005 ], [ 74.512150349967314, 31.64675882412789 ], [ 74.514200268626098, 31.649433575866212 ], [ 74.531241776546466, 31.645516639852904 ], [ 74.529971629984018, 31.630319375508058 ], [ 74.527978442901613, 31.627706011536755 ], [ 74.514539709308522, 31.629262876463354 ], [ 74.512084399023081, 31.633314291985005 ] ] ] } },
{ "type": "Feature", "properties": { "name": "Pathanwala", "label": "Pathanwala", "dup_count": 1, "area_sqkm": 1.3072881657450359, "source": null, "method": "voronoi" }, "geometry": { "type": "Polygon", "coordinates": [ [ [ 74.513550587419061, 31.613434228681339 ], [ 74.528950578247162, 31.625212451094729 ], [ 74.532155759474776, 31.620073161880484 ], [ 74.520873391894298, 31.609052738239836 ], [ 74.513550587419061, 31.613434228681339 ] ] ] } },
{ "type": "Feature", "properties": { "name": "Wara Shadi", "label": "Wara Shadi", "dup_count": 1, "area_sqkm": 3.6942990363066461, "source": null, "method": "voronoi" }, "geometry": { "type": "Polygon", "coordinates": [ [ [ 74.507412848010091, 31.429497335656631 ], [ 74.52167216401395, 31.419274449178474 ], [ 74.499744347312898, 31.408563999215765 ], [ 74.489894480137053, 31.423378979224097 ], [ 74.507412848010091, 31.429497335656631 ] ] ] } },
{ "type": "Feature", "properties": { "name": "Bhano Chak", "label": "Bhano Chak", "dup_count": 1, "area_sqkm": 7.497849780343496, "source": null, "method": "voronoi" }, "geometry": { "type": "Polygon", "coordinates": [ [ [ 74.575504237417306, 31.582434489846431 ], [ 74.564306942786075, 31.585755850698618 ], [ 74.562815865169611, 31.602187850821185 ], [ 74.578752643710942, 31.621385469166597 ], [ 74.586349487304801, 31.606435775756896 ], [ 74.592605590820426, 31.592311859130977 ], [ 74.592944086811528, 31.590686459133554 ], [ 74.575504237417306, 31.582434489846431 ] ] ] } },
{ "type": "Feature", "properties": { "name": "Nawan Pind Gujran", "label": "Nawan Pind Gujran", "dup_count": 1, "area_sqkm": 5.7744433378797844, "source": null, "method": "voronoi" }, "geometry": { "type": "Polygon", "coordinates": [ [ [ 74.510985862235643, 31.539762726895873 ], [ 74.534775767418878, 31.53961865027274 ], [ 74.53135540362014, 31.517638226628435 ], [ 74.52195206085679, 31.513540829775657 ], [ 74.505288436258454, 31.528285103459442 ], [ 74.510985862235643, 31.539762726895873 ] ] ] } },
{ "type": "Feature", "properties": { "name": "Gaga", "label": "Gaga", "dup_count": 1, "area_sqkm": 3.8802776508250587, "source": null, "method": "voronoi" }, "geometry": { "type": "Polygon", "coordinates": [ [ [ 74.511661056830135, 31.441718765785225 ], [ 74.532009060035193, 31.437711691120441 ], [ 74.526070757176171, 31.417684609517163 ], [ 74.52167216401395, 31.419274449178474 ], [ 74.507412848010091, 31.429497335656631 ], [ 74.511661056830135, 31.441718765785225 ] ] ] } },
{ "type": "Feature", "properties": { "name": "Vismian", "label": "Vismian", "dup_count": 1, "area_sqkm": 6.6805294656272975, "source": null, "method": "voronoi" }, "geometry": { "type": "Polygon", "coordinates": [ [ [ 74.510940984045277, 31.659458139731893 ], [ 74.554289221377331, 31.669496688283534 ], [ 74.558570724122049, 31.661079728312735 ], [ 74.531241776546466, 31.645516639852904 ], [ 74.514200268626098, 31.649433575866212 ], [ 74.510940984045277, 31.659458139731893 ] ] ] } },
{ "type": "Feature", "properties": { "name": "Jahman", "label": "Jahman", "dup_count": 1, "area_sqkm": 7.239434019778602, "source": null, "method": "voronoi" }, "geometry": { "type": "Polygon", "coordinates": [ [ [ 74.524729746161142, 31.363866959629348 ], [ 74.543429788960026, 31.363906831411771 ], [ 74.570912517437833, 31.343752477587344 ], [ 74.56964111328125, 31.340820312500117 ], [ 74.51177213601602, 31.3521387697653 ], [ 74.524729746161142, 31.363866959629348 ] ] ] } },
{ "type": "Feature", "properties": { "name": "Wara Hudiarian", "label": "Wara Hudiarian", "dup_count": 1, "area_sqkm": 4.4926725353359132, "source": null, "method": "voronoi" }, "geometry": { "type": "Polygon", "coordinates": [ [ [ 74.499744347312898, 31.408563999215765 ], [ 74.52167216401395, 31.419274449178474 ], [ 74.526070757176171, 31.417684609517163 ], [ 74.532055028964749, 31.411612416592646 ], [ 74.523428689254175, 31.401366429031395 ], [ 74.501521990572826, 31.39764013094906 ], [ 74.499744347312898, 31.408563999215765 ] ] ] } },
{ "type": "Feature", "properties": { "name": "Thatta Talaran", "label": "Thatta Talaran", "dup_count": 1, "area_sqkm": 6.2520359363106222, "source": null, "method": "voronoi" }, "geometry": { "type": "Polygon", "coordinates": [ [ [ 74.527978442901613, 31.627706011536755 ], [ 74.529971629984018, 31.630319375508058 ], [ 74.571655922626292, 31.635347004481901 ], [ 74.575704444164217, 31.627382729740948 ], [ 74.542301633240882, 31.614019144315403 ], [ 74.532155759474776, 31.620073161880484 ], [ 74.528950578247162, 31.625212451094729 ], [ 74.527978442901613, 31.627706011536755 ] ] ] } },
{ "type": "Feature", "properties": { "name": "Mano", "label": "Mano", "dup_count": 1, "area_sqkm": 2.0892036524341218, "source": null, "method": "voronoi" }, "geometry": { "type": "Polygon", "coordinates": [ [ [ 74.520873391894298, 31.609052738239836 ], [ 74.532155759474776, 31.620073161880484 ], [ 74.542301633240882, 31.614019144315403 ], [ 74.541590294062487, 31.610060040987836 ], [ 74.523996324367388, 31.603161766100083 ], [ 74.521865515009026, 31.604569781122901 ], [ 74.520873391894298, 31.609052738239836 ] ] ] } },
{ "type": "Feature", "properties": { "name": "Taqipur", "label": "Taqipur", "dup_count": 1, "area_sqkm": 1.6215960216134067, "source": null, "method": "voronoi" }, "geometry": { "type": "Polygon", "coordinates": [ [ [ 74.523347172546224, 31.59154963684453 ], [ 74.539927265995971, 31.588102122127843 ], [ 74.541256470200324, 31.578935262370052 ], [ 74.536420100741125, 31.576427924068703 ], [ 74.521671024227672, 31.589433810441239 ], [ 74.523347172546224, 31.59154963684453 ] ] ] } },
{ "type": "Feature", "properties": { "name": "Kohrian", "label": "Kohrian", "dup_count": 1, "area_sqkm": 4.6255429840250484, "source": null, "method": "voronoi" }, "geometry": { "type": "Polygon", "coordinates": [ [ [ 74.516429470930234, 31.487077570100727 ], [ 74.517413072509825, 31.507378226330388 ], [ 74.520548339123252, 31.509906332344563 ], [ 74.539868282925326, 31.48918736663045 ], [ 74.537648401176597, 31.479245089468829 ], [ 74.531594155064738, 31.478794437417591 ], [ 74.516429470930234, 31.487077570100727 ] ] ] } },
{ "type": "Feature", "properties": { "name": "Burj", "label": "Burj", "dup_count": 1, "area_sqkm": 3.994807597550651, "source": null, "method": "voronoi" }, "geometry": { "type": "Polygon", "coordinates": [ [ [ 74.501521990572826, 31.39764013094906 ], [ 74.523428689254175, 31.401366429031395 ], [ 74.525537036681257, 31.394742097645437 ], [ 74.514018756711536, 31.38034842313283 ], [ 74.494598367355877, 31.389527739442247 ], [ 74.501521990572826, 31.39764013094906 ] ] ] } },
{ "type": "Feature", "properties": { "name": "Thatti Kishan Kot", "label": "Thatti Kishan Kot", "dup_count": 1, "area_sqkm": 8.1159044472053399, "source": null, "method": "voronoi" }, "geometry": { "type": "Polygon", "coordinates": [ [ [ 74.529971629984018, 31.630319375508058 ], [ 74.531241776546466, 31.645516639852904 ], [ 74.558570724122049, 31.661079728312735 ], [ 74.571655922626292, 31.635347004481901 ], [ 74.529971629984018, 31.630319375508058 ] ] ] } },
{ "type": "Feature", "properties": { "name": "Chhapa", "label": "Chhapa", "dup_count": 1, "area_sqkm": 3.9548613659338452, "source": null, "method": "voronoi" }, "geometry": { "type": "Polygon", "coordinates": [ [ [ 74.535095937795489, 31.574628565400978 ], [ 74.542383689132492, 31.550074099778833 ], [ 74.516475126514763, 31.55815471625089 ], [ 74.519965702963859, 31.570352257745032 ], [ 74.535095937795489, 31.574628565400978 ] ] ] } },
{ "type": "Feature", "properties": { "name": "Chhinkowindi", "label": "Chhinkowindi", "dup_count": 1, "area_sqkm": 5.1700922872704131, "source": null, "method": "voronoi" }, "geometry": { "type": "Polygon", "coordinates": [ [ [ 74.52195206085679, 31.513540829775657 ], [ 74.53135540362014, 31.517638226628435 ], [ 74.547210160752755, 31.515075770639026 ], [ 74.547210097298304, 31.49534705977835 ], [ 74.539868282925326, 31.48918736663045 ], [ 74.520548339123252, 31.509906332344563 ], [ 74.52195206085679, 31.513540829775657 ] ] ] } },
{ "type": "Feature", "properties": { "name": "Barka Kalan", "label": "Barka Kalan", "dup_count": 1, "area_sqkm": 7.4141831893610455, "source": null, "method": "voronoi" }, "geometry": { "type": "Polygon", "coordinates": [ [ [ 74.509462226580922, 31.463796313458115 ], [ 74.531594155064738, 31.478794437417591 ], [ 74.537648401176597, 31.479245089468829 ], [ 74.544527621882509, 31.473209727616595 ], [ 74.550196495777357, 31.459427194896904 ], [ 74.540999586071749, 31.454372949608835 ], [ 74.509326588997808, 31.45562995546069 ], [ 74.509462226580922, 31.463796313458115 ] ] ] } },
{ "type": "Feature", "properties": { "name": "Gosal Dial", "label": "Gosal Dial", "dup_count": 1, "area_sqkm": 1.9862527532721292, "source": null, "method": "voronoi" }, "geometry": { "type": "Polygon", "coordinates": [ [ [ 74.523996324367388, 31.603161766100083 ], [ 74.541590294062487, 31.610060040987836 ], [ 74.544254930273382, 31.600498266211094 ], [ 74.539295457766002, 31.595716254689137 ], [ 74.526920918475895, 31.596603349176714 ], [ 74.523996324367388, 31.603161766100083 ] ] ] } },
{ "type": "Feature", "properties": { "name": "Asal Guruke", "label": "Asal Guruke", "dup_count": 1, "area_sqkm": 7.2672117917434651, "source": null, "method": "voronoi" }, "geometry": { "type": "Polygon", "coordinates": [ [ [ 74.523428689254175, 31.401366429031395 ], [ 74.532055028964749, 31.411612416592646 ], [ 74.555818933032128, 31.411266214481866 ], [ 74.556322376732155, 31.40684271508438 ], [ 74.554133141931274, 31.392115865683003 ], [ 74.536483797751643, 31.382581954925918 ], [ 74.525537036681257, 31.394742097645437 ], [ 74.523428689254175, 31.401366429031395 ] ] ] } },
{ "type": "Feature", "properties": { "name": "Bodanpura", "label": "Bodanpura", "dup_count": 1, "area_sqkm": 2.7150935455015035, "source": null, "method": "voronoi" }, "geometry": { "type": "Polygon", "coordinates": [ [ [ 74.539927265995971, 31.588102122127843 ], [ 74.539295457766002, 31.595716254689137 ], [ 74.544254930273382, 31.600498266211094 ], [ 74.548073434595125, 31.599440716090616 ], [ 74.557242352400138, 31.584351633391591 ], [ 74.548593640291855, 31.578946442623018 ], [ 74.541256470200324, 31.578935262370052 ], [ 74.539927265995971, 31.588102122127843 ] ] ] } },
{ "type": "Feature", "properties": { "name": "Manhia Kalan", "label": "Manhia Kalan", "dup_count": 1, "area_sqkm": 4.0976187288048465, "source": null, "method": "voronoi" }, "geometry": { "type": "Polygon", "coordinates": [ [ [ 74.536193384481692, 31.540792817829193 ], [ 74.558884306461877, 31.520565535164412 ], [ 74.550874345095323, 31.516274134635072 ], [ 74.547210160752755, 31.515075770639026 ], [ 74.53135540362014, 31.517638226628435 ], [ 74.534775767418878, 31.53961865027274 ], [ 74.536193384481692, 31.540792817829193 ] ] ] } },
{ "type": "Feature", "properties": { "name": "Rakh Bekunte", "label": "Rakh Bekunte", "dup_count": 1, "area_sqkm": 2.3116108991179076, "source": null, "method": "voronoi" }, "geometry": { "type": "Polygon", "coordinates": [ [ [ 74.514018756711536, 31.38034842313283 ], [ 74.525537036681257, 31.394742097645437 ], [ 74.536483797751643, 31.382581954925918 ], [ 74.535662954574889, 31.380556828855475 ], [ 74.519028043818537, 31.376248231649555 ], [ 74.51737458064558, 31.376673447475127 ], [ 74.514018756711536, 31.38034842313283 ] ] ] } },
{ "type": "Feature", "properties": { "name": "Nawan Pind Beldaran", "label": "Nawan Pind Beldaran", "dup_count": 1, "area_sqkm": 1.0045177891268036, "source": null, "method": "voronoi" }, "geometry": { "type": "Polygon", "coordinates": [ [ [ 74.526920918475895, 31.596603349176714 ], [ 74.539295457766002, 31.595716254689137 ], [ 74.539927265995971, 31.588102122127843 ], [ 74.523347172546224, 31.59154963684453 ], [ 74.526920918475895, 31.596603349176714 ] ] ] } },
{ "type": "Feature", "properties": { "name": "Khoja Faiq", "label": "Khoja Faiq", "dup_count": 1, "area_sqkm": 5.1179238004356771, "source": null, "method": "voronoi" }, "geometry": { "type": "Polygon", "coordinates": [ [ [ 74.536420100741125, 31.576427924068703 ], [ 74.541256470200324, 31.578935262370052 ], [ 74.548593640291855, 31.578946442623018 ], [ 74.558356460823646, 31.565715246584734 ], [ 74.556290092385566, 31.552896566818365 ], [ 74.552614337918413, 31.550234251791682 ], [ 74.54273099221551, 31.549726678598766 ], [ 74.542383689132492, 31.550074099778833 ], [ 74.535095937795489, 31.574628565400978 ], [ 74.536420100741125, 31.576427924068703 ] ] ] } },
{ "type": "Feature", "properties": { "name": "Nurpur", "label": "Nurpur", "dup_count": 1, "area_sqkm": 5.2829192698058058, "source": null, "method": "voronoi" }, "geometry": { "type": "Polygon", "coordinates": [ [ [ 74.540999586071749, 31.454372949608835 ], [ 74.550196495777357, 31.459427194896904 ], [ 74.551888740928376, 31.45870663524078 ], [ 74.561260782080083, 31.42420196980223 ], [ 74.533117682867143, 31.438230385046012 ], [ 74.540999586071749, 31.454372949608835 ] ] ] } },
{ "type": "Feature", "properties": { "name": "Labanwala", "label": "Labanwala", "dup_count": 1, "area_sqkm": 5.9339100437923387, "source": null, "method": "voronoi" }, "geometry": { "type": "Polygon", "coordinates": [ [ [ 74.542301633240882, 31.614019144315403 ], [ 74.575704444164217, 31.627382729740948 ], [ 74.578752643710942, 31.621385469166597 ], [ 74.562815865169611, 31.602187850821185 ], [ 74.548073434595125, 31.599440716090616 ], [ 74.544254930273382, 31.600498266211094 ], [ 74.541590294062487, 31.610060040987836 ], [ 74.542301633240882, 31.614019144315403 ] ] ] } },
{ "type": "Feature", "properties": { "name": "Jhuggian Nurpur", "label": "Jhuggian Nurpur", "dup_count": 1, "area_sqkm": 6.7177670056078727, "source": null, "method": "voronoi" }, "geometry": { "type": "Polygon", "coordinates": [ [ [ 74.526070757176171, 31.417684609517163 ], [ 74.532009060035193, 31.437711691120441 ], [ 74.533117682867143, 31.438230385046012 ], [ 74.561260782080083, 31.42420196980223 ], [ 74.561629670728834, 31.42366919229838 ], [ 74.555949773540618, 31.411393623893897 ], [ 74.555818933032128, 31.411266214481866 ], [ 74.532055028964749, 31.411612416592646 ], [ 74.526070757176171, 31.417684609517163 ] ] ] } },
{ "type": "Feature", "properties": { "name": "Dhirke", "label": "Dhirke", "dup_count": 1, "area_sqkm": 4.9926530885552767, "source": null, "method": "voronoi" }, "geometry": { "type": "Polygon", "coordinates": [ [ [ 74.547210097298304, 31.49534705977835 ], [ 74.55926379263957, 31.495721829680718 ], [ 74.568755865443194, 31.493000227967819 ], [ 74.570547860237383, 31.486428474537423 ], [ 74.544527621882509, 31.473209727616595 ], [ 74.537648401176597, 31.479245089468829 ], [ 74.539868282925326, 31.48918736663045 ], [ 74.547210097298304, 31.49534705977835 ] ] ] } },
{ "type": "Feature", "properties": { "name": "Shabhir Wakil di Haveli", "label": "Shabhir Wakil di Haveli", "dup_count": 1, "area_sqkm": 2.8768001499350779, "source": null, "method": "voronoi" }, "geometry": { "type": "Polygon", "coordinates": [ [ [ 74.535662954574889, 31.380556828855475 ], [ 74.543429788960026, 31.363906831411771 ], [ 74.524729746161142, 31.363866959629348 ], [ 74.519028043818537, 31.376248231649555 ], [ 74.535662954574889, 31.380556828855475 ] ] ] } },
{ "type": "Feature", "properties": { "name": "Haveli", "label": "Haveli", "dup_count": 1, "area_sqkm": 11.053733630026764, "source": null, "method": "voronoi" }, "geometry": { "type": "Polygon", "coordinates": [ [ [ 74.536483797751643, 31.382581954925918 ], [ 74.554133141931274, 31.392115865683003 ], [ 74.579590426237573, 31.358838516372735 ], [ 74.57212066650392, 31.346538543701175 ], [ 74.570912517437833, 31.343752477587344 ], [ 74.543429788960026, 31.363906831411771 ], [ 74.535662954574889, 31.380556828855475 ], [ 74.536483797751643, 31.382581954925918 ] ] ] } },
{ "type": "Feature", "properties": { "name": "Wahga", "label": "Wahga", "dup_count": 1, "area_sqkm": 1.9364889092296302, "source": null, "method": "voronoi" }, "geometry": { "type": "Polygon", "coordinates": [ [ [ 74.548073434595125, 31.599440716090616 ], [ 74.562815865169611, 31.602187850821185 ], [ 74.564306942786075, 31.585755850698618 ], [ 74.557242352400138, 31.584351633391591 ], [ 74.548073434595125, 31.599440716090616 ] ] ] } },
{ "type": "Feature", "properties": { "name": "Manihala", "label": "Manihala", "dup_count": 1, "area_sqkm": 5.0783968868810048, "source": null, "method": "voronoi" }, "geometry": { "type": "Polygon", "coordinates": [ [ [ 74.552614337918413, 31.550234251791682 ], [ 74.567200249088629, 31.527924992390165 ], [ 74.565918842207282, 31.522636649861354 ], [ 74.558884306461877, 31.520565535164412 ], [ 74.536193384481692, 31.540792817829193 ], [ 74.54273099221551, 31.549726678598766 ], [ 74.552614337918413, 31.550234251791682 ] ] ] } },
{ "type": "Feature", "properties": { "name": "Sohian Kalan", "label": "Sohian Kalan", "dup_count": 1, "area_sqkm": 2.0316295461407354, "source": null, "method": "voronoi" }, "geometry": { "type": "Polygon", "coordinates": [ [ [ 74.550874345095323, 31.516274134635072 ], [ 74.559010289576833, 31.503525183887586 ], [ 74.55926379263957, 31.495721829680718 ], [ 74.547210097298304, 31.49534705977835 ], [ 74.547210160752755, 31.515075770639026 ], [ 74.550874345095323, 31.516274134635072 ] ] ] } },
{ "type": "Feature", "properties": { "name": "Kerampura", "label": "Kerampura", "dup_count": 1, "area_sqkm": 6.2193655283119815, "source": null, "method": "voronoi" }, "geometry": { "type": "Polygon", "coordinates": [ [ [ 74.555818933032128, 31.411266214481866 ], [ 74.555949773540618, 31.411393623893897 ], [ 74.604507015430443, 31.399836617891122 ], [ 74.593436059877888, 31.381626096297964 ], [ 74.556322376732155, 31.40684271508438 ], [ 74.555818933032128, 31.411266214481866 ] ] ] } },
{ "type": "Feature", "properties": { "name": "Nilapur", "label": "Nilapur", "dup_count": 1, "area_sqkm": 3.5486704444523647, "source": null, "method": "voronoi" }, "geometry": { "type": "Polygon", "coordinates": [ [ [ 74.575504237417306, 31.582434489846431 ], [ 74.574172174409554, 31.573807770261165 ], [ 74.558356460823646, 31.565715246584734 ], [ 74.548593640291855, 31.578946442623018 ], [ 74.557242352400138, 31.584351633391591 ], [ 74.564306942786075, 31.585755850698618 ], [ 74.575504237417306, 31.582434489846431 ] ] ] } },
{ "type": "Feature", "properties": { "name": "Sohian Khurd", "label": "Sohian Khurd", "dup_count": 1, "area_sqkm": 3.0575891520308929, "source": null, "method": "voronoi" }, "geometry": { "type": "Polygon", "coordinates": [ [ [ 74.558884306461877, 31.520565535164412 ], [ 74.565918842207282, 31.522636649861354 ], [ 74.57817356752642, 31.512264802193837 ], [ 74.576314478858535, 31.510682464847562 ], [ 74.559010289576833, 31.503525183887586 ], [ 74.550874345095323, 31.516274134635072 ], [ 74.558884306461877, 31.520565535164412 ] ] ] } },
{ "type": "Feature", "properties": { "name": "Hudiara", "label": "Hudiara", "dup_count": 1, "area_sqkm": 9.5188005572154619, "source": null, "method": "voronoi" }, "geometry": { "type": "Polygon", "coordinates": [ [ [ 74.561260782080083, 31.42420196980223 ], [ 74.551888740928376, 31.45870663524078 ], [ 74.556658027753599, 31.459021631984758 ], [ 74.579651146705004, 31.458987002110284 ], [ 74.584471385277297, 31.455537930852437 ], [ 74.587609852079964, 31.445130432415642 ], [ 74.581049367351184, 31.430683722112327 ], [ 74.561629670728834, 31.42366919229838 ], [ 74.561260782080083, 31.42420196980223 ] ] ] } },
{ "type": "Feature", "properties": { "name": "Jhallian", "label": "Jhallian", "dup_count": 1, "area_sqkm": 3.8323327619856657, "source": null, "method": "voronoi" }, "geometry": { "type": "Polygon", "coordinates": [ [ [ 74.544527621882509, 31.473209727616595 ], [ 74.570547860237383, 31.486428474537423 ], [ 74.573318691517684, 31.484496616807416 ], [ 74.556658027753599, 31.459021631984758 ], [ 74.551888740928376, 31.45870663524078 ], [ 74.550196495777357, 31.459427194896904 ], [ 74.544527621882509, 31.473209727616595 ] ] ] } },
{ "type": "Feature", "properties": { "name": "Narwar", "label": "Narwar", "dup_count": 1, "area_sqkm": 2.5599210497166651, "source": null, "method": "voronoi" }, "geometry": { "type": "Polygon", "coordinates": [ [ [ 74.558356460823646, 31.565715246584734 ], [ 74.574172174409554, 31.573807770261165 ], [ 74.576038053222831, 31.570633067186602 ], [ 74.573086813824702, 31.561636535106832 ], [ 74.566247238288526, 31.55353595680171 ], [ 74.556290092385566, 31.552896566818365 ], [ 74.558356460823646, 31.565715246584734 ] ] ] } },
{ "type": "Feature", "properties": { "name": "Ghawind", "label": "Ghawind", "dup_count": 1, "area_sqkm": 8.715294247433949, "source": null, "method": "voronoi" }, "geometry": { "type": "Polygon", "coordinates": [ [ [ 74.554133141931274, 31.392115865683003 ], [ 74.556322376732155, 31.40684271508438 ], [ 74.593436059877888, 31.381626096297964 ], [ 74.579590426237573, 31.358838516372735 ], [ 74.554133141931274, 31.392115865683003 ] ] ] } },
{ "type": "Feature", "properties": { "name": "Karanke", "label": "Karanke", "dup_count": 1, "area_sqkm": 1.3636012795742074, "source": null, "method": "voronoi" }, "geometry": { "type": "Polygon", "coordinates": [ [ [ 74.55926379263957, 31.495721829680718 ], [ 74.559010289576833, 31.503525183887586 ], [ 74.576314478858535, 31.510682464847562 ], [ 74.5657958984375, 31.501728057861435 ], [ 74.566200256347656, 31.500839233398544 ], [ 74.573050149495202, 31.499189380141289 ], [ 74.568755865443194, 31.493000227967819 ], [ 74.55926379263957, 31.495721829680718 ] ] ] } },
{ "type": "Feature", "properties": { "name": "Padde", "label": "Padde", "dup_count": 1, "area_sqkm": 5.2520623671321012, "source": null, "method": "voronoi" }, "geometry": { "type": "Polygon", "coordinates": [ [ [ 74.552614337918413, 31.550234251791682 ], [ 74.556290092385566, 31.552896566818365 ], [ 74.566247238288526, 31.55353595680171 ], [ 74.581790014413059, 31.548890234325164 ], [ 74.585828340005676, 31.544112506492471 ], [ 74.58454142029953, 31.539389569899274 ], [ 74.567200249088629, 31.527924992390165 ], [ 74.552614337918413, 31.550234251791682 ] ] ] } },
{ "type": "Feature", "properties": { "name": "Purani Bhaini", "label": "Purani Bhaini", "dup_count": 1, "area_sqkm": 4.6609159694616125, "source": null, "method": "voronoi" }, "geometry": { "type": "Polygon", "coordinates": [ [ [ 74.565918842207282, 31.522636649861354 ], [ 74.567200249088629, 31.527924992390165 ], [ 74.58454142029953, 31.539389569899274 ], [ 74.596800733156897, 31.52811417625021 ], [ 74.57817356752642, 31.512264802193837 ], [ 74.565918842207282, 31.522636649861354 ] ] ] } },
{ "type": "Feature", "properties": { "name": "Sanke", "label": "Sanke", "dup_count": 1, "area_sqkm": 4.512398424887234, "source": null, "method": "voronoi" }, "geometry": { "type": "Polygon", "coordinates": [ [ [ 74.587553083924021, 31.563565111161029 ], [ 74.576038053222831, 31.570633067186602 ], [ 74.574172174409554, 31.573807770261165 ], [ 74.575504237417306, 31.582434489846431 ], [ 74.592944086811528, 31.590686459133554 ], [ 74.598060425226251, 31.566114323246939 ], [ 74.587553083924021, 31.563565111161029 ] ] ] } },
{ "type": "Feature", "properties": { "name": "Laliu", "label": "Laliu", "dup_count": 1, "area_sqkm": 3.2941345489891534, "source": null, "method": "voronoi" }, "geometry": { "type": "Polygon", "coordinates": [ [ [ 74.570547860237383, 31.486428474537423 ], [ 74.568755865443194, 31.493000227967819 ], [ 74.573050149495202, 31.499189380141289 ], [ 74.591686148769867, 31.494698657592782 ], [ 74.590447088358204, 31.483103804921228 ], [ 74.582048648396992, 31.479751865155944 ], [ 74.573318691517684, 31.484496616807416 ], [ 74.570547860237383, 31.486428474537423 ] ] ] } },
{ "type": "Feature", "properties": { "name": "Sadhanwali", "label": "Sadhanwali", "dup_count": 1, "area_sqkm": 0.98453636785609233, "source": null, "method": "voronoi" }, "geometry": { "type": "Polygon", "coordinates": [ [ [ 74.584722429916667, 31.558939343129364 ], [ 74.573086813824702, 31.561636535106832 ], [ 74.576038053222831, 31.570633067186602 ], [ 74.587553083924021, 31.563565111161029 ], [ 74.584722429916667, 31.558939343129364 ] ] ] } },
{ "type": "Feature", "properties": { "name": "Chhaner", "label": "Chhaner", "dup_count": 1, "area_sqkm": 2.4615933026857832, "source": null, "method": "voronoi" }, "geometry": { "type": "Polygon", "coordinates": [ [ [ 74.587553083924021, 31.563565111161029 ], [ 74.598060425226251, 31.566114323246939 ], [ 74.599881459874382, 31.557366508356775 ], [ 74.587598500294007, 31.544640282571894 ], [ 74.585828340005676, 31.544112506492471 ], [ 74.581790014413059, 31.548890234325164 ], [ 74.584722429916667, 31.558939343129364 ], [ 74.587553083924021, 31.563565111161029 ] ] ] } },
{ "type": "Feature", "properties": { "name": "Baradari", "label": "Baradari", "dup_count": 1, "area_sqkm": 1.4962105981527272, "source": null, "method": "voronoi" }, "geometry": { "type": "Polygon", "coordinates": [ [ [ 74.573086813824702, 31.561636535106832 ], [ 74.584722429916667, 31.558939343129364 ], [ 74.581790014413059, 31.548890234325164 ], [ 74.566247238288526, 31.55353595680171 ], [ 74.573086813824702, 31.561636535106832 ] ] ] } },
{ "type": "Feature", "properties": { "name": "Dhilwan", "label": "Dhilwan", "dup_count": 1, "area_sqkm": 4.1294118369067681, "source": null, "method": "voronoi" }, "geometry": { "type": "Polygon", "coordinates": [ [ [ 74.573318691517684, 31.484496616807416 ], [ 74.582048648396992, 31.479751865155944 ], [ 74.579651146705004, 31.458987002110284 ], [ 74.556658027753599, 31.459021631984758 ], [ 74.573318691517684, 31.484496616807416 ] ] ] } },
{ "type": "Feature", "properties": { "name": "Deo Sani", "label": "Deo Sani", "dup_count": 1, "area_sqkm": 5.5140248426867835, "source": null, "method": "voronoi" }, "geometry": { "type": "Polygon", "coordinates": [ [ [ 74.582048648396992, 31.479751865155944 ], [ 74.590447088358204, 31.483103804921228 ], [ 74.609363423329071, 31.479004468576129 ], [ 74.60940153082035, 31.476584552720283 ], [ 74.595256019648147, 31.46009906749579 ], [ 74.584471385277297, 31.455537930852437 ], [ 74.579651146705004, 31.458987002110284 ], [ 74.582048648396992, 31.479751865155944 ] ] ] } },
{ "type": "Feature", "properties": { "name": "Jhander", "label": "Jhander", "dup_count": 1, "area_sqkm": 1.0864866236318262, "source": null, "method": "voronoi" }, "geometry": { "type": "Polygon", "coordinates": [ [ [ 74.587598500294007, 31.544640282571894 ], [ 74.599881459874382, 31.557366508356775 ], [ 74.602740657208528, 31.543629525511296 ], [ 74.587598500294007, 31.544640282571894 ] ] ] } },
{ "type": "Feature", "properties": { "name": "Ghowindi", "label": "Ghowindi", "dup_count": 1, "area_sqkm": 9.7486594041571912, "source": null, "method": "voronoi" }, "geometry": { "type": "Polygon", "coordinates": [ [ [ 74.561629670728834, 31.42366919229838 ], [ 74.581049367351184, 31.430683722112327 ], [ 74.602702009471145, 31.416332356567633 ], [ 74.608695066915686, 31.406723098087529 ], [ 74.604507015430443, 31.399836617891122 ], [ 74.555949773540618, 31.411393623893897 ], [ 74.561629670728834, 31.42366919229838 ] ] ] } },
{ "type": "Feature", "properties": { "name": "Ghurki", "label": "Ghurki", "dup_count": 1, "area_sqkm": 2.8734459803239649, "source": null, "method": "voronoi" }, "geometry": { "type": "Polygon", "coordinates": [ [ [ 74.609363423329071, 31.479004468576129 ], [ 74.590447088358204, 31.483103804921228 ], [ 74.591686148769867, 31.494698657592782 ], [ 74.619479341940092, 31.487995649149696 ], [ 74.609363423329071, 31.479004468576129 ] ] ] } },
{ "type": "Feature", "properties": { "name": "Rakh Harvat Singh", "label": "Rakh Harvat Singh", "dup_count": 1, "area_sqkm": 2.8771798709280128, "source": null, "method": "voronoi" }, "geometry": { "type": "Polygon", "coordinates": [ [ [ 74.602702009471145, 31.416332356567633 ], [ 74.607096279490662, 31.42642123903299 ], [ 74.614217439260202, 31.435723583102636 ], [ 74.622981963406502, 31.430205316155959 ], [ 74.608695066915686, 31.406723098087529 ], [ 74.602702009471145, 31.416332356567633 ] ] ] } },
{ "type": "Feature", "properties": { "name": "Qila Jiwan Singh", "label": "Qila Jiwan Singh", "dup_count": 1, "area_sqkm": 2.266955805779526, "source": null, "method": "voronoi" }, "geometry": { "type": "Polygon", "coordinates": [ [ [ 74.585828340005676, 31.544112506492471 ], [ 74.587598500294007, 31.544640282571894 ], [ 74.602740657208528, 31.543629525511296 ], [ 74.604347229003906, 31.535909652710071 ], [ 74.603851318359432, 31.534111022949215 ], [ 74.596800733156897, 31.52811417625021 ], [ 74.58454142029953, 31.539389569899274 ], [ 74.585828340005676, 31.544112506492471 ] ] ] } },
{ "type": "Feature", "properties": { "name": "Rampur Kalan", "label": "Rampur Kalan", "dup_count": 1, "area_sqkm": 4.5744771538162752, "source": null, "method": "voronoi" }, "geometry": { "type": "Polygon", "coordinates": [ [ [ 74.602702009471145, 31.416332356567633 ], [ 74.581049367351184, 31.430683722112327 ], [ 74.587609852079964, 31.445130432415642 ], [ 74.598701242011316, 31.443555450915451 ], [ 74.607096279490662, 31.42642123903299 ], [ 74.602702009471145, 31.416332356567633 ] ] ] } },
{ "type": "Feature", "properties": { "name": "Uppal", "label": "Uppal", "dup_count": 1, "area_sqkm": 4.9389435470636061, "source": null, "method": "voronoi" }, "geometry": { "type": "Polygon", "coordinates": [ [ [ 74.584471385277297, 31.455537930852437 ], [ 74.595256019648147, 31.46009906749579 ], [ 74.625827378805127, 31.453584801825208 ], [ 74.613366718672438, 31.44368733639778 ], [ 74.598701242011316, 31.443555450915451 ], [ 74.587609852079964, 31.445130432415642 ], [ 74.584471385277297, 31.455537930852437 ] ] ] } },
{ "type": "Feature", "properties": { "name": "Ghanika", "label": "Ghanika", "dup_count": 1, "area_sqkm": 3.2496426017786835, "source": null, "method": "voronoi" }, "geometry": { "type": "Polygon", "coordinates": [ [ [ 74.60940153082035, 31.476584552720283 ], [ 74.626391821147422, 31.453817295921887 ], [ 74.625827378805127, 31.453584801825208 ], [ 74.595256019648147, 31.46009906749579 ], [ 74.60940153082035, 31.476584552720283 ] ] ] } },
{ "type": "Feature", "properties": { "name": "Padhana", "label": "Padhana", "dup_count": 1, "area_sqkm": 6.7793820539570397, "source": null, "method": "voronoi" }, "geometry": { "type": "Polygon", "coordinates": [ [ [ 74.626391821147422, 31.453817295921887 ], [ 74.60940153082035, 31.476584552720283 ], [ 74.609363423329071, 31.479004468576129 ], [ 74.619479341940092, 31.487995649149696 ], [ 74.623947143554631, 31.486917495727599 ], [ 74.626457214355469, 31.486690521240178 ], [ 74.640724182128849, 31.463689804077145 ], [ 74.642066955566349, 31.461549758911193 ], [ 74.63715607101426, 31.453486939343076 ], [ 74.626391821147422, 31.453817295921887 ] ] ] } },
{ "type": "Feature", "properties": { "name": "Rampur Khurd", "label": "Rampur Khurd", "dup_count": 1, "area_sqkm": 1.6811240506243981, "source": null, "method": "voronoi" }, "geometry": { "type": "Polygon", "coordinates": [ [ [ 74.614217439260202, 31.435723583102636 ], [ 74.607096279490662, 31.42642123903299 ], [ 74.598701242011316, 31.443555450915451 ], [ 74.613366718672438, 31.44368733639778 ], [ 74.614217439260202, 31.435723583102636 ] ] ] } },
{ "type": "Feature", "properties": { "name": "Pathanke", "label": "Pathanke", "dup_count": 1, "area_sqkm": 3.1609248014298452, "source": null, "method": "voronoi" }, "geometry": { "type": "Polygon", "coordinates": [ [ [ 74.614217439260202, 31.435723583102636 ], [ 74.613366718672438, 31.44368733639778 ], [ 74.625827378805127, 31.453584801825208 ], [ 74.626391821147422, 31.453817295921887 ], [ 74.63715607101426, 31.453486939343076 ], [ 74.622981963406502, 31.430205316155959 ], [ 74.614217439260202, 31.435723583102636 ] ] ] } }
]
}
